;UF;COD. UF;COD. MUNIC;NOME DO MUNICÍPIO;"População Município 2010
(Sinopse)";População 2010 (Alterações de Limites até 2022)1;População Censo 2022;diferença
0;RO;11.0;15.0;Alta Floresta D'Oeste;24392.0;24392.0;21494.0;-2898.0
1;RO;11.0;23.0;Ariquemes;90353.0;90353.0;96833.0;6480.0
2;RO;11.0;31.0;Cabixi;6313.0;6313.0;5351.0;-962.0
3;RO;11.0;49.0;Cacoal;78574.0;78574.0;86887.0;8313.0
4;RO;11.0;56.0;Cerejeiras;17029.0;17029.0;15890.0;-1139.0
5;RO;11.0;64.0;Colorado do Oeste;18591.0;18591.0;15663.0;-2928.0
6;RO;11.0;72.0;Corumbiara;8783.0;8783.0;7519.0;-1264.0
7;RO;11.0;80.0;Costa Marques;13678.0;13678.0;12627.0;-1051.0
8;RO;11.0;98.0;Espigão D'Oeste;28729.0;28729.0;29414.0;685.0
9;RO;11.0;106.0;Guajará-Mirim;41656.0;41656.0;39387.0;-2269.0
10;RO;11.0;114.0;Jaru;52005.0;52005.0;50591.0;-1414.0
11;RO;11.0;122.0;Ji-Paraná;116610.0;116610.0;124333.0;7723.0
12;RO;11.0;130.0;Machadinho D'Oeste;31135.0;31135.0;30707.0;-428.0
13;RO;11.0;148.0;Nova Brasilândia D'Oeste;19874.0;19874.0;15679.0;-4195.0
14;RO;11.0;155.0;Ouro Preto do Oeste;37928.0;37928.0;35044.0;-2884.0
15;RO;11.0;189.0;Pimenta Bueno;33822.0;33822.0;35079.0;1257.0
16;RO;11.0;205.0;Porto Velho;428527.0;428527.0;460434.0;31907.0
17;RO;11.0;254.0;Presidente Médici;22319.0;22319.0;19327.0;-2992.0
18;RO;11.0;262.0;Rio Crespo;3316.0;3316.0;3471.0;155.0
19;RO;11.0;288.0;Rolim de Moura;50648.0;50648.0;56406.0;5758.0
20;RO;11.0;296.0;Santa Luzia D'Oeste;8886.0;8886.0;7419.0;-1467.0
21;RO;11.0;304.0;Vilhena;76202.0;76202.0;95832.0;19630.0
22;RO;11.0;320.0;São Miguel do Guaporé;21828.0;21828.0;21635.0;-193.0
23;RO;11.0;338.0;Nova Mamoré;22546.0;22546.0;25444.0;2898.0
24;RO;11.0;346.0;Alvorada D'Oeste;16853.0;16853.0;13117.0;-3736.0
25;RO;11.0;379.0;Alto Alegre dos Parecis;12816.0;12816.0;11479.0;-1337.0
26;RO;11.0;403.0;Alto Paraíso;17135.0;17135.0;16320.0;-815.0
27;RO;11.0;452.0;Buritis;32383.0;32383.0;27992.0;-4391.0
28;RO;11.0;502.0;Novo Horizonte do Oeste;10240.0;10240.0;7667.0;-2573.0
29;RO;11.0;601.0;Cacaulândia;5736.0;5736.0;4150.0;-1586.0
30;RO;11.0;700.0;Campo Novo de Rondônia;12665.0;12665.0;8844.0;-3821.0
31;RO;11.0;809.0;Candeias do Jamari;19779.0;19779.0;22310.0;2531.0
32;RO;11.0;908.0;Castanheiras;3575.0;3575.0;3233.0;-342.0
33;RO;11.0;924.0;Chupinguaia;8301.0;8301.0;9324.0;1023.0
34;RO;11.0;940.0;Cujubim;15854.0;15854.0;14863.0;-991.0
35;RO;11.0;1005.0;Governador Jorge Teixeira;10512.0;10512.0;8001.0;-2511.0
36;RO;11.0;1104.0;Itapuã do Oeste;8566.0;8566.0;8548.0;-18.0
37;RO;11.0;1203.0;Ministro Andreazza;10352.0;10352.0;6466.0;-3886.0
38;RO;11.0;1302.0;Mirante da Serra;11878.0;11878.0;9235.0;-2643.0
39;RO;11.0;1401.0;Monte Negro;14091.0;14091.0;11548.0;-2543.0
40;RO;11.0;1435.0;Nova União;7493.0;7493.0;6200.0;-1293.0
41;RO;11.0;1450.0;Parecis;4810.0;4810.0;4125.0;-685.0
42;RO;11.0;1468.0;Pimenteiras do Oeste;2315.0;2315.0;2156.0;-159.0
43;RO;11.0;1476.0;Primavera de Rondônia;3524.0;3524.0;3076.0;-448.0
44;RO;11.0;1484.0;São Felipe D'Oeste;6018.0;6018.0;5258.0;-760.0
45;RO;11.0;1492.0;São Francisco do Guaporé;16035.0;16035.0;16286.0;251.0
46;RO;11.0;1500.0;Seringueiras;11629.0;11629.0;11171.0;-458.0
47;RO;11.0;1559.0;Teixeirópolis;4888.0;4888.0;4256.0;-632.0
48;RO;11.0;1609.0;Theobroma;10649.0;10649.0;8113.0;-2536.0
49;RO;11.0;1708.0;Urupá;12974.0;12974.0;10725.0;-2249.0
50;RO;11.0;1757.0;Vale do Anari;9384.0;9384.0;7788.0;-1596.0
51;RO;11.0;1807.0;Vale do Paraíso;8210.0;8210.0;6479.0;-1731.0
52;AC;12.0;13.0;Acrelândia;12538.0;12538.0;14021.0;1483.0
53;AC;12.0;54.0;Assis Brasil;6072.0;6072.0;8100.0;2028.0
54;AC;12.0;104.0;Brasiléia;21398.0;21398.0;26000.0;4602.0
55;AC;12.0;138.0;Bujari;8471.0;8471.0;12917.0;4446.0
56;AC;12.0;179.0;Capixaba;8798.0;8798.0;10392.0;1594.0
57;AC;12.0;203.0;Cruzeiro do Sul;78507.0;78507.0;91888.0;13381.0
58;AC;12.0;252.0;Epitaciolândia;15100.0;15100.0;18757.0;3657.0
59;AC;12.0;302.0;Feijó;32412.0;32412.0;35426.0;3014.0
60;AC;12.0;328.0;Jordão;6577.0;6577.0;9222.0;2645.0
61;AC;12.0;336.0;Mâncio Lima;15206.0;15206.0;19294.0;4088.0
62;AC;12.0;344.0;Manoel Urbano;7981.0;7981.0;11996.0;4015.0
63;AC;12.0;351.0;Marechal Thaumaturgo;14227.0;14227.0;17093.0;2866.0
64;AC;12.0;385.0;Plácido de Castro;17209.0;17209.0;16560.0;-649.0
65;AC;12.0;393.0;Porto Walter;9176.0;9176.0;10735.0;1559.0
66;AC;12.0;401.0;Rio Branco;336038.0;336038.0;364756.0;28718.0
67;AC;12.0;427.0;Rodrigues Alves;14389.0;14389.0;14938.0;549.0
68;AC;12.0;435.0;Santa Rosa do Purus;4691.0;4691.0;6723.0;2032.0
69;AC;12.0;450.0;Senador Guiomard;20179.0;20179.0;21454.0;1275.0
70;AC;12.0;500.0;Sena Madureira;38029.0;38029.0;41343.0;3314.0
71;AC;12.0;609.0;Tarauacá;35590.0;35590.0;43467.0;7877.0
72;AC;12.0;708.0;Xapuri;16091.0;16091.0;18243.0;2152.0
73;AC;12.0;807.0;Porto Acre;14880.0;14880.0;16693.0;1813.0
74;AM;13.0;29.0;Alvarães;14088.0;14088.0;15866.0;1778.0
75;AM;13.0;60.0;Amaturá;9467.0;9467.0;10819.0;1352.0
76;AM;13.0;86.0;Anamã;10214.0;10214.0;9962.0;-252.0
77;AM;13.0;102.0;Anori;16317.0;16317.0;17194.0;877.0
78;AM;13.0;144.0;Apuí;18007.0;18007.0;20647.0;2640.0
79;AM;13.0;201.0;Atalaia do Norte;15153.0;15153.0;15314.0;161.0
80;AM;13.0;300.0;Autazes;32135.0;32135.0;41564.0;9429.0
81;AM;13.0;409.0;Barcelos;25718.0;25718.0;18834.0;-6884.0
82;AM;13.0;508.0;Barreirinha;27355.0;27355.0;31051.0;3696.0
83;AM;13.0;607.0;Benjamin Constant;33411.0;33411.0;37648.0;4237.0
84;AM;13.0;631.0;Beruri;15486.0;15486.0;20718.0;5232.0
85;AM;13.0;680.0;Boa Vista do Ramos;14979.0;14979.0;23785.0;8806.0
86;AM;13.0;706.0;Boca do Acre;30632.0;30632.0;35447.0;4815.0
87;AM;13.0;805.0;Borba;34961.0;34961.0;33080.0;-1881.0
88;AM;13.0;839.0;Caapiranga;10975.0;10975.0;13469.0;2494.0
89;AM;13.0;904.0;Canutama;12738.0;13695.0;16869.0;4131.0
90;AM;13.0;1001.0;Carauari;25774.0;25774.0;28742.0;2968.0
91;AM;13.0;1100.0;Careiro;32734.0;32734.0;30792.0;-1942.0
92;AM;13.0;1159.0;Careiro da Várzea;23930.0;23930.0;19637.0;-4293.0
93;AM;13.0;1209.0;Coari;75965.0;75965.0;70616.0;-5349.0
94;AM;13.0;1308.0;Codajás;23206.0;23206.0;23549.0;343.0
95;AM;13.0;1407.0;Eirunepé;30665.0;30665.0;33170.0;2505.0
96;AM;13.0;1506.0;Envira;16338.0;16338.0;17186.0;848.0
97;AM;13.0;1605.0;Fonte Boa;22817.0;22817.0;25871.0;3054.0
98;AM;13.0;1654.0;Guajará;13974.0;13974.0;13815.0;-159.0
99;AM;13.0;1704.0;Humaitá;44227.0;44227.0;57473.0;13246.0
100;AM;13.0;1803.0;Ipixuna;22254.0;22254.0;24311.0;2057.0
101;AM;13.0;1852.0;Iranduba;40781.0;40781.0;61163.0;20382.0
102;AM;13.0;1902.0;Itacoatiara;86839.0;86839.0;103598.0;16759.0
103;AM;13.0;1951.0;Itamarati;8038.0;8038.0;10937.0;2899.0
104;AM;13.0;2009.0;Itapiranga;8211.0;8211.0;10162.0;1951.0
105;AM;13.0;2108.0;Japurá;7326.0;7326.0;8858.0;1532.0
106;AM;13.0;2207.0;Juruá;10802.0;10802.0;10742.0;-60.0
107;AM;13.0;2306.0;Jutaí;17992.0;17992.0;25172.0;7180.0
108;AM;13.0;2405.0;Lábrea;37701.0;37701.0;45448.0;7747.0
109;AM;13.0;2504.0;Manacapuru;85141.0;85141.0;101883.0;16742.0
110;AM;13.0;2553.0;Manaquiri;22801.0;22801.0;17107.0;-5694.0
111;AM;13.0;2603.0;Manaus;1802014.0;1802014.0;2063689.0;261675.0
112;AM;13.0;2702.0;Manicoré;47017.0;47017.0;53914.0;6897.0
113;AM;13.0;2801.0;Maraã;17528.0;17528.0;15529.0;-1999.0
114;AM;13.0;2900.0;Maués;52236.0;52236.0;61204.0;8968.0
115;AM;13.0;3007.0;Nhamundá;18278.0;18278.0;20136.0;1858.0
116;AM;13.0;3106.0;Nova Olinda do Norte;30696.0;30696.0;27062.0;-3634.0
117;AM;13.0;3205.0;Novo Airão;14723.0;14723.0;15761.0;1038.0
118;AM;13.0;3304.0;Novo Aripuanã;21451.0;21451.0;23818.0;2367.0
119;AM;13.0;3403.0;Parintins;102033.0;102033.0;96372.0;-5661.0
120;AM;13.0;3502.0;Pauini;18166.0;18166.0;19373.0;1207.0
121;AM;13.0;3536.0;Presidente Figueiredo;27175.0;27175.0;30668.0;3493.0
122;AM;13.0;3569.0;Rio Preto da Eva;25719.0;25719.0;24936.0;-783.0
123;AM;13.0;3601.0;Santa Isabel do Rio Negro;18146.0;18146.0;14164.0;-3982.0
124;AM;13.0;3700.0;Santo Antônio do Içá;24481.0;24481.0;28211.0;3730.0
125;AM;13.0;3809.0;São Gabriel da Cachoeira;37896.0;37896.0;51795.0;13899.0
126;AM;13.0;3908.0;São Paulo de Olivença;31422.0;31422.0;32967.0;1545.0
127;AM;13.0;3957.0;São Sebastião do Uatumã;10705.0;10705.0;11670.0;965.0
128;AM;13.0;4005.0;Silves;8444.0;8444.0;11559.0;3115.0
129;AM;13.0;4062.0;Tabatinga;52272.0;52272.0;66764.0;14492.0
130;AM;13.0;4104.0;Tapauá;19077.0;18120.0;19599.0;522.0
131;AM;13.0;4203.0;Tefé;61453.0;61453.0;73669.0;12216.0
132;AM;13.0;4237.0;Tonantins;17079.0;17079.0;19247.0;2168.0
133;AM;13.0;4260.0;Uarini;11891.0;11891.0;14431.0;2540.0
134;AM;13.0;4302.0;Urucará;17094.0;17094.0;18631.0;1537.0
135;AM;13.0;4401.0;Urucurituba;17837.0;17837.0;23945.0;6108.0
136;RR;14.0;27.0;Amajari;9327.0;9327.0;13927.0;4600.0
137;RR;14.0;50.0;Alto Alegre;16448.0;16448.0;21096.0;4648.0
138;RR;14.0;100.0;Boa Vista;284313.0;284313.0;413486.0;129173.0
139;RR;14.0;159.0;Bonfim;10943.0;10943.0;13923.0;2980.0
140;RR;14.0;175.0;Cantá;13902.0;13902.0;18682.0;4780.0
141;RR;14.0;209.0;Caracaraí;18398.0;18398.0;20957.0;2559.0
142;RR;14.0;233.0;Caroebe;8114.0;8114.0;10656.0;2542.0
143;RR;14.0;282.0;Iracema;8696.0;8696.0;10023.0;1327.0
144;RR;14.0;308.0;Mucajaí;14792.0;14792.0;18095.0;3303.0
145;RR;14.0;407.0;Normandia;8940.0;8940.0;13986.0;5046.0
146;RR;14.0;456.0;Pacaraima;10433.0;10433.0;19305.0;8872.0
147;RR;14.0;472.0;Rorainópolis;24279.0;24279.0;32647.0;8368.0
148;RR;14.0;506.0;São João da Baliza;6769.0;6769.0;8858.0;2089.0
149;RR;14.0;605.0;São Luiz;6750.0;6750.0;7315.0;565.0
150;RR;14.0;704.0;Uiramutã;8375.0;8375.0;13751.0;5376.0
151;PA;15.0;107.0;Abaetetuba;141100.0;141100.0;158188.0;17088.0
152;PA;15.0;131.0;Abel Figueiredo;6780.0;6780.0;6136.0;-644.0
153;PA;15.0;206.0;Acará;53569.0;53569.0;59023.0;5454.0
154;PA;15.0;305.0;Afuá;35042.0;35042.0;37765.0;2723.0
155;PA;15.0;347.0;Água Azul do Norte;25057.0;25057.0;18080.0;-6977.0
156;PA;15.0;404.0;Alenquer;52626.0;52626.0;69377.0;16751.0
157;PA;15.0;503.0;Almeirim;33614.0;33614.0;34280.0;666.0
158;PA;15.0;602.0;Altamira;99075.0;99075.0;126279.0;27204.0
159;PA;15.0;701.0;Anajás;24759.0;24759.0;28011.0;3252.0
160;PA;15.0;800.0;Ananindeua;471980.0;471980.0;478778.0;6798.0
161;PA;15.0;859.0;Anapu;20543.0;20543.0;31850.0;11307.0
162;PA;15.0;909.0;Augusto Corrêa;40497.0;40497.0;44573.0;4076.0
163;PA;15.0;958.0;Aurora do Pará;26546.0;26546.0;23774.0;-2772.0
164;PA;15.0;1006.0;Aveiro;15849.0;15849.0;18290.0;2441.0
165;PA;15.0;1105.0;Bagre;23864.0;23864.0;31892.0;8028.0
166;PA;15.0;1204.0;Baião;36882.0;36882.0;51641.0;14759.0
167;PA;15.0;1253.0;Bannach;3431.0;3431.0;4031.0;600.0
168;PA;15.0;1303.0;Barcarena;99859.0;99859.0;126650.0;26791.0
169;PA;15.0;1402.0;Belém;1393399.0;1393399.0;1303403.0;-89996.0
170;PA;15.0;1451.0;Belterra;16318.0;16318.0;18099.0;1781.0
171;PA;15.0;1501.0;Benevides;51651.0;51651.0;63567.0;11916.0
172;PA;15.0;1576.0;Bom Jesus do Tocantins;15298.0;15298.0;18005.0;2707.0
173;PA;15.0;1600.0;Bonito;13630.0;13630.0;12622.0;-1008.0
174;PA;15.0;1709.0;Bragança;113227.0;113227.0;123082.0;9855.0
175;PA;15.0;1725.0;Brasil Novo;15690.0;15690.0;24718.0;9028.0
176;PA;15.0;1758.0;Brejo Grande do Araguaia;7317.0;7317.0;6783.0;-534.0
177;PA;15.0;1782.0;Breu Branco;52493.0;52493.0;45712.0;-6781.0
178;PA;15.0;1808.0;Breves;92860.0;92860.0;106968.0;14108.0
179;PA;15.0;1907.0;Bujaru;25695.0;25695.0;24383.0;-1312.0
180;PA;15.0;1956.0;Cachoeira do Piriá;26484.0;26484.0;19630.0;-6854.0
181;PA;15.0;2004.0;Cachoeira do Arari;20443.0;20443.0;23981.0;3538.0
182;PA;15.0;2103.0;Cametá;120896.0;120896.0;134184.0;13288.0
183;PA;15.0;2152.0;Canaã dos Carajás;26716.0;26716.0;77079.0;50363.0
184;PA;15.0;2202.0;Capanema;63639.0;63639.0;70394.0;6755.0
185;PA;15.0;2301.0;Capitão Poço;51893.0;51893.0;56506.0;4613.0
186;PA;15.0;2400.0;Castanhal;173149.0;173149.0;192256.0;19107.0
187;PA;15.0;2509.0;Chaves;21005.0;21005.0;20757.0;-248.0
188;PA;15.0;2608.0;Colares;11381.0;11381.0;12868.0;1487.0
189;PA;15.0;2707.0;Conceição do Araguaia;45557.0;45557.0;44617.0;-940.0
190;PA;15.0;2756.0;Concórdia do Pará;28216.0;28216.0;26881.0;-1335.0
191;PA;15.0;2764.0;Cumaru do Norte;10466.0;10466.0;14036.0;3570.0
192;PA;15.0;2772.0;Curionópolis;18288.0;18288.0;19950.0;1662.0
193;PA;15.0;2806.0;Curralinho;28549.0;28549.0;33903.0;5354.0
194;PA;15.0;2855.0;Curuá;12254.0;12254.0;14117.0;1863.0
195;PA;15.0;2905.0;Curuçá;34294.0;34294.0;41262.0;6968.0
196;PA;15.0;2939.0;Dom Eliseu;51319.0;51319.0;58484.0;7165.0
197;PA;15.0;2954.0;Eldorado do Carajás;31786.0;31786.0;28192.0;-3594.0
198;PA;15.0;3002.0;Faro;8177.0;8177.0;8728.0;551.0
199;PA;15.0;3044.0;Floresta do Araguaia;17768.0;17768.0;17898.0;130.0
200;PA;15.0;3077.0;Garrafão do Norte;25034.0;25034.0;24703.0;-331.0
201;PA;15.0;3093.0;Goianésia do Pará;30436.0;33864.0;26362.0;-4074.0
202;PA;15.0;3101.0;Gurupá;29062.0;29062.0;31786.0;2724.0
203;PA;15.0;3200.0;Igarapé-Açu;35887.0;35887.0;35797.0;-90.0
204;PA;15.0;3309.0;Igarapé-Miri;58077.0;58077.0;64831.0;6754.0
205;PA;15.0;3408.0;Inhangapi;10037.0;10037.0;10325.0;288.0
206;PA;15.0;3457.0;Ipixuna do Pará;51309.0;47881.0;30329.0;-20980.0
207;PA;15.0;3507.0;Irituia;31364.0;31364.0;30955.0;-409.0
208;PA;15.0;3606.0;Itaituba;97493.0;97493.0;123314.0;25821.0
209;PA;15.0;3705.0;Itupiranga;51220.0;51220.0;49754.0;-1466.0
210;PA;15.0;3754.0;Jacareacanga;14103.0;14103.0;24042.0;9939.0
211;PA;15.0;3804.0;Jacundá;51360.0;51360.0;37707.0;-13653.0
212;PA;15.0;3903.0;Juruti;47086.0;47086.0;50881.0;3795.0
213;PA;15.0;4000.0;Limoeiro do Ajuru;25021.0;25021.0;29569.0;4548.0
214;PA;15.0;4059.0;Mãe do Rio;27904.0;27904.0;34353.0;6449.0
215;PA;15.0;4109.0;Magalhães Barata;8115.0;8115.0;8115.0;0.0
216;PA;15.0;4208.0;Marabá;233669.0;233669.0;266533.0;32864.0
217;PA;15.0;4307.0;Maracanã;28376.0;28376.0;25971.0;-2405.0
218;PA;15.0;4406.0;Marapanim;26605.0;26605.0;26573.0;-32.0
219;PA;15.0;4422.0;Marituba;108246.0;108246.0;111785.0;3539.0
220;PA;15.0;4455.0;Medicilândia;27328.0;27328.0;27094.0;-234.0
221;PA;15.0;4505.0;Melgaço;24808.0;24808.0;27881.0;3073.0
222;PA;15.0;4604.0;Mocajuba;26731.0;26731.0;27198.0;467.0
223;PA;15.0;4703.0;Moju;70018.0;70018.0;84094.0;14076.0
224;PA;15.0;4752.0;Mojuí dos Campos;0.0;14775.0;23501.0;23501.0
225;PA;15.0;4802.0;Monte Alegre;55462.0;55462.0;60012.0;4550.0
226;PA;15.0;4901.0;Muaná;34204.0;34204.0;45368.0;11164.0
227;PA;15.0;4950.0;Nova Esperança do Piriá;20158.0;20158.0;20478.0;320.0
228;PA;15.0;4976.0;Nova Ipixuna;14645.0;14645.0;13955.0;-690.0
229;PA;15.0;5007.0;Nova Timboteua;13670.0;13670.0;12806.0;-864.0
230;PA;15.0;5031.0;Novo Progresso;25124.0;25124.0;33638.0;8514.0
231;PA;15.0;5064.0;Novo Repartimento;62050.0;62050.0;60732.0;-1318.0
232;PA;15.0;5106.0;Óbidos;49333.0;49333.0;52229.0;2896.0
233;PA;15.0;5205.0;Oeiras do Pará;28595.0;28595.0;33844.0;5249.0
234;PA;15.0;5304.0;Oriximiná;62794.0;62794.0;68294.0;5500.0
235;PA;15.0;5403.0;Ourém;16311.0;16311.0;17855.0;1544.0
236;PA;15.0;5437.0;Ourilândia do Norte;27359.0;27359.0;32467.0;5108.0
237;PA;15.0;5486.0;Pacajá;39979.0;39979.0;41097.0;1118.0
238;PA;15.0;5494.0;Palestina do Pará;7475.0;7475.0;6885.0;-590.0
239;PA;15.0;5502.0;Paragominas;97819.0;97819.0;105550.0;7731.0
240;PA;15.0;5536.0;Parauapebas;153908.0;153908.0;267836.0;113928.0
241;PA;15.0;5551.0;Pau D'Arco;6033.0;6033.0;6931.0;898.0
242;PA;15.0;5601.0;Peixe-Boi;7854.0;7854.0;8285.0;431.0
243;PA;15.0;5635.0;Piçarra;12697.0;12697.0;12832.0;135.0
244;PA;15.0;5650.0;Placas;23934.0;23934.0;18668.0;-5266.0
245;PA;15.0;5700.0;Ponta de Pedras;25999.0;25999.0;24984.0;-1015.0
246;PA;15.0;5809.0;Portel;52172.0;52172.0;62503.0;10331.0
247;PA;15.0;5908.0;Porto de Moz;33956.0;33956.0;40597.0;6641.0
248;PA;15.0;6005.0;Prainha;29349.0;29349.0;35577.0;6228.0
249;PA;15.0;6104.0;Primavera;10268.0;10268.0;10851.0;583.0
250;PA;15.0;6112.0;Quatipuru;12411.0;12411.0;11524.0;-887.0
251;PA;15.0;6138.0;Redenção;75556.0;75556.0;85597.0;10041.0
252;PA;15.0;6161.0;Rio Maria;17697.0;17697.0;18384.0;687.0
253;PA;15.0;6187.0;Rondon do Pará;46964.0;46964.0;53143.0;6179.0
254;PA;15.0;6195.0;Rurópolis;40087.0;40087.0;35769.0;-4318.0
255;PA;15.0;6203.0;Salinópolis;37421.0;37421.0;44772.0;7351.0
256;PA;15.0;6302.0;Salvaterra;20183.0;20183.0;24129.0;3946.0
257;PA;15.0;6351.0;Santa Bárbara do Pará;17141.0;17141.0;21087.0;3946.0
258;PA;15.0;6401.0;Santa Cruz do Arari;8155.0;8155.0;7445.0;-710.0
259;PA;15.0;6500.0;Santa Izabel do Pará;59466.0;59466.0;73019.0;13553.0
260;PA;15.0;6559.0;Santa Luzia do Pará;19424.0;19424.0;20370.0;946.0
261;PA;15.0;6583.0;Santa Maria das Barreiras;17206.0;17206.0;16548.0;-658.0
262;PA;15.0;6609.0;Santa Maria do Pará;23026.0;23026.0;24624.0;1598.0
263;PA;15.0;6708.0;Santana do Araguaia;56153.0;56153.0;32413.0;-23740.0
264;PA;15.0;6807.0;Santarém;294580.0;279805.0;331942.0;37362.0
265;PA;15.0;6906.0;Santarém Novo;6141.0;6141.0;6116.0;-25.0
266;PA;15.0;7003.0;Santo Antônio do Tauá;26674.0;26674.0;27461.0;787.0
267;PA;15.0;7102.0;São Caetano de Odivelas;16891.0;16891.0;16666.0;-225.0
268;PA;15.0;7151.0;São Domingos do Araguaia;23130.0;23130.0;21092.0;-2038.0
269;PA;15.0;7201.0;São Domingos do Capim;29846.0;29846.0;30599.0;753.0
270;PA;15.0;7300.0;São Félix do Xingu;91340.0;91340.0;65418.0;-25922.0
271;PA;15.0;7409.0;São Francisco do Pará;15060.0;15060.0;14894.0;-166.0
272;PA;15.0;7458.0;São Geraldo do Araguaia;25587.0;25587.0;24255.0;-1332.0
273;PA;15.0;7466.0;São João da Ponta;5265.0;5265.0;4430.0;-835.0
274;PA;15.0;7474.0;São João de Pirabas;20647.0;20647.0;20689.0;42.0
275;PA;15.0;7508.0;São João do Araguaia;13155.0;13155.0;13664.0;509.0
276;PA;15.0;7607.0;São Miguel do Guamá;51567.0;51567.0;52894.0;1327.0
277;PA;15.0;7706.0;São Sebastião da Boa Vista;22904.0;22904.0;25643.0;2739.0
278;PA;15.0;7755.0;Sapucaia;5047.0;5047.0;5847.0;800.0
279;PA;15.0;7805.0;Senador José Porfírio;13045.0;13045.0;22576.0;9531.0
280;PA;15.0;7904.0;Soure;23001.0;23001.0;24204.0;1203.0
281;PA;15.0;7953.0;Tailândia;79297.0;79297.0;72493.0;-6804.0
282;PA;15.0;7961.0;Terra Alta;10262.0;10262.0;10400.0;138.0
283;PA;15.0;7979.0;Terra Santa;16949.0;16949.0;18782.0;1833.0
284;PA;15.0;8001.0;Tomé-Açu;56518.0;56518.0;67585.0;11067.0
285;PA;15.0;8035.0;Tracuateua;27455.0;27455.0;28595.0;1140.0
286;PA;15.0;8050.0;Trairão;16875.0;16875.0;15242.0;-1633.0
287;PA;15.0;8084.0;Tucumã;33690.0;33690.0;39550.0;5860.0
288;PA;15.0;8100.0;Tucuruí;97128.0;97128.0;91306.0;-5822.0
289;PA;15.0;8126.0;Ulianópolis;43341.0;43341.0;37972.0;-5369.0
290;PA;15.0;8159.0;Uruará;44789.0;44789.0;43558.0;-1231.0
291;PA;15.0;8209.0;Vigia;47889.0;47889.0;50832.0;2943.0
292;PA;15.0;8308.0;Viseu;56716.0;56716.0;58692.0;1976.0
293;PA;15.0;8357.0;Vitória do Xingu;13431.0;13431.0;15607.0;2176.0
294;PA;15.0;8407.0;Xinguara;40573.0;40573.0;52893.0;12320.0
295;AP;16.0;55.0;Serra do Navio;4380.0;4380.0;4673.0;293.0
296;AP;16.0;105.0;Amapá;8069.0;8069.0;7943.0;-126.0
297;AP;16.0;154.0;Pedra Branca do Amapari;10772.0;10772.0;12847.0;2075.0
298;AP;16.0;204.0;Calçoene;9000.0;9000.0;10612.0;1612.0
299;AP;16.0;212.0;Cutias;4696.0;4696.0;4461.0;-235.0
300;AP;16.0;238.0;Ferreira Gomes;5802.0;5802.0;6666.0;864.0
301;AP;16.0;253.0;Itaubal;4265.0;4265.0;5599.0;1334.0
302;AP;16.0;279.0;Laranjal do Jari;39942.0;39942.0;35114.0;-4828.0
303;AP;16.0;303.0;Macapá;398204.0;398204.0;442933.0;44729.0
304;AP;16.0;402.0;Mazagão;17032.0;17032.0;21924.0;4892.0
305;AP;16.0;501.0;Oiapoque;20509.0;20509.0;27482.0;6973.0
306;AP;16.0;535.0;Porto Grande;16809.0;16809.0;17848.0;1039.0
307;AP;16.0;550.0;Pracuúba;3793.0;3793.0;3803.0;10.0
308;AP;16.0;600.0;Santana;101262.0;101262.0;107618.0;6356.0
309;AP;16.0;709.0;Tartarugalzinho;12563.0;12563.0;12945.0;382.0
310;AP;16.0;808.0;Vitória do Jari;12428.0;12428.0;11291.0;-1137.0
311;TO;17.0;251.0;Abreulândia;2391.0;2391.0;2576.0;185.0
312;TO;17.0;301.0;Aguiarnópolis;5162.0;5162.0;4497.0;-665.0
313;TO;17.0;350.0;Aliança do Tocantins;5671.0;5671.0;5147.0;-524.0
314;TO;17.0;400.0;Almas;7586.0;7586.0;6499.0;-1087.0
315;TO;17.0;707.0;Alvorada;8374.0;8374.0;8802.0;428.0
316;TO;17.0;1002.0;Ananás;9865.0;9865.0;10325.0;460.0
317;TO;17.0;1051.0;Angico;3175.0;3170.0;2876.0;-299.0
318;TO;17.0;1101.0;Aparecida do Rio Negro;4213.0;4213.0;4856.0;643.0
319;TO;17.0;1309.0;Aragominas;5882.0;5882.0;5290.0;-592.0
320;TO;17.0;1903.0;Araguacema;6317.0;6317.0;5927.0;-390.0
321;TO;17.0;2000.0;Araguaçu;8786.0;8786.0;8133.0;-653.0
322;TO;17.0;2109.0;Araguaína;150484.0;150484.0;171301.0;20817.0
323;TO;17.0;2158.0;Araguanã;5030.0;5030.0;4310.0;-720.0
324;TO;17.0;2208.0;Araguatins;31329.0;31329.0;31918.0;589.0
325;TO;17.0;2307.0;Arapoema;6742.0;6742.0;5550.0;-1192.0
326;TO;17.0;2406.0;Arraias;10645.0;10645.0;10287.0;-358.0
327;TO;17.0;2554.0;Augustinópolis;15950.0;15950.0;17484.0;1534.0
328;TO;17.0;2703.0;Aurora do Tocantins;3446.0;3446.0;3342.0;-104.0
329;TO;17.0;2901.0;Axixá do Tocantins;9275.0;9275.0;10262.0;987.0
330;TO;17.0;3008.0;Babaçulândia;10424.0;10424.0;7880.0;-2544.0
331;TO;17.0;3057.0;Bandeirantes do Tocantins;3122.0;3122.0;3407.0;285.0
332;TO;17.0;3073.0;Barra do Ouro;4123.0;4123.0;4476.0;353.0
333;TO;17.0;3107.0;Barrolândia;5349.0;5349.0;4846.0;-503.0
334;TO;17.0;3206.0;Bernardo Sayão;4456.0;4456.0;4229.0;-227.0
335;TO;17.0;3305.0;Bom Jesus do Tocantins;3768.0;3768.0;4038.0;270.0
336;TO;17.0;3602.0;Brasilândia do Tocantins;2064.0;2064.0;1974.0;-90.0
337;TO;17.0;3701.0;Brejinho de Nazaré;5185.0;5185.0;4725.0;-460.0
338;TO;17.0;3800.0;Buriti do Tocantins;9768.0;9768.0;10307.0;539.0
339;TO;17.0;3826.0;Cachoeirinha;2148.0;2148.0;1961.0;-187.0
340;TO;17.0;3842.0;Campos Lindos;8139.0;8139.0;8653.0;514.0
341;TO;17.0;3867.0;Cariri do Tocantins;3756.0;3756.0;4007.0;251.0
342;TO;17.0;3883.0;Carmolândia;2316.0;2316.0;2201.0;-115.0
343;TO;17.0;3891.0;Carrasco Bonito;3688.0;3688.0;3318.0;-370.0
344;TO;17.0;3909.0;Caseara;4601.0;4601.0;4847.0;246.0
345;TO;17.0;4105.0;Centenário;2566.0;2566.0;2131.0;-435.0
346;TO;17.0;4600.0;Chapada de Areia;1335.0;1335.0;1501.0;166.0
347;TO;17.0;5102.0;Chapada da Natividade;3277.0;3277.0;3117.0;-160.0
348;TO;17.0;5508.0;Colinas do Tocantins;30838.0;30838.0;34233.0;3395.0
349;TO;17.0;5557.0;Combinado;4669.0;4669.0;4756.0;87.0
350;TO;17.0;5607.0;Conceição do Tocantins;4182.0;4182.0;3887.0;-295.0
351;TO;17.0;6001.0;Couto Magalhães;5009.0;5009.0;5331.0;322.0
352;TO;17.0;6100.0;Cristalândia;7234.0;7234.0;6371.0;-863.0
353;TO;17.0;6258.0;Crixás do Tocantins;1564.0;1564.0;1470.0;-94.0
354;TO;17.0;6506.0;Darcinópolis;5273.0;5273.0;5827.0;554.0
355;TO;17.0;7009.0;Dianópolis;19112.0;19112.0;17739.0;-1373.0
356;TO;17.0;7108.0;Divinópolis do Tocantins;6363.0;6363.0;7024.0;661.0
357;TO;17.0;7207.0;Dois Irmãos do Tocantins;7161.0;7161.0;6327.0;-834.0
358;TO;17.0;7306.0;Dueré;4592.0;4592.0;4248.0;-344.0
359;TO;17.0;7405.0;Esperantina;9476.0;9476.0;7530.0;-1946.0
360;TO;17.0;7553.0;Fátima;3805.0;3805.0;3467.0;-338.0
361;TO;17.0;7652.0;Figueirópolis;5340.0;5340.0;5211.0;-129.0
362;TO;17.0;7702.0;Filadélfia;8505.0;8505.0;7712.0;-793.0
363;TO;17.0;8205.0;Formoso do Araguaia;18427.0;18427.0;18881.0;454.0
364;TO;17.0;8254.0;Tabocão;2419.0;2419.0;3455.0;1036.0
365;TO;17.0;8304.0;Goianorte;4956.0;4956.0;4738.0;-218.0
366;TO;17.0;9005.0;Goiatins;12064.0;12064.0;12433.0;369.0
367;TO;17.0;9302.0;Guaraí;23200.0;22661.0;24775.0;1575.0
368;TO;17.0;9500.0;Gurupi;76755.0;76755.0;85125.0;8370.0
369;TO;17.0;9807.0;Ipueiras;1639.0;1639.0;1590.0;-49.0
370;TO;17.0;10508.0;Itacajá;7104.0;7104.0;6819.0;-285.0
371;TO;17.0;10706.0;Itaguatins;6029.0;6029.0;5172.0;-857.0
372;TO;17.0;10904.0;Itapiratins;3532.0;3532.0;3577.0;45.0
373;TO;17.0;11100.0;Itaporã do Tocantins;2445.0;2445.0;2404.0;-41.0
374;TO;17.0;11506.0;Jaú do Tocantins;3507.0;3507.0;3334.0;-173.0
375;TO;17.0;11803.0;Juarina;2231.0;2231.0;2243.0;12.0
376;TO;17.0;11902.0;Lagoa da Confusão;10210.0;10210.0;15288.0;5078.0
377;TO;17.0;11951.0;Lagoa do Tocantins;3525.0;3525.0;3516.0;-9.0
378;TO;17.0;12009.0;Lajeado;2773.0;2773.0;3357.0;584.0
379;TO;17.0;12157.0;Lavandeira;1605.0;1605.0;1626.0;21.0
380;TO;17.0;12405.0;Lizarda;3725.0;3725.0;2999.0;-726.0
381;TO;17.0;12454.0;Luzinópolis;2622.0;2622.0;2717.0;95.0
382;TO;17.0;12504.0;Marianópolis do Tocantins;4352.0;4352.0;4615.0;263.0
383;TO;17.0;12702.0;Mateiros;2223.0;2223.0;2748.0;525.0
384;TO;17.0;12801.0;Maurilândia do Tocantins;3154.0;3154.0;3095.0;-59.0
385;TO;17.0;13205.0;Miracema do Tocantins;20684.0;20684.0;18566.0;-2118.0
386;TO;17.0;13304.0;Miranorte;12623.0;12623.0;12701.0;78.0
387;TO;17.0;13601.0;Monte do Carmo;6716.0;6716.0;5694.0;-1022.0
388;TO;17.0;13700.0;Monte Santo do Tocantins;2085.0;2085.0;2396.0;311.0
389;TO;17.0;13809.0;Palmeiras do Tocantins;5740.0;5740.0;4872.0;-868.0
390;TO;17.0;13957.0;Muricilândia;3152.0;3152.0;3367.0;215.0
391;TO;17.0;14203.0;Natividade;9000.0;9000.0;8754.0;-246.0
392;TO;17.0;14302.0;Nazaré;4386.0;4390.0;4521.0;135.0
393;TO;17.0;14880.0;Nova Olinda;10686.0;10686.0;10367.0;-319.0
394;TO;17.0;15002.0;Nova Rosalândia;3770.0;3770.0;3362.0;-408.0
395;TO;17.0;15101.0;Novo Acordo;3762.0;3762.0;3969.0;207.0
396;TO;17.0;15150.0;Novo Alegre;2286.0;2286.0;1846.0;-440.0
397;TO;17.0;15259.0;Novo Jardim;2457.0;2457.0;2230.0;-227.0
398;TO;17.0;15507.0;Oliveira de Fátima;1037.0;1037.0;1164.0;127.0
399;TO;17.0;15705.0;Palmeirante;4954.0;4954.0;4798.0;-156.0
400;TO;17.0;15754.0;Palmeirópolis;7339.0;7339.0;6975.0;-364.0
401;TO;17.0;16109.0;Paraíso do Tocantins;44417.0;44417.0;52360.0;7943.0
402;TO;17.0;16208.0;Paranã;10338.0;10338.0;10542.0;204.0
403;TO;17.0;16307.0;Pau D'Arco;4588.0;4588.0;4043.0;-545.0
404;TO;17.0;16505.0;Pedro Afonso;11539.0;11539.0;14055.0;2516.0
405;TO;17.0;16604.0;Peixe;10384.0;10384.0;9317.0;-1067.0
406;TO;17.0;16653.0;Pequizeiro;5054.0;5054.0;4921.0;-133.0
407;TO;17.0;16703.0;Colméia;8611.0;9150.0;8941.0;330.0
408;TO;17.0;17008.0;Pindorama do Tocantins;4506.0;4506.0;4478.0;-28.0
409;TO;17.0;17206.0;Piraquê;2920.0;2920.0;2282.0;-638.0
410;TO;17.0;17503.0;Pium;6694.0;6694.0;7128.0;434.0
411;TO;17.0;17800.0;Ponte Alta do Bom Jesus;4544.0;4544.0;4220.0;-324.0
412;TO;17.0;17909.0;Ponte Alta do Tocantins;7180.0;7180.0;7586.0;406.0
413;TO;17.0;18006.0;Porto Alegre do Tocantins;2796.0;2796.0;2866.0;70.0
414;TO;17.0;18204.0;Porto Nacional;49146.0;49146.0;64418.0;15272.0
415;TO;17.0;18303.0;Praia Norte;7659.0;7659.0;9044.0;1385.0
416;TO;17.0;18402.0;Presidente Kennedy;3681.0;3681.0;3047.0;-634.0
417;TO;17.0;18451.0;Pugmil;2369.0;2369.0;2193.0;-176.0
418;TO;17.0;18501.0;Recursolândia;3768.0;3768.0;3421.0;-347.0
419;TO;17.0;18550.0;Riachinho;4191.0;4191.0;3960.0;-231.0
420;TO;17.0;18659.0;Rio da Conceição;1714.0;1714.0;1768.0;54.0
421;TO;17.0;18709.0;Rio dos Bois;2570.0;2570.0;2738.0;168.0
422;TO;17.0;18758.0;Rio Sono;6254.0;6254.0;4841.0;-1413.0
423;TO;17.0;18808.0;Sampaio;3864.0;3864.0;4215.0;351.0
424;TO;17.0;18840.0;Sandolândia;3326.0;3326.0;3723.0;397.0
425;TO;17.0;18865.0;Santa Fé do Araguaia;6599.0;6599.0;7216.0;617.0
426;TO;17.0;18881.0;Santa Maria do Tocantins;2894.0;2894.0;2680.0;-214.0
427;TO;17.0;18899.0;Santa Rita do Tocantins;2128.0;2128.0;2219.0;91.0
428;TO;17.0;18907.0;Santa Rosa do Tocantins;4568.0;4568.0;4653.0;85.0
429;TO;17.0;19004.0;Santa Tereza do Tocantins;2523.0;2523.0;2781.0;258.0
430;TO;17.0;20002.0;Santa Terezinha do Tocantins;2474.0;2475.0;2406.0;-68.0
431;TO;17.0;20101.0;São Bento do Tocantins;4608.0;4608.0;5654.0;1046.0
432;TO;17.0;20150.0;São Félix do Tocantins;1437.0;1437.0;1783.0;346.0
433;TO;17.0;20200.0;São Miguel do Tocantins;10481.0;10497.0;13241.0;2760.0
434;TO;17.0;20259.0;São Salvador do Tocantins;2910.0;2910.0;2385.0;-525.0
435;TO;17.0;20309.0;São Sebastião do Tocantins;4283.0;4283.0;4100.0;-183.0
436;TO;17.0;20499.0;São Valério;4383.0;4383.0;4422.0;39.0
437;TO;17.0;20655.0;Silvanópolis;5068.0;5068.0;5108.0;40.0
438;TO;17.0;20804.0;Sítio Novo do Tocantins;9148.0;9132.0;10830.0;1682.0
439;TO;17.0;20853.0;Sucupira;1742.0;1742.0;1577.0;-165.0
440;TO;17.0;20903.0;Taguatinga;15051.0;15051.0;14011.0;-1040.0
441;TO;17.0;20937.0;Taipas do Tocantins;1945.0;1945.0;2021.0;76.0
442;TO;17.0;20978.0;Talismã;2562.0;2562.0;2456.0;-106.0
443;TO;17.0;21000.0;Palmas;228332.0;228332.0;302692.0;74360.0
444;TO;17.0;21109.0;Tocantínia;6736.0;6736.0;7459.0;723.0
445;TO;17.0;21208.0;Tocantinópolis;22619.0;22619.0;22615.0;-4.0
446;TO;17.0;21257.0;Tupirama;1574.0;1574.0;1909.0;335.0
447;TO;17.0;21307.0;Tupiratins;2097.0;2097.0;1874.0;-223.0
448;TO;17.0;22081.0;Wanderlândia;10981.0;10981.0;10522.0;-459.0
449;TO;17.0;22107.0;Xambioá;11484.0;11484.0;10517.0;-967.0
450;MA;21.0;55.0;Açailândia;104047.0;104047.0;106550.0;2503.0
451;MA;21.0;105.0;Afonso Cunha;5905.0;5905.0;6144.0;239.0
452;MA;21.0;154.0;Água Doce do Maranhão;11581.0;11581.0;12142.0;561.0
453;MA;21.0;204.0;Alcântara;21851.0;21521.0;18467.0;-3384.0
454;MA;21.0;303.0;Aldeias Altas;23952.0;23952.0;23286.0;-666.0
455;MA;21.0;402.0;Altamira do Maranhão;11063.0;7407.0;6447.0;-4616.0
456;MA;21.0;436.0;Alto Alegre do Maranhão;24599.0;25164.0;24048.0;-551.0
457;MA;21.0;477.0;Alto Alegre do Pindaré;31057.0;31052.0;25710.0;-5347.0
458;MA;21.0;501.0;Alto Parnaíba;10766.0;10766.0;11109.0;343.0
459;MA;21.0;550.0;Amapá do Maranhão;6431.0;6431.0;7170.0;739.0
460;MA;21.0;600.0;Amarante do Maranhão;37932.0;37932.0;37085.0;-847.0
461;MA;21.0;709.0;Anajatuba;25291.0;24579.0;25322.0;31.0
462;MA;21.0;808.0;Anapurus;13939.0;13939.0;13793.0;-146.0
463;MA;21.0;832.0;Apicum-Açu;14959.0;15323.0;17519.0;2560.0
464;MA;21.0;873.0;Araguanã;13973.0;13973.0;11181.0;-2792.0
465;MA;21.0;907.0;Araioses;42505.0;42505.0;39052.0;-3453.0
466;MA;21.0;956.0;Arame;31702.0;31471.0;25517.0;-6185.0
467;MA;21.0;1004.0;Arari;28488.0;28488.0;29472.0;984.0
468;MA;21.0;1103.0;Axixá;11407.0;11407.0;11790.0;383.0
469;MA;21.0;1202.0;Bacabal;100014.0;99557.0;103711.0;3697.0
470;MA;21.0;1251.0;Bacabeira;14925.0;14925.0;16966.0;2041.0
471;MA;21.0;1301.0;Bacuri;17258.0;17548.0;16290.0;-968.0
472;MA;21.0;1350.0;Bacurituba;5293.0;5293.0;5252.0;-41.0
473;MA;21.0;1400.0;Balsas;83528.0;83528.0;101767.0;18239.0
474;MA;21.0;1509.0;Barão de Grajaú;17841.0;17493.0;18984.0;1143.0
475;MA;21.0;1608.0;Barra do Corda;82830.0;82580.0;84532.0;1702.0
476;MA;21.0;1707.0;Barreirinhas;54930.0;55029.0;65589.0;10659.0
477;MA;21.0;1731.0;Belágua;6524.0;6782.0;8460.0;1936.0
478;MA;21.0;1772.0;Bela Vista do Maranhão;12049.0;10349.0;11750.0;-299.0
479;MA;21.0;1806.0;Benedito Leite;5469.0;5469.0;5469.0;0.0
480;MA;21.0;1905.0;Bequimão;20344.0;20674.0;19584.0;-760.0
481;MA;21.0;1939.0;Bernardo do Mearim;5996.0;5647.0;5840.0;-156.0
482;MA;21.0;1970.0;Boa Vista do Gurupi;7949.0;7078.0;7574.0;-375.0
483;MA;21.0;2002.0;Bom Jardim;39049.0;39049.0;33100.0;-5949.0
484;MA;21.0;2036.0;Bom Jesus das Selvas;28459.0;28459.0;28599.0;140.0
485;MA;21.0;2077.0;Bom Lugar;14818.0;14666.0;12212.0;-2606.0
486;MA;21.0;2101.0;Brejo;33359.0;33359.0;34120.0;761.0
487;MA;21.0;2150.0;Brejo de Areia;5577.0;10590.0;9218.0;3641.0
488;MA;21.0;2200.0;Buriti;27013.0;27013.0;29685.0;2672.0
489;MA;21.0;2309.0;Buriti Bravo;22899.0;22899.0;22455.0;-444.0
490;MA;21.0;2325.0;Buriticupu;65237.0;65237.0;55499.0;-9738.0
491;MA;21.0;2358.0;Buritirana;14784.0;14784.0;12918.0;-1866.0
492;MA;21.0;2374.0;Cachoeira Grande;8446.0;8446.0;9732.0;1286.0
493;MA;21.0;2408.0;Cajapió;10593.0;10593.0;10121.0;-472.0
494;MA;21.0;2507.0;Cajari;18338.0;18338.0;16412.0;-1926.0
495;MA;21.0;2556.0;Campestre do Maranhão;13369.0;13369.0;12301.0;-1068.0
496;MA;21.0;2606.0;Cândido Mendes;18505.0;18864.0;19932.0;1427.0
497;MA;21.0;2705.0;Cantanhede;20448.0;20448.0;24303.0;3855.0
498;MA;21.0;2754.0;Capinzal do Norte;10698.0;10698.0;11374.0;676.0
499;MA;21.0;2804.0;Carolina;23959.0;23818.0;24062.0;103.0
500;MA;21.0;2903.0;Carutapera;22006.0;22006.0;24238.0;2232.0
501;MA;21.0;3000.0;Caxias;155129.0;155692.0;156973.0;1844.0
502;MA;21.0;3109.0;Cedral;10297.0;10297.0;10208.0;-89.0
503;MA;21.0;3125.0;Central do Maranhão;7887.0;7887.0;7094.0;-793.0
504;MA;21.0;3158.0;Centro do Guilherme;12565.0;11273.0;12342.0;-223.0
505;MA;21.0;3174.0;Centro Novo do Maranhão;17622.0;19203.0;16267.0;-1355.0
506;MA;21.0;3208.0;Chapadinha;73350.0;73350.0;81386.0;8036.0
507;MA;21.0;3257.0;Cidelândia;13681.0;13681.0;12878.0;-803.0
508;MA;21.0;3307.0;Codó;118038.0;118038.0;114275.0;-3763.0
509;MA;21.0;3406.0;Coelho Neto;46750.0;46750.0;41658.0;-5092.0
510;MA;21.0;3505.0;Colinas;39132.0;39132.0;40316.0;1184.0
511;MA;21.0;3554.0;Conceição do Lago-Açu;14436.0;14436.0;14915.0;479.0
512;MA;21.0;3604.0;Coroatá;61725.0;61725.0;59566.0;-2159.0
513;MA;21.0;3703.0;Cururupu;32652.0;32652.0;31558.0;-1094.0
514;MA;21.0;3752.0;Davinópolis;12579.0;12579.0;14404.0;1825.0
515;MA;21.0;3802.0;Dom Pedro;22681.0;22681.0;23053.0;372.0
516;MA;21.0;3901.0;Duque Bacelar;10649.0;10649.0;10223.0;-426.0
517;MA;21.0;4008.0;Esperantinópolis;18452.0;18126.0;18311.0;-141.0
518;MA;21.0;4057.0;Estreito;35835.0;35835.0;33294.0;-2541.0
519;MA;21.0;4073.0;Feira Nova do Maranhão;8126.0;8089.0;8048.0;-78.0
520;MA;21.0;4081.0;Fernando Falcão;9241.0;9241.0;10873.0;1632.0
521;MA;21.0;4099.0;Formosa da Serra Negra;17757.0;17169.0;17719.0;-38.0
522;MA;21.0;4107.0;Fortaleza dos Nogueiras;11646.0;12234.0;12640.0;994.0
523;MA;21.0;4206.0;Fortuna;15098.0;17203.0;16976.0;1878.0
524;MA;21.0;4305.0;Godofredo Viana;10635.0;10276.0;10186.0;-449.0
525;MA;21.0;4404.0;Gonçalves Dias;17482.0;17482.0;17206.0;-276.0
526;MA;21.0;4503.0;Governador Archer;10205.0;10205.0;10231.0;26.0
527;MA;21.0;4552.0;Governador Edison Lobão;15895.0;15895.0;18411.0;2516.0
528;MA;21.0;4602.0;Governador Eugênio Barros;15991.0;13883.0;13930.0;-2061.0
529;MA;21.0;4628.0;Governador Luiz Rocha;7337.0;7340.0;7063.0;-274.0
530;MA;21.0;4651.0;Governador Newton Bello;11921.0;10245.0;10713.0;-1208.0
531;MA;21.0;4677.0;Governador Nunes Freire;25401.0;25401.0;23128.0;-2273.0
532;MA;21.0;4701.0;Graça Aranha;6140.0;6140.0;6023.0;-117.0
533;MA;21.0;4800.0;Grajaú;62093.0;62234.0;73872.0;11779.0
534;MA;21.0;4909.0;Guimarães;12081.0;12081.0;10290.0;-1791.0
535;MA;21.0;5005.0;Humberto de Campos;26189.0;26189.0;25680.0;-509.0
536;MA;21.0;5104.0;Icatu;25145.0;25145.0;24794.0;-351.0
537;MA;21.0;5153.0;Igarapé do Meio;12550.0;12550.0;13974.0;1424.0
538;MA;21.0;5203.0;Igarapé Grande;11041.0;10485.0;10231.0;-810.0
539;MA;21.0;5302.0;Imperatriz;247505.0;247505.0;273110.0;25605.0
540;MA;21.0;5351.0;Itaipava do Grajaú;14297.0;14110.0;13828.0;-469.0
541;MA;21.0;5401.0;Itapecuru Mirim;62110.0;62110.0;60440.0;-1670.0
542;MA;21.0;5427.0;Itinga do Maranhão;24863.0;24863.0;22513.0;-2350.0
543;MA;21.0;5450.0;Jatobá;8526.0;8526.0;7471.0;-1055.0
544;MA;21.0;5476.0;Jenipapo dos Vieiras;15440.0;15839.0;17076.0;1636.0
545;MA;21.0;5500.0;João Lisboa;20381.0;23900.0;24709.0;4328.0
546;MA;21.0;5609.0;Joselândia;15433.0;15561.0;14924.0;-509.0
547;MA;21.0;5658.0;Junco do Maranhão;4020.0;4891.0;5146.0;1126.0
548;MA;21.0;5708.0;Lago da Pedra;46083.0;46083.0;44403.0;-1680.0
549;MA;21.0;5807.0;Lago do Junco;10729.0;10343.0;9506.0;-1223.0
550;MA;21.0;5906.0;Lago Verde;15412.0;15412.0;14769.0;-643.0
551;MA;21.0;5922.0;Lagoa do Mato;10934.0;10887.0;10572.0;-362.0
552;MA;21.0;5948.0;Lago dos Rodrigues;7794.0;8840.0;8758.0;964.0
553;MA;21.0;5963.0;Lagoa Grande do Maranhão;10517.0;10517.0;11411.0;894.0
554;MA;21.0;5989.0;Lajeado Novo;6923.0;6923.0;7057.0;134.0
555;MA;21.0;6003.0;Lima Campos;11423.0;11423.0;11297.0;-126.0
556;MA;21.0;6102.0;Loreto;11390.0;11390.0;11597.0;207.0
557;MA;21.0;6201.0;Luís Domingues;6510.0;6510.0;7161.0;651.0
558;MA;21.0;6300.0;Magalhães de Almeida;17587.0;17587.0;13807.0;-3780.0
559;MA;21.0;6326.0;Maracaçumé;19155.0;19234.0;21149.0;1994.0
560;MA;21.0;6359.0;Marajá do Sena;8051.0;7794.0;7027.0;-1024.0
561;MA;21.0;6375.0;Maranhãozinho;14065.0;13697.0;13761.0;-304.0
562;MA;21.0;6409.0;Mata Roma;15150.0;15150.0;17090.0;1940.0
563;MA;21.0;6508.0;Matinha;21885.0;21885.0;22034.0;149.0
564;MA;21.0;6607.0;Matões;31015.0;31638.0;32174.0;1159.0
565;MA;21.0;6631.0;Matões do Norte;13794.0;13794.0;17432.0;3638.0
566;MA;21.0;6672.0;Milagres do Maranhão;8118.0;8118.0;8818.0;700.0
567;MA;21.0;6706.0;Mirador;20452.0;20452.0;21030.0;578.0
568;MA;21.0;6755.0;Miranda do Norte;24427.0;24427.0;23864.0;-563.0
569;MA;21.0;6805.0;Mirinzal;14218.0;14218.0;13978.0;-240.0
570;MA;21.0;6904.0;Monção;31738.0;30685.0;27751.0;-3987.0
571;MA;21.0;7001.0;Montes Altos;9413.0;9413.0;9106.0;-307.0
572;MA;21.0;7100.0;Morros;17783.0;17783.0;18554.0;771.0
573;MA;21.0;7209.0;Nina Rodrigues;12464.0;12464.0;14176.0;1712.0
574;MA;21.0;7258.0;Nova Colinas;4885.0;4885.0;5021.0;136.0
575;MA;21.0;7308.0;Nova Iorque;4590.0;4590.0;4320.0;-270.0
576;MA;21.0;7357.0;Nova Olinda do Maranhão;19134.0;19134.0;14314.0;-4820.0
577;MA;21.0;7407.0;Olho d'Água das Cunhãs;18601.0;18601.0;17919.0;-682.0
578;MA;21.0;7456.0;Olinda Nova do Maranhão;13181.0;13181.0;13577.0;396.0
579;MA;21.0;7506.0;Paço do Lumiar;105121.0;105695.0;145643.0;40522.0
580;MA;21.0;7605.0;Palmeirândia;18764.0;18780.0;21059.0;2295.0
581;MA;21.0;7704.0;Paraibano;20103.0;20103.0;18274.0;-1829.0
582;MA;21.0;7803.0;Parnarama;34586.0;33281.0;31250.0;-3336.0
583;MA;21.0;7902.0;Passagem Franca;17562.0;17562.0;17220.0;-342.0
584;MA;21.0;8009.0;Pastos Bons;18067.0;18067.0;18802.0;735.0
585;MA;21.0;8058.0;Paulino Neves;14519.0;14519.0;17056.0;2537.0
586;MA;21.0;8108.0;Paulo Ramos;20079.0;20383.0;20341.0;262.0
587;MA;21.0;8207.0;Pedreiras;39448.0;38777.0;37050.0;-2398.0
588;MA;21.0;8256.0;Pedro do Rosário;22732.0;22732.0;24320.0;1588.0
589;MA;21.0;8306.0;Penalva;34267.0;35320.0;32511.0;-1756.0
590;MA;21.0;8405.0;Peri Mirim;13803.0;13787.0;11108.0;-2695.0
591;MA;21.0;8454.0;Peritoró;21201.0;21201.0;20479.0;-722.0
592;MA;21.0;8504.0;Pindaré-Mirim;31152.0;31152.0;31429.0;277.0
593;MA;21.0;8603.0;Pinheiro;78162.0;78162.0;84621.0;6459.0
594;MA;21.0;8702.0;Pio XII;22016.0;22016.0;21886.0;-130.0
595;MA;21.0;8801.0;Pirapemas;17381.0;17381.0;17714.0;333.0
596;MA;21.0;8900.0;Poção de Pedras;19708.0;20034.0;17161.0;-2547.0
597;MA;21.0;9007.0;Porto Franco;21530.0;21530.0;23903.0;2373.0
598;MA;21.0;9056.0;Porto Rico do Maranhão;6030.0;6030.0;5954.0;-76.0
599;MA;21.0;9106.0;Presidente Dutra;44731.0;44731.0;45155.0;424.0
600;MA;21.0;9205.0;Presidente Juscelino;11541.0;11541.0;11356.0;-185.0
601;MA;21.0;9239.0;Presidente Médici;6374.0;6374.0;4696.0;-1678.0
602;MA;21.0;9270.0;Presidente Sarney;17165.0;17165.0;17511.0;346.0
603;MA;21.0;9304.0;Presidente Vargas;10717.0;10717.0;10549.0;-168.0
604;MA;21.0;9403.0;Primeira Cruz;13954.0;13954.0;13614.0;-340.0
605;MA;21.0;9452.0;Raposa;26327.0;26369.0;30839.0;4512.0
606;MA;21.0;9502.0;Riachão;20209.0;20387.0;22145.0;1936.0
607;MA;21.0;9551.0;Ribamar Fiquene;7318.0;7318.0;7420.0;102.0
608;MA;21.0;9601.0;Rosário;39576.0;39576.0;38475.0;-1101.0
609;MA;21.0;9700.0;Sambaíba;5487.0;5487.0;5568.0;81.0
610;MA;21.0;9759.0;Santa Filomena do Maranhão;7061.0;7133.0;6697.0;-364.0
611;MA;21.0;9809.0;Santa Helena;39110.0;38078.0;41561.0;2451.0
612;MA;21.0;9908.0;Santa Inês;77282.0;83203.0;85014.0;7732.0
613;MA;21.0;10005.0;Santa Luzia;74043.0;69184.0;57635.0;-16408.0
614;MA;21.0;10039.0;Santa Luzia do Paruá;22644.0;23676.0;24307.0;1663.0
615;MA;21.0;10104.0;Santa Quitéria do Maranhão;29191.0;24021.0;23957.0;-5234.0
616;MA;21.0;10203.0;Santa Rita;32366.0;33078.0;37035.0;4669.0
617;MA;21.0;10237.0;Santana do Maranhão;11661.0;11661.0;10567.0;-1094.0
618;MA;21.0;10278.0;Santo Amaro do Maranhão;13820.0;13820.0;13949.0;129.0
619;MA;21.0;10302.0;Santo Antônio dos Lopes;14288.0;14288.0;14304.0;16.0
620;MA;21.0;10401.0;São Benedito do Rio Preto;17799.0;17799.0;18364.0;565.0
621;MA;21.0;10500.0;São Bento;40736.0;40736.0;46395.0;5659.0
622;MA;21.0;10609.0;São Bernardo;26476.0;26476.0;26943.0;467.0
623;MA;21.0;10658.0;São Domingos do Azeitão;6983.0;6983.0;7992.0;1009.0
624;MA;21.0;10708.0;São Domingos do Maranhão;33607.0;33607.0;34034.0;427.0
625;MA;21.0;10807.0;São Félix de Balsas;4702.0;4702.0;4402.0;-300.0
626;MA;21.0;10856.0;São Francisco do Brejão;10261.0;10261.0;9051.0;-1210.0
627;MA;21.0;10906.0;São Francisco do Maranhão;12146.0;11883.0;12064.0;-82.0
628;MA;21.0;11003.0;São João Batista;19920.0;19920.0;18544.0;-1376.0
629;MA;21.0;11029.0;São João do Carú;12309.0;15668.0;12251.0;-58.0
630;MA;21.0;11052.0;São João do Paraíso;10814.0;10814.0;9904.0;-910.0
631;MA;21.0;11078.0;São João do Soter;17238.0;17238.0;16889.0;-349.0
632;MA;21.0;11102.0;São João dos Patos;24928.0;24793.0;25020.0;92.0
633;MA;21.0;11201.0;São José de Ribamar;163045.0;161937.0;244579.0;81534.0
634;MA;21.0;11250.0;São José dos Basílios;7496.0;7496.0;6957.0;-539.0
635;MA;21.0;11300.0;São Luís;1014837.0;1015329.0;1037775.0;22938.0
636;MA;21.0;11409.0;São Luís Gonzaga do Maranhão;20153.0;19645.0;17818.0;-2335.0
637;MA;21.0;11508.0;São Mateus do Maranhão;39093.0;38985.0;38829.0;-264.0
638;MA;21.0;11532.0;São Pedro da Água Branca;12028.0;12028.0;14338.0;2310.0
639;MA;21.0;11573.0;São Pedro dos Crentes;4425.0;4425.0;5783.0;1358.0
640;MA;21.0;11607.0;São Raimundo das Mangabeiras;17474.0;17474.0;18672.0;1198.0
641;MA;21.0;11631.0;São Raimundo do Doca Bezerra;6090.0;6090.0;5650.0;-440.0
642;MA;21.0;11672.0;São Roberto;5957.0;5957.0;4544.0;-1413.0
643;MA;21.0;11706.0;São Vicente Ferrer;20863.0;20863.0;19498.0;-1365.0
644;MA;21.0;11722.0;Satubinha;11990.0;11990.0;8784.0;-3206.0
645;MA;21.0;11748.0;Senador Alexandre Costa;10256.0;10256.0;10207.0;-49.0
646;MA;21.0;11763.0;Senador La Rocque;17998.0;14479.0;14700.0;-3298.0
647;MA;21.0;11789.0;Serrano do Maranhão;10286.0;9632.0;10202.0;-84.0
648;MA;21.0;11805.0;Sítio Novo;17002.0;17002.0;17074.0;72.0
649;MA;21.0;11904.0;Sucupira do Norte;10444.0;10444.0;10238.0;-206.0
650;MA;21.0;11953.0;Sucupira do Riachão;4613.0;5406.0;4985.0;372.0
651;MA;21.0;12001.0;Tasso Fragoso;7796.0;7796.0;8862.0;1066.0
652;MA;21.0;12100.0;Timbiras;27997.0;27997.0;26484.0;-1513.0
653;MA;21.0;12209.0;Timon;155460.0;155579.0;174465.0;19005.0
654;MA;21.0;12233.0;Trizidela do Vale;18953.0;20529.0;22484.0;3531.0
655;MA;21.0;12274.0;Tufilândia;5596.0;5596.0;5507.0;-89.0
656;MA;21.0;12308.0;Tuntum;39183.0;39111.0;36251.0;-2932.0
657;MA;21.0;12407.0;Turiaçu;33933.0;33933.0;37491.0;3558.0
658;MA;21.0;12456.0;Turilândia;22846.0;22846.0;31638.0;8792.0
659;MA;21.0;12506.0;Tutóia;52788.0;52788.0;53356.0;568.0
660;MA;21.0;12605.0;Urbano Santos;24573.0;29386.0;32812.0;8239.0
661;MA;21.0;12704.0;Vargem Grande;49412.0;49412.0;43261.0;-6151.0
662;MA;21.0;12803.0;Viana;49496.0;49496.0;51442.0;1946.0
663;MA;21.0;12852.0;Vila Nova dos Martírios;11258.0;11258.0;10362.0;-896.0
664;MA;21.0;12902.0;Vitória do Mearim;31217.0;31217.0;30805.0;-412.0
665;MA;21.0;13009.0;Vitorino Freire;31658.0;30897.0;30845.0;-813.0
666;MA;21.0;14007.0;Zé Doca;50173.0;48490.0;40801.0;-9372.0
667;PI;22.0;53.0;Acauã;6749.0;6749.0;6420.0;-329.0
668;PI;22.0;103.0;Agricolândia;5098.0;5098.0;4940.0;-158.0
669;PI;22.0;202.0;Água Branca;16451.0;16451.0;17573.0;1122.0
670;PI;22.0;251.0;Alagoinha do Piauí;7341.0;7341.0;6819.0;-522.0
671;PI;22.0;277.0;Alegrete do Piauí;5153.0;4771.0;4634.0;-519.0
672;PI;22.0;301.0;Alto Longá;13646.0;13646.0;13479.0;-167.0
673;PI;22.0;400.0;Altos;38822.0;38822.0;47453.0;8631.0
674;PI;22.0;459.0;Alvorada do Gurguéia;5050.0;5050.0;5322.0;272.0
675;PI;22.0;509.0;Amarante;17135.0;17135.0;17234.0;99.0
676;PI;22.0;608.0;Angical do Piauí;6672.0;6672.0;6827.0;155.0
677;PI;22.0;707.0;Anísio de Abreu;9098.0;9098.0;9407.0;309.0
678;PI;22.0;806.0;Antônio Almeida;3039.0;3039.0;3152.0;113.0
679;PI;22.0;905.0;Aroazes;5779.0;5779.0;5369.0;-410.0
680;PI;22.0;954.0;Aroeiras do Itaim;2440.0;2490.0;2690.0;250.0
681;PI;22.0;1002.0;Arraial;4688.0;4688.0;4520.0;-168.0
682;PI;22.0;1051.0;Assunção do Piauí;7503.0;7503.0;7452.0;-51.0
683;PI;22.0;1101.0;Avelino Lopes;11067.0;10681.0;10866.0;-201.0
684;PI;22.0;1150.0;Baixa Grande do Ribeiro;10516.0;10516.0;13272.0;2756.0
685;PI;22.0;1176.0;Barra D'Alcântara;3852.0;3852.0;3995.0;143.0
686;PI;22.0;1200.0;Barras;44850.0;44850.0;47938.0;3088.0
687;PI;22.0;1309.0;Barreiras do Piauí;3234.0;3234.0;3264.0;30.0
688;PI;22.0;1408.0;Barro Duro;6607.0;6919.0;6640.0;33.0
689;PI;22.0;1507.0;Batalha;25774.0;25774.0;26300.0;526.0
690;PI;22.0;1556.0;Bela Vista do Piauí;3778.0;3778.0;4091.0;313.0
691;PI;22.0;1572.0;Belém do Piauí;3284.0;3284.0;3423.0;139.0
692;PI;22.0;1606.0;Beneditinos;9911.0;10170.0;9929.0;18.0
693;PI;22.0;1705.0;Bertolínia;5319.0;5319.0;5562.0;243.0
694;PI;22.0;1739.0;Betânia do Piauí;6015.0;6015.0;6220.0;205.0
695;PI;22.0;1770.0;Boa Hora;6296.0;6296.0;6902.0;606.0
696;PI;22.0;1804.0;Bocaina;4369.0;4353.0;4078.0;-291.0
697;PI;22.0;1903.0;Bom Jesus;22629.0;22629.0;28796.0;6167.0
698;PI;22.0;1919.0;Bom Princípio do Piauí;5304.0;5304.0;5636.0;332.0
699;PI;22.0;1929.0;Bonfim do Piauí;5393.0;5393.0;5913.0;520.0
700;PI;22.0;1945.0;Boqueirão do Piauí;6193.0;6083.0;6545.0;352.0
701;PI;22.0;1960.0;Brasileira;7966.0;7966.0;8436.0;470.0
702;PI;22.0;1988.0;Brejo do Piauí;3850.0;4030.0;3904.0;54.0
703;PI;22.0;2000.0;Buriti dos Lopes;19074.0;19074.0;19654.0;580.0
704;PI;22.0;2026.0;Buriti dos Montes;7974.0;7866.0;7434.0;-540.0
705;PI;22.0;2059.0;Cabeceiras do Piauí;9928.0;9928.0;10212.0;284.0
706;PI;22.0;2075.0;Cajazeiras do Piauí;3343.0;3343.0;3108.0;-235.0
707;PI;22.0;2083.0;Cajueiro da Praia;7163.0;7163.0;7957.0;794.0
708;PI;22.0;2091.0;Caldeirão Grande do Piauí;5671.0;5592.0;5503.0;-168.0
709;PI;22.0;2109.0;Campinas do Piauí;5408.0;5408.0;4938.0;-470.0
710;PI;22.0;2117.0;Campo Alegre do Fidalgo;4693.0;4693.0;4616.0;-77.0
711;PI;22.0;2133.0;Campo Grande do Piauí;5592.0;5592.0;6020.0;428.0
712;PI;22.0;2174.0;Campo Largo do Piauí;6803.0;6803.0;7419.0;616.0
713;PI;22.0;2208.0;Campo Maior;45177.0;45177.0;45793.0;616.0
714;PI;22.0;2251.0;Canavieira;3921.0;3921.0;3414.0;-507.0
715;PI;22.0;2307.0;Canto do Buriti;20020.0;20020.0;19365.0;-655.0
716;PI;22.0;2406.0;Capitão de Campos;10953.0;10894.0;11100.0;147.0
717;PI;22.0;2455.0;Capitão Gervásio Oliveira;3878.0;3878.0;3974.0;96.0
718;PI;22.0;2505.0;Caracol;10212.0;10212.0;10318.0;106.0
719;PI;22.0;2539.0;Caraúbas do Piauí;5525.0;5525.0;5630.0;105.0
720;PI;22.0;2554.0;Caridade do Piauí;4826.0;4783.0;5033.0;207.0
721;PI;22.0;2604.0;Castelo do Piauí;18336.0;19262.0;19288.0;952.0
722;PI;22.0;2653.0;Caxingó;5039.0;5039.0;5496.0;457.0
723;PI;22.0;2703.0;Cocal;26036.0;26591.0;28212.0;2176.0
724;PI;22.0;2711.0;Cocal de Telha;4525.0;4694.0;4911.0;386.0
725;PI;22.0;2729.0;Cocal dos Alves;5572.0;5885.0;6386.0;814.0
726;PI;22.0;2737.0;Coivaras;3811.0;3811.0;4117.0;306.0
727;PI;22.0;2752.0;Colônia do Gurguéia;6036.0;6036.0;6150.0;114.0
728;PI;22.0;2778.0;Colônia do Piauí;7433.0;7433.0;6994.0;-439.0
729;PI;22.0;2802.0;Conceição do Canindé;4475.0;4650.0;4932.0;457.0
730;PI;22.0;2851.0;Coronel José Dias;4541.0;4541.0;4250.0;-291.0
731;PI;22.0;2901.0;Corrente;25407.0;25407.0;27278.0;1871.0
732;PI;22.0;3008.0;Cristalândia do Piauí;7831.0;7831.0;7356.0;-475.0
733;PI;22.0;3107.0;Cristino Castro;9981.0;9981.0;10503.0;522.0
734;PI;22.0;3206.0;Curimatá;10761.0;10768.0;11270.0;509.0
735;PI;22.0;3230.0;Currais;4704.0;4704.0;4854.0;150.0
736;PI;22.0;3255.0;Curralinhos;4183.0;4183.0;4413.0;230.0
737;PI;22.0;3271.0;Curral Novo do Piauí;4869.0;4984.0;5073.0;204.0
738;PI;22.0;3305.0;Demerval Lobão;13278.0;13278.0;16352.0;3074.0
739;PI;22.0;3354.0;Dirceu Arcoverde;6675.0;6675.0;7054.0;379.0
740;PI;22.0;3404.0;Dom Expedito Lopes;6569.0;6569.0;6320.0;-249.0
741;PI;22.0;3420.0;Domingos Mourão;4264.0;4264.0;4075.0;-189.0
742;PI;22.0;3453.0;Dom Inocêncio;9245.0;9245.0;9159.0;-86.0
743;PI;22.0;3503.0;Elesbão Veloso;14512.0;14512.0;13607.0;-905.0
744;PI;22.0;3602.0;Eliseu Martins;4665.0;4665.0;4377.0;-288.0
745;PI;22.0;3701.0;Esperantina;37767.0;37767.0;40970.0;3203.0
746;PI;22.0;3750.0;Fartura do Piauí;5074.0;5074.0;5284.0;210.0
747;PI;22.0;3800.0;Flores do Piauí;4366.0;4366.0;4414.0;48.0
748;PI;22.0;3859.0;Floresta do Piauí;2482.0;2482.0;2333.0;-149.0
749;PI;22.0;3909.0;Floriano;57690.0;57690.0;62036.0;4346.0
750;PI;22.0;4006.0;Francinópolis;5235.0;5235.0;4505.0;-730.0
751;PI;22.0;4105.0;Francisco Ayres;4477.0;4477.0;4412.0;-65.0
752;PI;22.0;4154.0;Francisco Macedo;2879.0;2951.0;2929.0;50.0
753;PI;22.0;4204.0;Francisco Santos;8592.0;8592.0;8237.0;-355.0
754;PI;22.0;4303.0;Fronteiras;11117.0;11042.0;10259.0;-858.0
755;PI;22.0;4352.0;Geminiano;5475.0;5148.0;5445.0;-30.0
756;PI;22.0;4402.0;Gilbués;10402.0;10402.0;10892.0;490.0
757;PI;22.0;4501.0;Guadalupe;10268.0;10268.0;10270.0;2.0
758;PI;22.0;4550.0;Guaribas;4401.0;4401.0;4276.0;-125.0
759;PI;22.0;4600.0;Hugo Napoleão;3771.0;3771.0;3518.0;-253.0
760;PI;22.0;4659.0;Ilha Grande;8914.0;8914.0;9274.0;360.0
761;PI;22.0;4709.0;Inhuma;14845.0;14845.0;14958.0;113.0
762;PI;22.0;4808.0;Ipiranga do Piauí;9327.0;9327.0;9420.0;93.0
763;PI;22.0;4907.0;Isaías Coelho;8221.0;8193.0;7774.0;-447.0
764;PI;22.0;5003.0;Itainópolis;11109.0;11059.0;10790.0;-319.0
765;PI;22.0;5102.0;Itaueira;10678.0;10678.0;10323.0;-355.0
766;PI;22.0;5151.0;Jacobina do Piauí;5722.0;5717.0;5613.0;-109.0
767;PI;22.0;5201.0;Jaicós;18035.0;18035.0;17527.0;-508.0
768;PI;22.0;5250.0;Jardim do Mulato;4309.0;4309.0;4180.0;-129.0
769;PI;22.0;5276.0;Jatobá do Piauí;4656.0;4656.0;4494.0;-162.0
770;PI;22.0;5300.0;Jerumenha;4390.0;4390.0;4497.0;107.0
771;PI;22.0;5359.0;João Costa;2960.0;2960.0;2970.0;10.0
772;PI;22.0;5409.0;Joaquim Pires;13817.0;13817.0;13886.0;69.0
773;PI;22.0;5458.0;Joca Marques;5100.0;5100.0;5394.0;294.0
774;PI;22.0;5508.0;José de Freitas;37085.0;37085.0;42559.0;5474.0
775;PI;22.0;5516.0;Juazeiro do Piauí;4757.0;5290.0;5214.0;457.0
776;PI;22.0;5524.0;Júlio Borges;5373.0;5373.0;5388.0;15.0
777;PI;22.0;5532.0;Jurema;4517.0;4517.0;4425.0;-92.0
778;PI;22.0;5540.0;Lagoinha do Piauí;2656.0;2656.0;2939.0;283.0
779;PI;22.0;5557.0;Lagoa Alegre;8008.0;8008.0;8256.0;248.0
780;PI;22.0;5565.0;Lagoa do Barro do Piauí;4523.0;4530.0;4995.0;472.0
781;PI;22.0;5573.0;Lagoa de São Francisco;6422.0;6422.0;6331.0;-91.0
782;PI;22.0;5581.0;Lagoa do Piauí;3863.0;3863.0;4810.0;947.0
783;PI;22.0;5599.0;Lagoa do Sítio;4850.0;4850.0;4520.0;-330.0
784;PI;22.0;5607.0;Landri Sales;5281.0;5281.0;5213.0;-68.0
785;PI;22.0;5706.0;Luís Correia;28406.0;28406.0;30641.0;2235.0
786;PI;22.0;5805.0;Luzilândia;24721.0;24721.0;25375.0;654.0
787;PI;22.0;5854.0;Madeiro;7816.0;7816.0;8032.0;216.0
788;PI;22.0;5904.0;Manoel Emídio;5213.0;5213.0;5209.0;-4.0
789;PI;22.0;5953.0;Marcolândia;7812.0;7819.0;8533.0;721.0
790;PI;22.0;6001.0;Marcos Parente;4456.0;4456.0;4724.0;268.0
791;PI;22.0;6050.0;Massapê do Piauí;6220.0;6222.0;5218.0;-1002.0
792;PI;22.0;6100.0;Matias Olímpio;10473.0;10473.0;10641.0;168.0
793;PI;22.0;6209.0;Miguel Alves;32289.0;32289.0;32150.0;-139.0
794;PI;22.0;6308.0;Miguel Leão;1253.0;1253.0;1318.0;65.0
795;PI;22.0;6357.0;Milton Brandão;6769.0;6504.0;6542.0;-227.0
796;PI;22.0;6407.0;Monsenhor Gil;10333.0;10324.0;10255.0;-78.0
797;PI;22.0;6506.0;Monsenhor Hipólito;7391.0;7391.0;7577.0;186.0
798;PI;22.0;6605.0;Monte Alegre do Piauí;10345.0;10345.0;10660.0;315.0
799;PI;22.0;6654.0;Morro Cabeça no Tempo;4068.0;4447.0;4377.0;309.0
800;PI;22.0;6670.0;Morro do Chapéu do Piauí;6499.0;6499.0;6425.0;-74.0
801;PI;22.0;6696.0;Murici dos Portelas;8464.0;8464.0;9797.0;1333.0
802;PI;22.0;6704.0;Nazaré do Piauí;7321.0;7321.0;6665.0;-656.0
803;PI;22.0;6720.0;Nazária;8068.0;8068.0;10262.0;2194.0
804;PI;22.0;6753.0;Nossa Senhora de Nazaré;4556.0;4556.0;5228.0;672.0
805;PI;22.0;6803.0;Nossa Senhora dos Remédios;8206.0;8206.0;8525.0;319.0
806;PI;22.0;6902.0;Novo Oriente do Piauí;6498.0;6498.0;6097.0;-401.0
807;PI;22.0;6951.0;Novo Santo Antônio;3260.0;2809.0;2827.0;-433.0
808;PI;22.0;7009.0;Oeiras;35640.0;35640.0;38161.0;2521.0
809;PI;22.0;7108.0;Olho D'Água do Piauí;2626.0;2314.0;2637.0;11.0
810;PI;22.0;7207.0;Padre Marcos;6657.0;6657.0;6382.0;-275.0
811;PI;22.0;7306.0;Paes Landim;4059.0;4059.0;4088.0;29.0
812;PI;22.0;7355.0;Pajeú do Piauí;3363.0;3183.0;3000.0;-363.0
813;PI;22.0;7405.0;Palmeira do Piauí;4993.0;4993.0;4952.0;-41.0
814;PI;22.0;7504.0;Palmeirais;13745.0;13745.0;13264.0;-481.0
815;PI;22.0;7553.0;Paquetá;4147.0;3925.0;3813.0;-334.0
816;PI;22.0;7603.0;Parnaguá;10276.0;10276.0;10103.0;-173.0
817;PI;22.0;7702.0;Parnaíba;145705.0;145705.0;162159.0;16454.0
818;PI;22.0;7751.0;Passagem Franca do Piauí;4546.0;4123.0;4135.0;-411.0
819;PI;22.0;7777.0;Patos do Piauí;6105.0;6110.0;5425.0;-680.0
820;PI;22.0;7793.0;Pau D'Arco do Piauí;3757.0;3757.0;3880.0;123.0
821;PI;22.0;7801.0;Paulistana;19785.0;19753.0;21055.0;1270.0
822;PI;22.0;7850.0;Pavussu;3663.0;3663.0;3628.0;-35.0
823;PI;22.0;7900.0;Pedro II;37496.0;37502.0;37894.0;398.0
824;PI;22.0;7934.0;Pedro Laurentino;2407.0;2407.0;2458.0;51.0
825;PI;22.0;7959.0;Nova Santa Rita;4187.0;4187.0;4076.0;-111.0
826;PI;22.0;8007.0;Picos;73414.0;74435.0;83090.0;9676.0
827;PI;22.0;8106.0;Pimenteiras;11733.0;11733.0;11341.0;-392.0
828;PI;22.0;8205.0;Pio IX;17671.0;17671.0;17613.0;-58.0
829;PI;22.0;8304.0;Piracuruca;27553.0;27339.0;28846.0;1293.0
830;PI;22.0;8403.0;Piripiri;61834.0;61834.0;65538.0;3704.0
831;PI;22.0;8502.0;Porto;11897.0;11897.0;12052.0;155.0
832;PI;22.0;8551.0;Porto Alegre do Piauí;2559.0;2559.0;2364.0;-195.0
833;PI;22.0;8601.0;Prata do Piauí;3085.0;3092.0;3042.0;-43.0
834;PI;22.0;8650.0;Queimada Nova;8553.0;8546.0;8738.0;185.0
835;PI;22.0;8700.0;Redenção do Gurguéia;8400.0;8400.0;8394.0;-6.0
836;PI;22.0;8809.0;Regeneração;17556.0;17556.0;17133.0;-423.0
837;PI;22.0;8858.0;Riacho Frio;4241.0;4241.0;4165.0;-76.0
838;PI;22.0;8874.0;Ribeira do Piauí;4263.0;4263.0;4055.0;-208.0
839;PI;22.0;8908.0;Ribeiro Gonçalves;6845.0;6845.0;6164.0;-681.0
840;PI;22.0;9005.0;Rio Grande do Piauí;6273.0;6273.0;5801.0;-472.0
841;PI;22.0;9104.0;Santa Cruz do Piauí;6027.0;6027.0;5831.0;-196.0
842;PI;22.0;9153.0;Santa Cruz dos Milagres;3794.0;3794.0;3435.0;-359.0
843;PI;22.0;9203.0;Santa Filomena;6096.0;6096.0;6087.0;-9.0
844;PI;22.0;9302.0;Santa Luz;5513.0;5513.0;5336.0;-177.0
845;PI;22.0;9351.0;Santana do Piauí;4917.0;4445.0;4125.0;-792.0
846;PI;22.0;9377.0;Santa Rosa do Piauí;5149.0;5149.0;4650.0;-499.0
847;PI;22.0;9401.0;Santo Antônio de Lisboa;6007.0;6020.0;5839.0;-168.0
848;PI;22.0;9450.0;Santo Antônio dos Milagres;2059.0;2059.0;2138.0;79.0
849;PI;22.0;9500.0;Santo Inácio do Piauí;3648.0;3654.0;3646.0;-2.0
850;PI;22.0;9559.0;São Braz do Piauí;4313.0;4313.0;4358.0;45.0
851;PI;22.0;9609.0;São Félix do Piauí;3069.0;2972.0;2842.0;-227.0
852;PI;22.0;9658.0;São Francisco de Assis do Piauí;5567.0;5402.0;5572.0;5.0
853;PI;22.0;9708.0;São Francisco do Piauí;6298.0;6298.0;5392.0;-906.0
854;PI;22.0;9757.0;São Gonçalo do Gurguéia;2825.0;2825.0;2947.0;122.0
855;PI;22.0;9807.0;São Gonçalo do Piauí;4754.0;4754.0;4837.0;83.0
856;PI;22.0;9856.0;São João da Canabrava;4445.0;4445.0;4242.0;-203.0
857;PI;22.0;9872.0;São João da Fronteira;5608.0;5691.0;5522.0;-86.0
858;PI;22.0;9906.0;São João da Serra;6157.0;6157.0;6114.0;-43.0
859;PI;22.0;9955.0;São João da Varjota;4651.0;4651.0;4383.0;-268.0
860;PI;22.0;9971.0;São João do Arraial;7336.0;7336.0;8186.0;850.0
861;PI;22.0;10003.0;São João do Piauí;19548.0;19548.0;21421.0;1873.0
862;PI;22.0;10052.0;São José do Divino;5148.0;5148.0;4841.0;-307.0
863;PI;22.0;10102.0;São José do Peixe;3700.0;3700.0;3297.0;-403.0
864;PI;22.0;10201.0;São José do Piauí;6591.0;6591.0;6597.0;6.0
865;PI;22.0;10300.0;São Julião;5675.0;6132.0;6025.0;350.0
866;PI;22.0;10359.0;São Lourenço do Piauí;4427.0;4427.0;4410.0;-17.0
867;PI;22.0;10375.0;São Luis do Piauí;2561.0;2564.0;2309.0;-252.0
868;PI;22.0;10383.0;São Miguel da Baixa Grande;2110.0;2373.0;2269.0;159.0
869;PI;22.0;10391.0;São Miguel do Fidalgo;2976.0;2976.0;2829.0;-147.0
870;PI;22.0;10409.0;São Miguel do Tapuio;18134.0;17463.0;17554.0;-580.0
871;PI;22.0;10508.0;São Pedro do Piauí;13639.0;13639.0;13755.0;116.0
872;PI;22.0;10607.0;São Raimundo Nonato;32327.0;32327.0;38934.0;6607.0
873;PI;22.0;10623.0;Sebastião Barros;3560.0;3560.0;3202.0;-358.0
874;PI;22.0;10631.0;Sebastião Leal;4116.0;4116.0;4446.0;330.0
875;PI;22.0;10656.0;Sigefredo Pacheco;9619.0;9649.0;9460.0;-159.0
876;PI;22.0;10706.0;Simões;14180.0;14138.0;14350.0;170.0
877;PI;22.0;10805.0;Simplício Mendes;12077.0;12089.0;13870.0;1793.0
878;PI;22.0;10904.0;Socorro do Piauí;4522.0;4522.0;4141.0;-381.0
879;PI;22.0;10938.0;Sussuapara;6229.0;6229.0;6220.0;-9.0
880;PI;22.0;10953.0;Tamboril do Piauí;2753.0;2753.0;2949.0;196.0
881;PI;22.0;10979.0;Tanque do Piauí;2620.0;2620.0;2316.0;-304.0
882;PI;22.0;11001.0;Teresina;814230.0;814230.0;866300.0;52070.0
883;PI;22.0;11100.0;União;42654.0;42654.0;46119.0;3465.0
884;PI;22.0;11209.0;Uruçuí;20149.0;20149.0;25203.0;5054.0
885;PI;22.0;11308.0;Valença do Piauí;20326.0;20326.0;22279.0;1953.0
886;PI;22.0;11357.0;Várzea Branca;4913.0;4913.0;5055.0;142.0
887;PI;22.0;11407.0;Várzea Grande;4336.0;4336.0;4417.0;81.0
888;PI;22.0;11506.0;Vera Mendes;2986.0;2986.0;3185.0;199.0
889;PI;22.0;11605.0;Vila Nova do Piauí;3076.0;3076.0;2935.0;-141.0
890;PI;22.0;11704.0;Wall Ferraz;4280.0;4280.0;4059.0;-221.0
891;CE;23.0;101.0;Abaiara;10496.0;10456.0;10038.0;-458.0
892;CE;23.0;150.0;Acarape;15338.0;13661.0;14027.0;-1311.0
893;CE;23.0;200.0;Acaraú;57551.0;57190.0;65264.0;7713.0
894;CE;23.0;309.0;Acopiara;51160.0;51271.0;44962.0;-6198.0
895;CE;23.0;408.0;Aiuaba;16203.0;16203.0;14076.0;-2127.0
896;CE;23.0;507.0;Alcântaras;10771.0;10877.0;11369.0;598.0
897;CE;23.0;606.0;Altaneira;6856.0;6856.0;6782.0;-74.0
898;CE;23.0;705.0;Alto Santo;16359.0;15250.0;14155.0;-2204.0
899;CE;23.0;754.0;Amontada;39232.0;39172.0;42156.0;2924.0
900;CE;23.0;804.0;Antonina do Norte;6984.0;6984.0;7245.0;261.0
901;CE;23.0;903.0;Apuiarés;13925.0;13661.0;12928.0;-997.0
902;CE;23.0;1000.0;Aquiraz;72628.0;72652.0;80645.0;8017.0
903;CE;23.0;1109.0;Aracati;69159.0;69177.0;75113.0;5954.0
904;CE;23.0;1208.0;Aracoiaba;25391.0;25338.0;25553.0;162.0
905;CE;23.0;1257.0;Ararendá;10491.0;10501.0;11096.0;605.0
906;CE;23.0;1307.0;Araripe;20685.0;20679.0;19783.0;-902.0
907;CE;23.0;1406.0;Aratuba;11529.0;12016.0;11224.0;-305.0
908;CE;23.0;1505.0;Arneiroz;7650.0;7650.0;7429.0;-221.0
909;CE;23.0;1604.0;Assaré;22445.0;22398.0;21697.0;-748.0
910;CE;23.0;1703.0;Aurora;24566.0;24566.0;23714.0;-852.0
911;CE;23.0;1802.0;Baixio;6026.0;6026.0;5704.0;-322.0
912;CE;23.0;1851.0;Banabuiú;17315.0;17302.0;17195.0;-120.0
913;CE;23.0;1901.0;Barbalha;55323.0;55523.0;75033.0;19710.0
914;CE;23.0;1950.0;Barreira;19573.0;20653.0;22392.0;2819.0
915;CE;23.0;2008.0;Barro;21514.0;21520.0;19381.0;-2133.0
916;CE;23.0;2057.0;Barroquinha;14476.0;14476.0;14567.0;91.0
917;CE;23.0;2107.0;Baturité;33321.0;33302.0;35218.0;1897.0
918;CE;23.0;2206.0;Beberibe;49311.0;49095.0;53114.0;3803.0
919;CE;23.0;2305.0;Bela Cruz;30878.0;30745.0;32775.0;1897.0
920;CE;23.0;2404.0;Boa Viagem;52498.0;52421.0;50411.0;-2087.0
921;CE;23.0;2503.0;Brejo Santo;45193.0;45189.0;51090.0;5897.0
922;CE;23.0;2602.0;Camocim;60158.0;60158.0;62326.0;2168.0
923;CE;23.0;2701.0;Campos Sales;26506.0;26478.0;25135.0;-1371.0
924;CE;23.0;2800.0;Canindé;74473.0;73228.0;74174.0;-299.0
925;CE;23.0;2909.0;Capistrano;17062.0;16963.0;17254.0;192.0
926;CE;23.0;3006.0;Caridade;20020.0;19956.0;16377.0;-3643.0
927;CE;23.0;3105.0;Cariré;18347.0;17987.0;17632.0;-715.0
928;CE;23.0;3204.0;Caririaçu;26393.0;26236.0;26320.0;-73.0
929;CE;23.0;3303.0;Cariús;18567.0;18320.0;17015.0;-1552.0
930;CE;23.0;3402.0;Carnaubal;16746.0;16537.0;17210.0;464.0
931;CE;23.0;3501.0;Cascavel;66142.0;65897.0;72720.0;6578.0
932;CE;23.0;3600.0;Catarina;18745.0;18705.0;10243.0;-8502.0
933;CE;23.0;3659.0;Catunda;9952.0;9828.0;10444.0;492.0
934;CE;23.0;3709.0;Caucaia;325441.0;319637.0;355679.0;30238.0
935;CE;23.0;3808.0;Cedro;24527.0;24792.0;22344.0;-2183.0
936;CE;23.0;3907.0;Chaval;12615.0;12615.0;12462.0;-153.0
937;CE;23.0;3931.0;Choró;12853.0;12853.0;12113.0;-740.0
938;CE;23.0;3956.0;Chorozinho;18915.0;19753.0;20163.0;1248.0
939;CE;23.0;4004.0;Coreaú;21954.0;21738.0;20953.0;-1001.0
940;CE;23.0;4103.0;Crateús;72812.0;72817.0;76390.0;3578.0
941;CE;23.0;4202.0;Crato;121428.0;121260.0;131050.0;9622.0
942;CE;23.0;4236.0;Croatá;17069.0;17066.0;17481.0;412.0
943;CE;23.0;4251.0;Cruz;22479.0;22983.0;29761.0;7282.0
944;CE;23.0;4269.0;Deputado Irapuan Pinheiro;9095.0;9097.0;8932.0;-163.0
945;CE;23.0;4277.0;Ereré;6840.0;6802.0;6474.0;-366.0
946;CE;23.0;4285.0;Eusébio;46033.0;46033.0;74170.0;28137.0
947;CE;23.0;4301.0;Farias Brito;19007.0;19617.0;18217.0;-790.0
948;CE;23.0;4350.0;Forquilha;21786.0;21614.0;24173.0;2387.0
949;CE;23.0;4400.0;Fortaleza;2452185.0;2459712.0;2428708.0;-23477.0
950;CE;23.0;4459.0;Fortim;14817.0;14791.0;17294.0;2477.0
951;CE;23.0;4509.0;Frecheirinha;12991.0;13227.0;15657.0;2666.0
952;CE;23.0;4608.0;General Sampaio;6218.0;6780.0;6734.0;516.0
953;CE;23.0;4657.0;Graça;15049.0;14042.0;13801.0;-1248.0
954;CE;23.0;4707.0;Granja;52645.0;51717.0;53344.0;699.0
955;CE;23.0;4806.0;Granjeiro;4629.0;5025.0;4841.0;212.0
956;CE;23.0;4905.0;Groaíras;10228.0;10147.0;10910.0;682.0
957;CE;23.0;4954.0;Guaiúba;24091.0;23504.0;24325.0;234.0
958;CE;23.0;5001.0;Guaraciaba do Norte;37775.0;38548.0;42053.0;4278.0
959;CE;23.0;5100.0;Guaramiranga;4164.0;5644.0;5654.0;1490.0
960;CE;23.0;5209.0;Hidrolândia;19325.0;18896.0;17855.0;-1470.0
961;CE;23.0;5233.0;Horizonte;55187.0;55187.0;74755.0;19568.0
962;CE;23.0;5266.0;Ibaretama;12922.0;12939.0;11956.0;-966.0
963;CE;23.0;5308.0;Ibiapina;23808.0;23726.0;23965.0;157.0
964;CE;23.0;5332.0;Ibicuitinga;11335.0;11335.0;11611.0;276.0
965;CE;23.0;5357.0;Icapuí;18392.0;18392.0;21433.0;3041.0
966;CE;23.0;5407.0;Icó;65456.0;65357.0;62642.0;-2814.0
967;CE;23.0;5506.0;Iguatu;96495.0;95243.0;98064.0;1569.0
968;CE;23.0;5605.0;Independência;25573.0;25573.0;24024.0;-1549.0
969;CE;23.0;5654.0;Ipaporanga;11343.0;11347.0;11575.0;232.0
970;CE;23.0;5704.0;Ipaumirim;12009.0;12009.0;12083.0;74.0
971;CE;23.0;5803.0;Ipu;40296.0;40292.0;41081.0;785.0
972;CE;23.0;5902.0;Ipueiras;37862.0;37876.0;36798.0;-1064.0
973;CE;23.0;6009.0;Iracema;13722.0;13760.0;14001.0;279.0
974;CE;23.0;6108.0;Irauçuba;22324.0;22324.0;23915.0;1591.0
975;CE;23.0;6207.0;Itaiçaba;7316.0;7316.0;7536.0;220.0
976;CE;23.0;6256.0;Itaitinga;35817.0;34102.0;64650.0;28833.0
977;CE;23.0;6306.0;Itapajé;48350.0;48070.0;46426.0;-1924.0
978;CE;23.0;6405.0;Itapipoca;116065.0;116076.0;131123.0;15058.0
979;CE;23.0;6504.0;Itapiúna;18626.0;18732.0;17841.0;-785.0
980;CE;23.0;6553.0;Itarema;37471.0;37453.0;42957.0;5486.0
981;CE;23.0;6603.0;Itatira;18894.0;19516.0;20424.0;1530.0
982;CE;23.0;6702.0;Jaguaretama;17863.0;17934.0;17232.0;-631.0
983;CE;23.0;6801.0;Jaguaribara;10399.0;10353.0;10356.0;-43.0
984;CE;23.0;6900.0;Jaguaribe;34409.0;34409.0;33726.0;-683.0
985;CE;23.0;7007.0;Jaguaruana;32236.0;31859.0;31701.0;-535.0
986;CE;23.0;7106.0;Jardim;26688.0;26574.0;27411.0;723.0
987;CE;23.0;7205.0;Jati;7660.0;7769.0;7861.0;201.0
988;CE;23.0;7254.0;Jijoca de Jericoacoara;17002.0;16958.0;25555.0;8553.0
989;CE;23.0;7304.0;Juazeiro do Norte;249939.0;250095.0;286120.0;36181.0
990;CE;23.0;7403.0;Jucás;23807.0;23807.0;23922.0;115.0
991;CE;23.0;7502.0;Lavras da Mangabeira;31090.0;31032.0;30802.0;-288.0
992;CE;23.0;7601.0;Limoeiro do Norte;56264.0;55180.0;59560.0;3296.0
993;CE;23.0;7635.0;Madalena;18088.0;17731.0;16896.0;-1192.0
994;CE;23.0;7650.0;Maracanaú;209057.0;209098.0;234509.0;25452.0
995;CE;23.0;7700.0;Maranguape;113561.0;114005.0;105093.0;-8468.0
996;CE;23.0;7809.0;Marco;24703.0;24698.0;25799.0;1096.0
997;CE;23.0;7908.0;Martinópole;10214.0;10214.0;10846.0;632.0
998;CE;23.0;8005.0;Massapê;35191.0;35190.0;37697.0;2506.0
999;CE;23.0;8104.0;Mauriti;44240.0;45132.0;45561.0;1321.0
1000;CE;23.0;8203.0;Meruoca;13693.0;13599.0;15157.0;1464.0
1001;CE;23.0;8302.0;Milagres;28316.0;27418.0;25900.0;-2416.0
1002;CE;23.0;8351.0;Milhã;13086.0;13015.0;14123.0;1037.0
1003;CE;23.0;8377.0;Miraíma;12800.0;12866.0;14196.0;1396.0
1004;CE;23.0;8401.0;Missão Velha;34274.0;33898.0;36822.0;2548.0
1005;CE;23.0;8500.0;Mombaça;42690.0;42375.0;37735.0;-4955.0
1006;CE;23.0;8609.0;Monsenhor Tabosa;16705.0;16753.0;17149.0;444.0
1007;CE;23.0;8708.0;Morada Nova;62065.0;62041.0;61443.0;-622.0
1008;CE;23.0;8807.0;Moraújo;8070.0;8050.0;8254.0;184.0
1009;CE;23.0;8906.0;Morrinhos;20700.0;20723.0;22753.0;2053.0
1010;CE;23.0;9003.0;Mucambo;14102.0;14138.0;13666.0;-436.0
1011;CE;23.0;9102.0;Mulungu;11485.0;9534.0;10569.0;-916.0
1012;CE;23.0;9201.0;Nova Olinda;14256.0;14186.0;15399.0;1143.0
1013;CE;23.0;9300.0;Nova Russas;30965.0;30947.0;30699.0;-266.0
1014;CE;23.0;9409.0;Novo Oriente;27453.0;27435.0;27545.0;92.0
1015;CE;23.0;9458.0;Ocara;24007.0;24020.0;24493.0;486.0
1016;CE;23.0;9508.0;Orós;21389.0;21389.0;19675.0;-1714.0
1017;CE;23.0;9607.0;Pacajus;61838.0;61838.0;70983.0;9145.0
1018;CE;23.0;9706.0;Pacatuba;72299.0;71581.0;81524.0;9225.0
1019;CE;23.0;9805.0;Pacoti;11607.0;11780.0;11186.0;-421.0
1020;CE;23.0;9904.0;Pacujá;5986.0;6253.0;6175.0;189.0
1021;CE;23.0;10001.0;Palhano;8866.0;8866.0;9346.0;480.0
1022;CE;23.0;10100.0;Palmácia;12005.0;11994.0;10242.0;-1763.0
1023;CE;23.0;10209.0;Paracuru;31636.0;32310.0;38980.0;7344.0
1024;CE;23.0;10258.0;Paraipaba;30041.0;29849.0;32216.0;2175.0
1025;CE;23.0;10308.0;Parambu;31309.0;31491.0;31445.0;136.0
1026;CE;23.0;10407.0;Paramoti;11308.0;11763.0;10384.0;-924.0
1027;CE;23.0;10506.0;Pedra Branca;41890.0;41933.0;40187.0;-1703.0
1028;CE;23.0;10605.0;Penaforte;8226.0;8299.0;8972.0;746.0
1029;CE;23.0;10704.0;Pentecoste;35400.0;35651.0;37813.0;2413.0
1030;CE;23.0;10803.0;Pereiro;15757.0;15757.0;15274.0;-483.0
1031;CE;23.0;10852.0;Pindoretama;18683.0;18334.0;23391.0;4708.0
1032;CE;23.0;10902.0;Piquet Carneiro;15467.0;15469.0;16616.0;1149.0
1033;CE;23.0;10951.0;Pires Ferreira;10216.0;10263.0;10606.0;390.0
1034;CE;23.0;11009.0;Poranga;12001.0;11992.0;12065.0;64.0
1035;CE;23.0;11108.0;Porteiras;15061.0;15048.0;17050.0;1989.0
1036;CE;23.0;11207.0;Potengi;10276.0;10273.0;8833.0;-1443.0
1037;CE;23.0;11231.0;Potiretama;6126.0;6126.0;5974.0;-152.0
1038;CE;23.0;11264.0;Quiterianópolis;19921.0;19921.0;20213.0;292.0
1039;CE;23.0;11306.0;Quixadá;80604.0;80608.0;84168.0;3564.0
1040;CE;23.0;11355.0;Quixelô;15000.0;16139.0;15910.0;910.0
1041;CE;23.0;11405.0;Quixeramobim;71887.0;73160.0;82177.0;10290.0
1042;CE;23.0;11504.0;Quixeré;19412.0;20401.0;20874.0;1462.0
1043;CE;23.0;11603.0;Redenção;26415.0;27622.0;27214.0;799.0
1044;CE;23.0;11702.0;Reriutaba;19455.0;19103.0;18606.0;-849.0
1045;CE;23.0;11801.0;Russas;69833.0;70408.0;72928.0;3095.0
1046;CE;23.0;11900.0;Saboeiro;15752.0;15792.0;13854.0;-1898.0
1047;CE;23.0;11959.0;Salitre;15453.0;15487.0;16633.0;1180.0
1048;CE;23.0;12007.0;Santana do Acaraú;29946.0;29972.0;30628.0;682.0
1049;CE;23.0;12106.0;Santana do Cariri;17170.0;17228.0;16954.0;-216.0
1050;CE;23.0;12205.0;Santa Quitéria;42763.0;42763.0;40183.0;-2580.0
1051;CE;23.0;12304.0;São Benedito;44178.0;44875.0;47640.0;3462.0
1052;CE;23.0;12403.0;São Gonçalo do Amarante;43890.0;43393.0;54143.0;10253.0
1053;CE;23.0;12502.0;São João do Jaguaribe;7900.0;7900.0;5855.0;-2045.0
1054;CE;23.0;12601.0;São Luís do Curu;12332.0;12347.0;10822.0;-1510.0
1055;CE;23.0;12700.0;Senador Pompeu;26469.0;25350.0;24266.0;-2203.0
1056;CE;23.0;12809.0;Senador Sá;6852.0;6852.0;7262.0;410.0
1057;CE;23.0;12908.0;Sobral;188233.0;188677.0;203023.0;14790.0
1058;CE;23.0;13005.0;Solonópole;17665.0;17665.0;18179.0;514.0
1059;CE;23.0;13104.0;Tabuleiro do Norte;29204.0;30209.0;30652.0;1448.0
1060;CE;23.0;13203.0;Tamboril;25451.0;25974.0;24815.0;-636.0
1061;CE;23.0;13252.0;Tarrafas;8910.0;8597.0;7529.0;-1381.0
1062;CE;23.0;13302.0;Tauá;55716.0;55849.0;61227.0;5511.0
1063;CE;23.0;13351.0;Tejuçuoca;16827.0;17136.0;17154.0;327.0
1064;CE;23.0;13401.0;Tianguá;68892.0;69083.0;81506.0;12614.0
1065;CE;23.0;13500.0;Trairi;51422.0;51422.0;58415.0;6993.0
1066;CE;23.0;13559.0;Tururu;14408.0;14495.0;15412.0;1004.0
1067;CE;23.0;13609.0;Ubajara;31787.0;31787.0;32767.0;980.0
1068;CE;23.0;13708.0;Umari;7545.0;7545.0;6871.0;-674.0
1069;CE;23.0;13757.0;Umirim;18802.0;18741.0;17470.0;-1332.0
1070;CE;23.0;13807.0;Uruburetama;19765.0;19703.0;20189.0;424.0
1071;CE;23.0;13906.0;Uruoca;12883.0;12883.0;13746.0;863.0
1072;CE;23.0;13955.0;Varjota;17593.0;17593.0;18105.0;512.0
1073;CE;23.0;14003.0;Várzea Alegre;38434.0;38276.0;38984.0;550.0
1074;CE;23.0;14102.0;Viçosa do Ceará;54955.0;54955.0;59712.0;4757.0
1075;RN;24.0;109.0;Acari;11035.0;11035.0;10597.0;-438.0
1076;RN;24.0;208.0;Açu;53227.0;53227.0;56496.0;3269.0
1077;RN;24.0;307.0;Afonso Bezerra;10844.0;10844.0;10839.0;-5.0
1078;RN;24.0;406.0;Água Nova;2980.0;2980.0;2946.0;-34.0
1079;RN;24.0;505.0;Alexandria;13507.0;13507.0;13640.0;133.0
1080;RN;24.0;604.0;Almino Afonso;4871.0;4871.0;4687.0;-184.0
1081;RN;24.0;703.0;Alto do Rodrigues;12305.0;12305.0;12484.0;179.0
1082;RN;24.0;802.0;Angicos;11549.0;11549.0;11632.0;83.0
1083;RN;24.0;901.0;Antônio Martins;6907.0;6907.0;6577.0;-330.0
1084;RN;24.0;1008.0;Apodi;34763.0;34763.0;36093.0;1330.0
1085;RN;24.0;1107.0;Areia Branca;25315.0;25315.0;24093.0;-1222.0
1086;RN;24.0;1206.0;Arês;12924.0;12924.0;13251.0;327.0
1087;RN;24.0;1305.0;Campo Grande;9289.0;9289.0;9730.0;441.0
1088;RN;24.0;1404.0;Baía Formosa;8573.0;8573.0;8825.0;252.0
1089;RN;24.0;1453.0;Baraúna;24182.0;24182.0;26913.0;2731.0
1090;RN;24.0;1503.0;Barcelona;3950.0;3950.0;3986.0;36.0
1091;RN;24.0;1602.0;Bento Fernandes;5113.0;5113.0;4807.0;-306.0
1092;RN;24.0;1651.0;Bodó;2425.0;2425.0;2306.0;-119.0
1093;RN;24.0;1701.0;Bom Jesus;9440.0;9440.0;9952.0;512.0
1094;RN;24.0;1800.0;Brejinho;11577.0;11577.0;12202.0;625.0
1095;RN;24.0;1859.0;Caiçara do Norte;6016.0;6295.0;6293.0;277.0
1096;RN;24.0;1909.0;Caiçara do Rio do Vento;3308.0;3308.0;3268.0;-40.0
1097;RN;24.0;2006.0;Caicó;62709.0;62709.0;61146.0;-1563.0
1098;RN;24.0;2105.0;Campo Redondo;10266.0;10266.0;10215.0;-51.0
1099;RN;24.0;2204.0;Canguaretama;30916.0;30916.0;29668.0;-1248.0
1100;RN;24.0;2303.0;Caraúbas;19576.0;19576.0;19727.0;151.0
1101;RN;24.0;2402.0;Carnaúba dos Dantas;7429.0;7429.0;7992.0;563.0
1102;RN;24.0;2501.0;Carnaubais;9762.0;9495.0;9714.0;-48.0
1103;RN;24.0;2600.0;Ceará-Mirim;68141.0;68141.0;79115.0;10974.0
1104;RN;24.0;2709.0;Cerro Corá;10916.0;10916.0;11000.0;84.0
1105;RN;24.0;2808.0;Coronel Ezequiel;5405.0;5405.0;5117.0;-288.0
1106;RN;24.0;2907.0;Coronel João Pessoa;4772.0;4772.0;4237.0;-535.0
1107;RN;24.0;3004.0;Cruzeta;7967.0;7967.0;8005.0;38.0
1108;RN;24.0;3103.0;Currais Novos;42652.0;42652.0;41313.0;-1339.0
1109;RN;24.0;3202.0;Doutor Severiano;6492.0;6956.0;7044.0;552.0
1110;RN;24.0;3251.0;Parnamirim;202456.0;202456.0;252716.0;50260.0
1111;RN;24.0;3301.0;Encanto;5231.0;5231.0;6016.0;785.0
1112;RN;24.0;3400.0;Equador;5822.0;5822.0;5360.0;-462.0
1113;RN;24.0;3509.0;Espírito Santo;10475.0;10475.0;10620.0;145.0
1114;RN;24.0;3608.0;Extremoz;24569.0;24569.0;61635.0;37066.0
1115;RN;24.0;3707.0;Felipe Guerra;5734.0;5734.0;5944.0;210.0
1116;RN;24.0;3756.0;Fernando Pedroza;2854.0;2854.0;2938.0;84.0
1117;RN;24.0;3806.0;Florânia;8959.0;9713.0;10196.0;1237.0
1118;RN;24.0;3905.0;Francisco Dantas;2874.0;2874.0;2700.0;-174.0
1119;RN;24.0;4002.0;Frutuoso Gomes;4233.0;4233.0;4122.0;-111.0
1120;RN;24.0;4101.0;Galinhos;2159.0;2159.0;2104.0;-55.0
1121;RN;24.0;4200.0;Goianinha;22481.0;22481.0;26741.0;4260.0
1122;RN;24.0;4309.0;Governador Dix-Sept Rosado;12374.0;12374.0;11938.0;-436.0
1123;RN;24.0;4408.0;Grossos;9393.0;9393.0;9924.0;531.0
1124;RN;24.0;4507.0;Guamaré;12404.0;12404.0;15295.0;2891.0
1125;RN;24.0;4606.0;Ielmo Marinho;12171.0;12171.0;11615.0;-556.0
1126;RN;24.0;4705.0;Ipanguaçu;13856.0;13856.0;14131.0;275.0
1127;RN;24.0;4804.0;Ipueira;2077.0;2077.0;2035.0;-42.0
1128;RN;24.0;4853.0;Itajá;6932.0;6932.0;7292.0;360.0
1129;RN;24.0;4903.0;Itaú;5564.0;5564.0;5320.0;-244.0
1130;RN;24.0;5009.0;Jaçanã;7925.0;7925.0;7834.0;-91.0
1131;RN;24.0;5108.0;Jandaíra;6801.0;6585.0;6562.0;-239.0
1132;RN;24.0;5207.0;Janduís;5345.0;5345.0;4746.0;-599.0
1133;RN;24.0;5306.0;Januário Cicco;9011.0;9062.0;9051.0;40.0
1134;RN;24.0;5405.0;Japi;5522.0;5522.0;5117.0;-405.0
1135;RN;24.0;5504.0;Jardim de Angicos;2607.0;2607.0;2437.0;-170.0
1136;RN;24.0;5603.0;Jardim de Piranhas;13506.0;13506.0;13977.0;471.0
1137;RN;24.0;5702.0;Jardim do Seridó;12113.0;12113.0;11655.0;-458.0
1138;RN;24.0;5801.0;João Câmara;32227.0;32227.0;33290.0;1063.0
1139;RN;24.0;5900.0;João Dias;2601.0;2601.0;2076.0;-525.0
1140;RN;24.0;6007.0;José da Penha;5868.0;5868.0;5803.0;-65.0
1141;RN;24.0;6106.0;Jucurutu;17692.0;17692.0;17793.0;101.0
1142;RN;24.0;6155.0;Jundiá;3582.0;3582.0;3739.0;157.0
1143;RN;24.0;6205.0;Lagoa d'Anta;6227.0;6227.0;6654.0;427.0
1144;RN;24.0;6304.0;Lagoa de Pedras;6989.0;6989.0;7338.0;349.0
1145;RN;24.0;6403.0;Lagoa de Velhos;2668.0;2668.0;2567.0;-101.0
1146;RN;24.0;6502.0;Lagoa Nova;13983.0;13983.0;15573.0;1590.0
1147;RN;24.0;6601.0;Lagoa Salgada;7564.0;7564.0;8319.0;755.0
1148;RN;24.0;6700.0;Lajes;10381.0;10381.0;9866.0;-515.0
1149;RN;24.0;6809.0;Lajes Pintadas;4612.0;4612.0;4787.0;175.0
1150;RN;24.0;6908.0;Lucrécia;3633.0;3633.0;3490.0;-143.0
1151;RN;24.0;7005.0;Luís Gomes;9610.0;9610.0;9070.0;-540.0
1152;RN;24.0;7104.0;Macaíba;69467.0;69173.0;82249.0;12782.0
1153;RN;24.0;7203.0;Macau;28954.0;28954.0;27369.0;-1585.0
1154;RN;24.0;7252.0;Major Sales;3536.0;3536.0;3924.0;388.0
1155;RN;24.0;7302.0;Marcelino Vieira;8265.0;8265.0;7896.0;-369.0
1156;RN;24.0;7401.0;Martins;8218.0;8218.0;8179.0;-39.0
1157;RN;24.0;7500.0;Maxaranguape;10441.0;10441.0;10255.0;-186.0
1158;RN;24.0;7609.0;Messias Targino;4188.0;4188.0;4274.0;86.0
1159;RN;24.0;7708.0;Montanhas;11413.0;11413.0;11444.0;31.0
1160;RN;24.0;7807.0;Monte Alegre;20685.0;20763.0;23031.0;2346.0
1161;RN;24.0;7906.0;Monte das Gameleiras;2261.0;2261.0;2276.0;15.0
1162;RN;24.0;8003.0;Mossoró;259815.0;259815.0;264577.0;4762.0
1163;RN;24.0;8102.0;Natal;803739.0;803739.0;751300.0;-52439.0
1164;RN;24.0;8201.0;Nísia Floresta;23784.0;23784.0;31942.0;8158.0
1165;RN;24.0;8300.0;Nova Cruz;35490.0;35490.0;34269.0;-1221.0
1166;RN;24.0;8409.0;Olho d'Água do Borges;4295.0;4295.0;3905.0;-390.0
1167;RN;24.0;8508.0;Ouro Branco;4699.0;4699.0;4913.0;214.0
1168;RN;24.0;8607.0;Paraná;3952.0;3952.0;3934.0;-18.0
1169;RN;24.0;8706.0;Paraú;3859.0;3859.0;3579.0;-280.0
1170;RN;24.0;8805.0;Parazinho;4845.0;4782.0;4801.0;-44.0
1171;RN;24.0;8904.0;Parelhas;20354.0;20354.0;21499.0;1145.0
1172;RN;24.0;8953.0;Rio do Fogo;10059.0;10059.0;10351.0;292.0
1173;RN;24.0;9100.0;Passa e Fica;11100.0;11100.0;10896.0;-204.0
1174;RN;24.0;9209.0;Passagem;2895.0;2895.0;3115.0;220.0
1175;RN;24.0;9308.0;Patu;11964.0;11964.0;11007.0;-957.0
1176;RN;24.0;9332.0;Santa Maria;4762.0;4762.0;4847.0;85.0
1177;RN;24.0;9407.0;Pau dos Ferros;27745.0;27745.0;30479.0;2734.0
1178;RN;24.0;9506.0;Pedra Grande;3521.0;3521.0;3618.0;97.0
1179;RN;24.0;9605.0;Pedra Preta;2590.0;2590.0;2441.0;-149.0
1180;RN;24.0;9704.0;Pedro Avelino;7171.0;7171.0;6242.0;-929.0
1181;RN;24.0;9803.0;Pedro Velho;14114.0;14114.0;13824.0;-290.0
1182;RN;24.0;9902.0;Pendências;13432.0;13432.0;12278.0;-1154.0
1183;RN;24.0;10009.0;Pilões;3453.0;3453.0;2965.0;-488.0
1184;RN;24.0;10108.0;Poço Branco;13949.0;13949.0;12390.0;-1559.0
1185;RN;24.0;10207.0;Portalegre;7320.0;7320.0;7601.0;281.0
1186;RN;24.0;10256.0;Porto do Mangue;5217.0;5484.0;5228.0;11.0
1187;RN;24.0;10306.0;Serra Caiada;8768.0;8960.0;10125.0;1357.0
1188;RN;24.0;10405.0;Pureza;8424.0;8424.0;9362.0;938.0
1189;RN;24.0;10504.0;Rafael Fernandes;4692.0;4692.0;5432.0;740.0
1190;RN;24.0;10603.0;Rafael Godeiro;3063.0;3063.0;2934.0;-129.0
1191;RN;24.0;10702.0;Riacho da Cruz;3165.0;3165.0;2701.0;-464.0
1192;RN;24.0;10801.0;Riacho de Santana;4156.0;4156.0;4127.0;-29.0
1193;RN;24.0;10900.0;Riachuelo;7067.0;7067.0;7389.0;322.0
1194;RN;24.0;11007.0;Rodolfo Fernandes;4418.0;4418.0;4242.0;-176.0
1195;RN;24.0;11056.0;Tibau;3687.0;3687.0;5382.0;1695.0
1196;RN;24.0;11106.0;Ruy Barbosa;3595.0;3595.0;3206.0;-389.0
1197;RN;24.0;11205.0;Santa Cruz;35797.0;35797.0;37313.0;1516.0
1198;RN;24.0;11403.0;Santana do Matos;13809.0;13284.0;12456.0;-1353.0
1199;RN;24.0;11429.0;Santana do Seridó;2526.0;2526.0;2696.0;170.0
1200;RN;24.0;11502.0;Santo Antônio;22216.0;22216.0;22177.0;-39.0
1201;RN;24.0;11601.0;São Bento do Norte;2975.0;2975.0;3304.0;329.0
1202;RN;24.0;11700.0;São Bento do Trairí;3905.0;3905.0;3792.0;-113.0
1203;RN;24.0;11809.0;São Fernando;3401.0;3401.0;3492.0;91.0
1204;RN;24.0;11908.0;São Francisco do Oeste;3874.0;3874.0;4161.0;287.0
1205;RN;24.0;12005.0;São Gonçalo do Amarante;87668.0;87962.0;115838.0;28170.0
1206;RN;24.0;12104.0;São João do Sabugi;5922.0;5922.0;5956.0;34.0
1207;RN;24.0;12203.0;São José de Mipibu;39776.0;39698.0;47286.0;7510.0
1208;RN;24.0;12302.0;São José do Campestre;12356.0;12356.0;11121.0;-1235.0
1209;RN;24.0;12401.0;São José do Seridó;4231.0;4231.0;4558.0;327.0
1210;RN;24.0;12500.0;São Miguel;22157.0;21693.0;23537.0;1380.0
1211;RN;24.0;12559.0;São Miguel do Gostoso;8670.0;9287.0;10221.0;1551.0
1212;RN;24.0;12609.0;São Paulo do Potengi;15843.0;15843.0;16786.0;943.0
1213;RN;24.0;12708.0;São Pedro;6235.0;6235.0;5776.0;-459.0
1214;RN;24.0;12807.0;São Rafael;8111.0;8111.0;7711.0;-400.0
1215;RN;24.0;12906.0;São Tomé;10827.0;10827.0;9972.0;-855.0
1216;RN;24.0;13003.0;São Vicente;6028.0;6028.0;6310.0;282.0
1217;RN;24.0;13102.0;Senador Elói de Souza;5637.0;5553.0;5965.0;328.0
1218;RN;24.0;13201.0;Senador Georgino Avelino;3924.0;3924.0;4065.0;141.0
1219;RN;24.0;13300.0;Serra de São Bento;5743.0;5743.0;5703.0;-40.0
1220;RN;24.0;13359.0;Serra do Mel;10287.0;10287.0;13091.0;2804.0
1221;RN;24.0;13409.0;Serra Negra do Norte;7770.0;7770.0;7597.0;-173.0
1222;RN;24.0;13508.0;Serrinha;6581.0;6581.0;6436.0;-145.0
1223;RN;24.0;13557.0;Serrinha dos Pintos;4540.0;4540.0;4659.0;119.0
1224;RN;24.0;13607.0;Severiano Melo;5752.0;5752.0;5487.0;-265.0
1225;RN;24.0;13706.0;Sítio Novo;5020.0;5020.0;4654.0;-366.0
1226;RN;24.0;13805.0;Taboleiro Grande;2317.0;2317.0;2338.0;21.0
1227;RN;24.0;13904.0;Taipu;11836.0;11836.0;11422.0;-414.0
1228;RN;24.0;14001.0;Tangará;14175.0;14016.0;13281.0;-894.0
1229;RN;24.0;14100.0;Tenente Ananias;9883.0;9883.0;10262.0;379.0
1230;RN;24.0;14159.0;Tenente Laurentino Cruz;5406.0;5177.0;5891.0;485.0
1231;RN;24.0;14209.0;Tibau do Sul;11385.0;11385.0;16929.0;5544.0
1232;RN;24.0;14308.0;Timbaúba dos Batistas;2295.0;2295.0;2348.0;53.0
1233;RN;24.0;14407.0;Touros;31089.0;30472.0;33035.0;1946.0
1234;RN;24.0;14456.0;Triunfo Potiguar;3368.0;3368.0;3376.0;8.0
1235;RN;24.0;14506.0;Umarizal;10659.0;10659.0;10078.0;-581.0
1236;RN;24.0;14605.0;Upanema;12992.0;12992.0;13577.0;585.0
1237;RN;24.0;14704.0;Várzea;5236.0;5236.0;5233.0;-3.0
1238;RN;24.0;14753.0;Venha-Ver;3821.0;3821.0;3014.0;-807.0
1239;RN;24.0;14803.0;Vera Cruz;10719.0;10719.0;10735.0;16.0
1240;RN;24.0;14902.0;Viçosa;1618.0;1618.0;1822.0;204.0
1241;RN;24.0;15008.0;Vila Flor;2872.0;2872.0;3174.0;302.0
1242;PB;25.0;106.0;Água Branca;9449.0;9449.0;9335.0;-114.0
1243;PB;25.0;205.0;Aguiar;5530.0;5604.0;5003.0;-527.0
1244;PB;25.0;304.0;Alagoa Grande;28479.0;28410.0;26062.0;-2417.0
1245;PB;25.0;403.0;Alagoa Nova;19681.0;19856.0;21013.0;1332.0
1246;PB;25.0;502.0;Alagoinha;13576.0;13627.0;13725.0;149.0
1247;PB;25.0;536.0;Alcantil;5239.0;5239.0;5578.0;339.0
1248;PB;25.0;577.0;Algodão de Jandaíra;2366.0;2429.0;2953.0;587.0
1249;PB;25.0;601.0;Alhandra;18007.0;18055.0;21730.0;3723.0
1250;PB;25.0;700.0;São João do Rio do Peixe;18201.0;17746.0;17964.0;-237.0
1251;PB;25.0;734.0;Amparo;2088.0;2085.0;2234.0;146.0
1252;PB;25.0;775.0;Aparecida;7676.0;7620.0;7960.0;284.0
1253;PB;25.0;809.0;Araçagi;17224.0;17199.0;16646.0;-578.0
1254;PB;25.0;908.0;Arara;12653.0;12613.0;12212.0;-441.0
1255;PB;25.0;1005.0;Araruna;18879.0;18683.0;17189.0;-1690.0
1256;PB;25.0;1104.0;Areia;23829.0;23742.0;22633.0;-1196.0
1257;PB;25.0;1153.0;Areia de Baraúnas;1927.0;2183.0;2005.0;78.0
1258;PB;25.0;1203.0;Areial;6470.0;6624.0;7128.0;658.0
1259;PB;25.0;1302.0;Aroeiras;19082.0;19082.0;18705.0;-377.0
1260;PB;25.0;1351.0;Assunção;3522.0;3594.0;4152.0;630.0
1261;PB;25.0;1401.0;Baía da Traição;8012.0;7971.0;9224.0;1212.0
1262;PB;25.0;1500.0;Bananeiras;21851.0;21315.0;23134.0;1283.0
1263;PB;25.0;1534.0;Baraúna;4220.0;4210.0;4762.0;542.0
1264;PB;25.0;1575.0;Barra de Santana;8206.0;8278.0;8059.0;-147.0
1265;PB;25.0;1609.0;Barra de Santa Rosa;14157.0;14157.0;12904.0;-1253.0
1266;PB;25.0;1708.0;Barra de São Miguel;5611.0;5671.0;5906.0;295.0
1267;PB;25.0;1807.0;Bayeux;99716.0;92350.0;82742.0;-16974.0
1268;PB;25.0;1906.0;Belém;17093.0;17101.0;16401.0;-692.0
1269;PB;25.0;2003.0;Belém do Brejo do Cruz;7143.0;7143.0;6268.0;-875.0
1270;PB;25.0;2052.0;Bernardino Batista;3075.0;3145.0;3504.0;429.0
1271;PB;25.0;2102.0;Boa Ventura;5751.0;5756.0;5207.0;-544.0
1272;PB;25.0;2151.0;Boa Vista;6227.0;6221.0;6377.0;150.0
1273;PB;25.0;2201.0;Bom Jesus;2400.0;2400.0;2286.0;-114.0
1274;PB;25.0;2300.0;Bom Sucesso;5035.0;5035.0;4661.0;-374.0
1275;PB;25.0;2409.0;Bonito de Santa Fé;10804.0;10818.0;10252.0;-552.0
1276;PB;25.0;2508.0;Boqueirão;16888.0;16922.0;17598.0;710.0
1277;PB;25.0;2607.0;Igaracy;6156.0;6099.0;5648.0;-508.0
1278;PB;25.0;2706.0;Borborema;5111.0;4962.0;4214.0;-897.0
1279;PB;25.0;2805.0;Brejo do Cruz;13123.0;13163.0;13613.0;490.0
1280;PB;25.0;2904.0;Brejo dos Santos;6198.0;6198.0;5742.0;-456.0
1281;PB;25.0;3001.0;Caaporã;20362.0;20362.0;21193.0;831.0
1282;PB;25.0;3100.0;Cabaceiras;5035.0;5092.0;5335.0;300.0
1283;PB;25.0;3209.0;Cabedelo;57944.0;57944.0;66519.0;8575.0
1284;PB;25.0;3308.0;Cachoeira dos Índios;9546.0;9546.0;9151.0;-395.0
1285;PB;25.0;3407.0;Cacimba de Areia;3557.0;3498.0;3291.0;-266.0
1286;PB;25.0;3506.0;Cacimba de Dentro;16748.0;16923.0;16064.0;-684.0
1287;PB;25.0;3555.0;Cacimbas;6814.0;6814.0;7223.0;409.0
1288;PB;25.0;3605.0;Caiçara;7220.0;7139.0;6602.0;-618.0
1289;PB;25.0;3704.0;Cajazeiras;58446.0;58365.0;63239.0;4793.0
1290;PB;25.0;3753.0;Cajazeirinhas;3033.0;3033.0;2740.0;-293.0
1291;PB;25.0;3803.0;Caldas Brandão;5637.0;5637.0;5753.0;116.0
1292;PB;25.0;3902.0;Camalaú;5749.0;5749.0;6085.0;336.0
1293;PB;25.0;4009.0;Campina Grande;385213.0;384737.0;419379.0;34166.0
1294;PB;25.0;4033.0;Capim;5601.0;5601.0;6970.0;1369.0
1295;PB;25.0;4074.0;Caraúbas;3899.0;3899.0;3944.0;45.0
1296;PB;25.0;4108.0;Carrapateira;2378.0;2378.0;2312.0;-66.0
1297;PB;25.0;4157.0;Casserengue;7058.0;7062.0;6889.0;-169.0
1298;PB;25.0;4207.0;Catingueira;4812.0;4812.0;4491.0;-321.0
1299;PB;25.0;4306.0;Catolé do Rocha;28759.0;28818.0;30661.0;1902.0
1300;PB;25.0;4355.0;Caturité;4543.0;4563.0;5254.0;711.0
1301;PB;25.0;4405.0;Conceição;18363.0;18412.0;18260.0;-103.0
1302;PB;25.0;4504.0;Condado;6584.0;6491.0;6451.0;-133.0
1303;PB;25.0;4603.0;Conde;21400.0;21400.0;27605.0;6205.0
1304;PB;25.0;4702.0;Congo;4687.0;4687.0;4933.0;246.0
1305;PB;25.0;4801.0;Coremas;15149.0;15174.0;14683.0;-466.0
1306;PB;25.0;4850.0;Coxixola;1771.0;1771.0;1824.0;53.0
1307;PB;25.0;4900.0;Cruz do Espírito Santo;16257.0;15815.0;17095.0;838.0
1308;PB;25.0;5006.0;Cubati;6866.0;7361.0;7580.0;714.0
1309;PB;25.0;5105.0;Cuité;19978.0;19978.0;19719.0;-259.0
1310;PB;25.0;5204.0;Cuitegi;6889.0;6895.0;6730.0;-159.0
1311;PB;25.0;5238.0;Cuité de Mamanguape;6202.0;6202.0;6251.0;49.0
1312;PB;25.0;5279.0;Curral de Cima;5209.0;5204.0;5254.0;45.0
1313;PB;25.0;5303.0;Curral Velho;2505.0;2505.0;2292.0;-213.0
1314;PB;25.0;5352.0;Damião;4900.0;4900.0;4982.0;82.0
1315;PB;25.0;5402.0;Desterro;7991.0;7991.0;8067.0;76.0
1316;PB;25.0;5501.0;Vista Serrana;3512.0;3511.0;3641.0;129.0
1317;PB;25.0;5600.0;Diamante;6616.0;6616.0;6299.0;-317.0
1318;PB;25.0;5709.0;Dona Inês;10517.0;10579.0;10380.0;-137.0
1319;PB;25.0;5808.0;Duas Estradas;3638.0;3638.0;3327.0;-311.0
1320;PB;25.0;5907.0;Emas;3317.0;3317.0;3011.0;-306.0
1321;PB;25.0;6004.0;Esperança;31095.0;30792.0;31231.0;136.0
1322;PB;25.0;6103.0;Fagundes;11405.0;11341.0;11049.0;-356.0
1323;PB;25.0;6202.0;Frei Martinho;2933.0;2933.0;2846.0;-87.0
1324;PB;25.0;6251.0;Gado Bravo;8376.0;8258.0;8179.0;-197.0
1325;PB;25.0;6301.0;Guarabira;55326.0;55381.0;57484.0;2158.0
1326;PB;25.0;6400.0;Gurinhém;13872.0;13872.0;13766.0;-106.0
1327;PB;25.0;6509.0;Gurjão;3159.0;3159.0;3242.0;83.0
1328;PB;25.0;6608.0;Ibiara;6031.0;6031.0;5631.0;-400.0
1329;PB;25.0;6707.0;Imaculada;11352.0;11352.0;10392.0;-960.0
1330;PB;25.0;6806.0;Ingá;18180.0;17415.0;17692.0;-488.0
1331;PB;25.0;6905.0;Itabaiana;24481.0;24481.0;23182.0;-1299.0
1332;PB;25.0;7002.0;Itaporanga;23192.0;23098.0;23940.0;748.0
1333;PB;25.0;7101.0;Itapororoca;16997.0;16997.0;18382.0;1385.0
1334;PB;25.0;7200.0;Itatuba;10201.0;10302.0;10499.0;298.0
1335;PB;25.0;7309.0;Jacaraú;13942.0;14004.0;14477.0;535.0
1336;PB;25.0;7408.0;Jericó;7538.0;7538.0;7516.0;-22.0
1337;PB;25.0;7507.0;João Pessoa;723515.0;723515.0;833932.0;110417.0
1338;PB;25.0;7606.0;Juarez Távora;7459.0;7459.0;7796.0;337.0
1339;PB;25.0;7705.0;Juazeirinho;16776.0;16776.0;17007.0;231.0
1340;PB;25.0;7804.0;Junco do Seridó;6643.0;6643.0;6793.0;150.0
1341;PB;25.0;7903.0;Juripiranga;10237.0;10237.0;10012.0;-225.0
1342;PB;25.0;8000.0;Juru;9826.0;9826.0;9234.0;-592.0
1343;PB;25.0;8109.0;Lagoa;4681.0;4681.0;4415.0;-266.0
1344;PB;25.0;8208.0;Lagoa de Dentro;7370.0;7428.0;7819.0;449.0
1345;PB;25.0;8307.0;Lagoa Seca;25900.0;26033.0;27730.0;1830.0
1346;PB;25.0;8406.0;Lastro;2841.0;2850.0;3162.0;321.0
1347;PB;25.0;8505.0;Livramento;7164.0;7044.0;6877.0;-287.0
1348;PB;25.0;8554.0;Logradouro;3942.0;3942.0;4797.0;855.0
1349;PB;25.0;8604.0;Lucena;11730.0;11730.0;12560.0;830.0
1350;PB;25.0;8703.0;Mãe d'Água;4019.0;4019.0;3583.0;-436.0
1351;PB;25.0;8802.0;Malta;5613.0;5706.0;6046.0;433.0
1352;PB;25.0;8901.0;Mamanguape;42303.0;41920.0;44599.0;2296.0
1353;PB;25.0;9008.0;Manaíra;10759.0;10610.0;10434.0;-325.0
1354;PB;25.0;9057.0;Marcação;7609.0;7609.0;8999.0;1390.0
1355;PB;25.0;9107.0;Mari;21176.0;21176.0;21512.0;336.0
1356;PB;25.0;9156.0;Marizópolis;6173.0;6188.0;6705.0;532.0
1357;PB;25.0;9206.0;Massaranduba;12902.0;12994.0;14139.0;1237.0
1358;PB;25.0;9305.0;Mataraca;7407.0;7407.0;8244.0;837.0
1359;PB;25.0;9339.0;Matinhas;4321.0;4290.0;4571.0;250.0
1360;PB;25.0;9370.0;Mato Grosso;2702.0;2702.0;2543.0;-159.0
1361;PB;25.0;9396.0;Maturéia;5939.0;5939.0;6433.0;494.0
1362;PB;25.0;9404.0;Mogeiro;12491.0;13219.0;13899.0;1408.0
1363;PB;25.0;9503.0;Montadas;4990.0;4990.0;5812.0;822.0
1364;PB;25.0;9602.0;Monte Horebe;4508.0;4508.0;4338.0;-170.0
1365;PB;25.0;9701.0;Monteiro;30852.0;30852.0;32277.0;1425.0
1366;PB;25.0;9800.0;Mulungu;9469.0;9463.0;8791.0;-678.0
1367;PB;25.0;9909.0;Natuba;10566.0;10277.0;8945.0;-1621.0
1368;PB;25.0;10006.0;Nazarezinho;7280.0;7284.0;7203.0;-77.0
1369;PB;25.0;10105.0;Nova Floresta;10533.0;10533.0;9724.0;-809.0
1370;PB;25.0;10204.0;Nova Olinda;6070.0;6070.0;5787.0;-283.0
1371;PB;25.0;10303.0;Nova Palmeira;4361.0;4373.0;4259.0;-102.0
1372;PB;25.0;10402.0;Olho d'Água;6931.0;6931.0;6060.0;-871.0
1373;PB;25.0;10501.0;Olivedos;3627.0;3618.0;3580.0;-47.0
1374;PB;25.0;10600.0;Ouro Velho;2928.0;2928.0;2918.0;-10.0
1375;PB;25.0;10659.0;Parari;1256.0;1842.0;1720.0;464.0
1376;PB;25.0;10709.0;Passagem;2233.0;2233.0;2463.0;230.0
1377;PB;25.0;10808.0;Patos;100674.0;100693.0;103165.0;2491.0
1378;PB;25.0;10907.0;Paulista;11788.0;11840.0;11834.0;46.0
1379;PB;25.0;11004.0;Pedra Branca;3721.0;3721.0;3739.0;18.0
1380;PB;25.0;11103.0;Pedra Lavrada;7475.0;7236.0;6859.0;-616.0
1381;PB;25.0;11202.0;Pedras de Fogo;27032.0;27289.0;29662.0;2630.0
1382;PB;25.0;11301.0;Piancó;15465.0;15465.0;16441.0;976.0
1383;PB;25.0;11400.0;Picuí;18222.0;18202.0;18333.0;111.0
1384;PB;25.0;11509.0;Pilar;11191.0;11191.0;12311.0;1120.0
1385;PB;25.0;11608.0;Pilões;6978.0;6995.0;6815.0;-163.0
1386;PB;25.0;11707.0;Pilõezinhos;5155.0;5046.0;5329.0;174.0
1387;PB;25.0;11806.0;Pirpirituba;10326.0;10327.0;9340.0;-986.0
1388;PB;25.0;11905.0;Pitimbu;17024.0;16976.0;16751.0;-273.0
1389;PB;25.0;12002.0;Pocinhos;17032.0;17022.0;17469.0;437.0
1390;PB;25.0;12036.0;Poço Dantas;3751.0;3863.0;3830.0;79.0
1391;PB;25.0;12077.0;Poço de José de Moura;3978.0;3978.0;4006.0;28.0
1392;PB;25.0;12101.0;Pombal;32110.0;32157.0;32473.0;363.0
1393;PB;25.0;12200.0;Prata;3854.0;3891.0;3915.0;61.0
1394;PB;25.0;12309.0;Princesa Isabel;21283.0;21210.0;21114.0;-169.0
1395;PB;25.0;12408.0;Puxinanã;12923.0;12911.0;14277.0;1354.0
1396;PB;25.0;12507.0;Queimadas;41049.0;41361.0;47658.0;6609.0
1397;PB;25.0;12606.0;Quixaba;1699.0;1699.0;1743.0;44.0
1398;PB;25.0;12705.0;Remígio;17581.0;17766.0;17885.0;304.0
1399;PB;25.0;12721.0;Pedro Régis;5765.0;5765.0;5766.0;1.0
1400;PB;25.0;12747.0;Riachão;3266.0;3258.0;2927.0;-339.0
1401;PB;25.0;12754.0;Riachão do Bacamarte;4264.0;4264.0;4690.0;426.0
1402;PB;25.0;12762.0;Riachão do Poço;4164.0;4164.0;4738.0;574.0
1403;PB;25.0;12788.0;Riacho de Santo Antônio;1722.0;1696.0;1955.0;233.0
1404;PB;25.0;12804.0;Riacho dos Cavalos;8314.0;8239.0;8493.0;179.0
1405;PB;25.0;12903.0;Rio Tinto;22976.0;23366.0;24581.0;1605.0
1406;PB;25.0;13000.0;Salgadinho;3508.0;3436.0;3355.0;-153.0
1407;PB;25.0;13109.0;Salgado de São Félix;11976.0;11976.0;11505.0;-471.0
1408;PB;25.0;13158.0;Santa Cecília;6658.0;6563.0;7670.0;1012.0
1409;PB;25.0;13208.0;Santa Cruz;6471.0;6471.0;5947.0;-524.0
1410;PB;25.0;13307.0;Santa Helena;5369.0;5920.0;5865.0;496.0
1411;PB;25.0;13356.0;Santa Inês;3539.0;3539.0;3227.0;-312.0
1412;PB;25.0;13406.0;Santa Luzia;14719.0;14719.0;14959.0;240.0
1413;PB;25.0;13505.0;Santana de Mangueira;5331.0;5328.0;5010.0;-321.0
1414;PB;25.0;13604.0;Santana dos Garrotes;7266.0;7266.0;6569.0;-697.0
1415;PB;25.0;13653.0;Joca Claudino;2615.0;2564.0;2539.0;-76.0
1416;PB;25.0;13703.0;Santa Rita;120310.0;127676.0;149910.0;29600.0
1417;PB;25.0;13802.0;Santa Teresinha;4581.0;4581.0;4402.0;-179.0
1418;PB;25.0;13851.0;Santo André;2638.0;2569.0;2622.0;-16.0
1419;PB;25.0;13901.0;São Bento;30879.0;30801.0;32235.0;1356.0
1420;PB;25.0;13927.0;São Bentinho;4138.0;4138.0;4327.0;189.0
1421;PB;25.0;13943.0;São Domingos do Cariri;2420.0;2441.0;2585.0;165.0
1422;PB;25.0;13968.0;São Domingos;2855.0;2820.0;2595.0;-260.0
1423;PB;25.0;13984.0;São Francisco;3364.0;3391.0;3137.0;-227.0
1424;PB;25.0;14008.0;São João do Cariri;4344.0;4239.0;4226.0;-118.0
1425;PB;25.0;14107.0;São João do Tigre;4396.0;4396.0;4263.0;-133.0
1426;PB;25.0;14206.0;São José da Lagoa Tapada;7564.0;7520.0;7126.0;-438.0
1427;PB;25.0;14305.0;São José de Caiana;6010.0;6094.0;5034.0;-976.0
1428;PB;25.0;14404.0;São José de Espinharas;4760.0;4800.0;4083.0;-677.0
1429;PB;25.0;14453.0;São José dos Ramos;5508.0;5508.0;5891.0;383.0
1430;PB;25.0;14503.0;São José de Piranhas;19096.0;19209.0;19067.0;-29.0
1431;PB;25.0;14552.0;São José de Princesa;4219.0;4364.0;3416.0;-803.0
1432;PB;25.0;14602.0;São José do Bonfim;3233.0;3233.0;3242.0;9.0
1433;PB;25.0;14651.0;São José do Brejo do Cruz;1684.0;1684.0;1699.0;15.0
1434;PB;25.0;14701.0;São José do Sabugi;4010.0;4010.0;4138.0;128.0
1435;PB;25.0;14800.0;São José dos Cordeiros;3985.0;3646.0;3411.0;-574.0
1436;PB;25.0;14909.0;São Mamede;7748.0;7748.0;7470.0;-278.0
1437;PB;25.0;15005.0;São Miguel de Taipu;6696.0;6881.0;7066.0;370.0
1438;PB;25.0;15104.0;São Sebastião de Lagoa de Roça;11041.0;10893.0;11040.0;-1.0
1439;PB;25.0;15203.0;São Sebastião do Umbuzeiro;3235.0;3235.0;3279.0;44.0
1440;PB;25.0;15302.0;Sapé;50143.0;50143.0;51306.0;1163.0
1441;PB;25.0;15401.0;São Vicente do Seridó;10230.0;9966.0;10291.0;61.0
1442;PB;25.0;15500.0;Serra Branca;12973.0;12987.0;13614.0;641.0
1443;PB;25.0;15609.0;Serra da Raiz;3204.0;3228.0;3094.0;-110.0
1444;PB;25.0;15708.0;Serra Grande;2975.0;2794.0;2942.0;-33.0
1445;PB;25.0;15807.0;Serra Redonda;7050.0;7070.0;6828.0;-222.0
1446;PB;25.0;15906.0;Serraria;6238.0;6238.0;4885.0;-1353.0
1447;PB;25.0;15930.0;Sertãozinho;4395.0;4395.0;5054.0;659.0
1448;PB;25.0;15971.0;Sobrado;7373.0;7373.0;8236.0;863.0
1449;PB;25.0;16003.0;Solânea;26693.0;27380.0;26774.0;81.0
1450;PB;25.0;16102.0;Soledade;13739.0;13774.0;13968.0;229.0
1451;PB;25.0;16151.0;Sossêgo;3169.0;3169.0;3345.0;176.0
1452;PB;25.0;16201.0;Sousa;65803.0;65799.0;67259.0;1456.0
1453;PB;25.0;16300.0;Sumé;16060.0;16096.0;17166.0;1106.0
1454;PB;25.0;16409.0;Tacima;10262.0;10229.0;8010.0;-2252.0
1455;PB;25.0;16508.0;Taperoá;14936.0;14543.0;14068.0;-868.0
1456;PB;25.0;16607.0;Tavares;14103.0;14176.0;14101.0;-2.0
1457;PB;25.0;16706.0;Teixeira;14153.0;14153.0;14631.0;478.0
1458;PB;25.0;16755.0;Tenório;2813.0;2813.0;2966.0;153.0
1459;PB;25.0;16805.0;Triunfo;9220.0;9201.0;9892.0;672.0
1460;PB;25.0;16904.0;Uiraúna;14584.0;14472.0;14930.0;346.0
1461;PB;25.0;17001.0;Umbuzeiro;9298.0;9682.0;9124.0;-174.0
1462;PB;25.0;17100.0;Várzea;2504.0;2504.0;2668.0;164.0
1463;PB;25.0;17209.0;Vieirópolis;5045.0;5045.0;4864.0;-181.0
1464;PB;25.0;17407.0;Zabelê;2075.0;2075.0;2228.0;153.0
1465;PE;26.0;54.0;Abreu e Lima;94429.0;94425.0;98462.0;4033.0
1466;PE;26.0;104.0;Afogados da Ingazeira;35088.0;35088.0;40241.0;5153.0
1467;PE;26.0;203.0;Afrânio;17586.0;17586.0;18674.0;1088.0
1468;PE;26.0;302.0;Agrestina;22679.0;22679.0;23779.0;1100.0
1469;PE;26.0;401.0;Água Preta;33095.0;33095.0;26461.0;-6634.0
1470;PE;26.0;500.0;Águas Belas;40235.0;40235.0;41548.0;1313.0
1471;PE;26.0;609.0;Alagoinha;13759.0;13559.0;13542.0;-217.0
1472;PE;26.0;708.0;Aliança;37415.0;37415.0;35741.0;-1674.0
1473;PE;26.0;807.0;Altinho;22353.0;22337.0;20674.0;-1679.0
1474;PE;26.0;906.0;Amaraji;21939.0;21890.0;18205.0;-3734.0
1475;PE;26.0;1003.0;Angelim;10202.0;10202.0;10241.0;39.0
1476;PE;26.0;1052.0;Araçoiaba;18156.0;18156.0;19243.0;1087.0
1477;PE;26.0;1102.0;Araripina;77302.0;78429.0;85088.0;7786.0
1478;PE;26.0;1201.0;Arcoverde;68793.0;68253.0;77742.0;8949.0
1479;PE;26.0;1300.0;Barra de Guabiraba;12776.0;12896.0;12263.0;-513.0
1480;PE;26.0;1409.0;Barreiros;40732.0;40732.0;40121.0;-611.0
1481;PE;26.0;1508.0;Belém de Maria;11353.0;11353.0;10378.0;-975.0
1482;PE;26.0;1607.0;Belém do São Francisco;20253.0;20253.0;18301.0;-1952.0
1483;PE;26.0;1706.0;Belo Jardim;72432.0;72432.0;79507.0;7075.0
1484;PE;26.0;1805.0;Betânia;12003.0;12003.0;11232.0;-771.0
1485;PE;26.0;1904.0;Bezerros;58668.0;58668.0;61694.0;3026.0
1486;PE;26.0;2001.0;Bodocó;35158.0;35158.0;34478.0;-680.0
1487;PE;26.0;2100.0;Bom Conselho;45503.0;45503.0;44294.0;-1209.0
1488;PE;26.0;2209.0;Bom Jardim;37826.0;38500.0;37629.0;-197.0
1489;PE;26.0;2308.0;Bonito;37566.0;37469.0;37474.0;-92.0
1490;PE;26.0;2407.0;Brejão;8844.0;8844.0;9079.0;235.0
1491;PE;26.0;2506.0;Brejinho;7307.0;7307.0;7720.0;413.0
1492;PE;26.0;2605.0;Brejo da Madre de Deus;45180.0;45180.0;48648.0;3468.0
1493;PE;26.0;2704.0;Buenos Aires;12537.0;12537.0;12808.0;271.0
1494;PE;26.0;2803.0;Buíque;52105.0;52105.0;52097.0;-8.0
1495;PE;26.0;2902.0;Cabo de Santo Agostinho;185025.0;185025.0;203440.0;18415.0
1496;PE;26.0;3009.0;Cabrobó;30873.0;30873.0;30294.0;-579.0
1497;PE;26.0;3108.0;Cachoeirinha;18819.0;18819.0;19899.0;1080.0
1498;PE;26.0;3207.0;Caetés;26577.0;26577.0;28827.0;2250.0
1499;PE;26.0;3306.0;Calçado;11125.0;11125.0;11093.0;-32.0
1500;PE;26.0;3405.0;Calumbi;5648.0;5648.0;5228.0;-420.0
1501;PE;26.0;3454.0;Camaragibe;144466.0;144466.0;147771.0;3305.0
1502;PE;26.0;3504.0;Camocim de São Félix;17104.0;17104.0;17419.0;315.0
1503;PE;26.0;3603.0;Camutanga;8156.0;8168.0;7750.0;-406.0
1504;PE;26.0;3702.0;Canhotinho;24521.0;24521.0;24329.0;-192.0
1505;PE;26.0;3801.0;Capoeiras;19593.0;19581.0;18338.0;-1255.0
1506;PE;26.0;3900.0;Carnaíba;18574.0;18574.0;18644.0;70.0
1507;PE;26.0;3926.0;Carnaubeira da Penha;11782.0;11782.0;12239.0;457.0
1508;PE;26.0;4007.0;Carpina;74858.0;74858.0;79293.0;4435.0
1509;PE;26.0;4106.0;Caruaru;314912.0;314912.0;378048.0;63136.0
1510;PE;26.0;4155.0;Casinhas;13766.0;13766.0;12967.0;-799.0
1511;PE;26.0;4205.0;Catende;37820.0;37820.0;32156.0;-5664.0
1512;PE;26.0;4304.0;Cedro;10778.0;10778.0;10518.0;-260.0
1513;PE;26.0;4403.0;Chã de Alegria;12404.0;12414.0;12984.0;580.0
1514;PE;26.0;4502.0;Chã Grande;20137.0;20137.0;20546.0;409.0
1515;PE;26.0;4601.0;Condado;24282.0;24282.0;24587.0;305.0
1516;PE;26.0;4700.0;Correntes;17419.0;17235.0;17131.0;-288.0
1517;PE;26.0;4809.0;Cortês;12452.0;12501.0;10198.0;-2254.0
1518;PE;26.0;4908.0;Cumaru;17183.0;17183.0;15920.0;-1263.0
1519;PE;26.0;5004.0;Cupira;23390.0;22964.0;23518.0;128.0
1520;PE;26.0;5103.0;Custódia;33855.0;33855.0;37699.0;3844.0
1521;PE;26.0;5152.0;Dormentes;16917.0;16917.0;17188.0;271.0
1522;PE;26.0;5202.0;Escada;63517.0;63489.0;59891.0;-3626.0
1523;PE;26.0;5301.0;Exu;31636.0;31636.0;31843.0;207.0
1524;PE;26.0;5400.0;Feira Nova;20571.0;20571.0;21427.0;856.0
1525;PE;26.0;5459.0;Fernando de Noronha;2630.0;2630.0;3167.0;537.0
1526;PE;26.0;5509.0;Ferreiros;11430.0;11418.0;15026.0;3596.0
1527;PE;26.0;5608.0;Flores;22169.0;22169.0;20347.0;-1822.0
1528;PE;26.0;5707.0;Floresta;29285.0;29285.0;30137.0;852.0
1529;PE;26.0;5806.0;Frei Miguelinho;14293.0;14293.0;13636.0;-657.0
1530;PE;26.0;5905.0;Gameleira;27912.0;27912.0;18214.0;-9698.0
1531;PE;26.0;6002.0;Garanhuns;129408.0;129408.0;142506.0;13098.0
1532;PE;26.0;6101.0;Glória do Goitá;29019.0;29065.0;29347.0;328.0
1533;PE;26.0;6200.0;Goiana;75644.0;75231.0;81055.0;5411.0
1534;PE;26.0;6309.0;Granito;6855.0;6855.0;6967.0;112.0
1535;PE;26.0;6408.0;Gravatá;76458.0;76476.0;86516.0;10058.0
1536;PE;26.0;6507.0;Iati;18360.0;18360.0;17165.0;-1195.0
1537;PE;26.0;6606.0;Ibimirim;26954.0;25965.0;26593.0;-361.0
1538;PE;26.0;6705.0;Ibirajuba;7534.0;7534.0;7140.0;-394.0
1539;PE;26.0;6804.0;Igarassu;102021.0;102021.0;115196.0;13175.0
1540;PE;26.0;6903.0;Iguaracy;11779.0;11779.0;11081.0;-698.0
1541;PE;26.0;7000.0;Inajá;19081.0;20007.0;25603.0;6522.0
1542;PE;26.0;7109.0;Ingazeira;4496.0;4496.0;4765.0;269.0
1543;PE;26.0;7208.0;Ipojuca;80637.0;80637.0;98932.0;18295.0
1544;PE;26.0;7307.0;Ipubi;28120.0;27097.0;29009.0;889.0
1545;PE;26.0;7406.0;Itacuruba;4369.0;4369.0;4284.0;-85.0
1546;PE;26.0;7505.0;Itaíba;26256.0;26122.0;32650.0;6394.0
1547;PE;26.0;7604.0;Ilha de Itamaracá;21884.0;21884.0;24540.0;2656.0
1548;PE;26.0;7653.0;Itambé;35398.0;35398.0;34935.0;-463.0
1549;PE;26.0;7703.0;Itapetim;13881.0;13980.0;13791.0;-90.0
1550;PE;26.0;7752.0;Itapissuma;23769.0;23769.0;27749.0;3980.0
1551;PE;26.0;7802.0;Itaquitinga;15692.0;16105.0;16554.0;862.0
1552;PE;26.0;7901.0;Jaboatão dos Guararapes;644620.0;644620.0;644037.0;-583.0
1553;PE;26.0;7950.0;Jaqueira;11501.0;11501.0;10247.0;-1254.0
1554;PE;26.0;8008.0;Jataúba;15819.0;16042.0;15843.0;24.0
1555;PE;26.0;8057.0;Jatobá;13963.0;13963.0;14020.0;57.0
1556;PE;26.0;8107.0;João Alfredo;30743.0;30069.0;27725.0;-3018.0
1557;PE;26.0;8206.0;Joaquim Nabuco;15773.0;15732.0;13269.0;-2504.0
1558;PE;26.0;8255.0;Jucati;10604.0;10604.0;11517.0;913.0
1559;PE;26.0;8305.0;Jupi;13705.0;13705.0;15329.0;1624.0
1560;PE;26.0;8404.0;Jurema;14541.0;14541.0;13648.0;-893.0
1561;PE;26.0;8453.0;Lagoa do Carro;16007.0;16007.0;17981.0;1974.0
1562;PE;26.0;8503.0;Lagoa de Itaenga;20659.0;20659.0;19003.0;-1656.0
1563;PE;26.0;8602.0;Lagoa do Ouro;12132.0;12132.0;11933.0;-199.0
1564;PE;26.0;8701.0;Lagoa dos Gatos;15615.0;15665.0;14076.0;-1539.0
1565;PE;26.0;8750.0;Lagoa Grande;22760.0;22760.0;24088.0;1328.0
1566;PE;26.0;8800.0;Lajedo;36628.0;36628.0;39582.0;2954.0
1567;PE;26.0;8909.0;Limoeiro;55439.0;55439.0;56510.0;1071.0
1568;PE;26.0;9006.0;Macaparana;23925.0;23925.0;23879.0;-46.0
1569;PE;26.0;9105.0;Machados;13596.0;13627.0;11333.0;-2263.0
1570;PE;26.0;9154.0;Manari;18083.0;17887.0;23763.0;5680.0
1571;PE;26.0;9204.0;Maraial;12230.0;12230.0;9359.0;-2871.0
1572;PE;26.0;9303.0;Mirandiba;14308.0;14308.0;14166.0;-142.0
1573;PE;26.0;9402.0;Moreno;56696.0;56696.0;55292.0;-1404.0
1574;PE;26.0;9501.0;Nazaré da Mata;30796.0;30796.0;30648.0;-148.0
1575;PE;26.0;9600.0;Olinda;377779.0;377779.0;349976.0;-27803.0
1576;PE;26.0;9709.0;Orobó;22878.0;22878.0;21808.0;-1070.0
1577;PE;26.0;9808.0;Orocó;13180.0;13180.0;13613.0;433.0
1578;PE;26.0;9907.0;Ouricuri;64358.0;63228.0;65245.0;887.0
1579;PE;26.0;10004.0;Palmares;59526.0;59526.0;54584.0;-4942.0
1580;PE;26.0;10103.0;Palmeirina;8189.0;8373.0;7031.0;-1158.0
1581;PE;26.0;10202.0;Panelas;25645.0;26037.0;22991.0;-2654.0
1582;PE;26.0;10301.0;Paranatama;11001.0;10866.0;12199.0;1198.0
1583;PE;26.0;10400.0;Parnamirim;20224.0;20646.0;18612.0;-1612.0
1584;PE;26.0;10509.0;Passira;28628.0;28628.0;28340.0;-288.0
1585;PE;26.0;10608.0;Paudalho;51357.0;51361.0;56665.0;5308.0
1586;PE;26.0;10707.0;Paulista;300466.0;300466.0;342167.0;41701.0
1587;PE;26.0;10806.0;Pedra;20944.0;21644.0;22795.0;1851.0
1588;PE;26.0;10905.0;Pesqueira;62931.0;62737.0;62722.0;-209.0
1589;PE;26.0;11002.0;Petrolândia;32492.0;32492.0;34161.0;1669.0
1590;PE;26.0;11101.0;Petrolina;293962.0;293962.0;386791.0;92829.0
1591;PE;26.0;11200.0;Poção;11242.0;11019.0;10500.0;-742.0
1592;PE;26.0;11309.0;Pombos;24046.0;25953.0;27552.0;3506.0
1593;PE;26.0;11408.0;Primavera;13439.0;13409.0;13838.0;399.0
1594;PE;26.0;11507.0;Quipapá;24186.0;24186.0;17928.0;-6258.0
1595;PE;26.0;11533.0;Quixaba;6739.0;6739.0;6554.0;-185.0
1596;PE;26.0;11606.0;Recife;1537704.0;1537704.0;1488920.0;-48784.0
1597;PE;26.0;11705.0;Riacho das Almas;19162.0;19162.0;20639.0;1477.0
1598;PE;26.0;11804.0;Ribeirão;44439.0;44497.0;33507.0;-10932.0
1599;PE;26.0;11903.0;Rio Formoso;22151.0;22151.0;20009.0;-2142.0
1600;PE;26.0;12000.0;Sairé;11240.0;11240.0;10887.0;-353.0
1601;PE;26.0;12109.0;Salgadinho;9312.0;9312.0;5727.0;-3585.0
1602;PE;26.0;12208.0;Salgueiro;56629.0;56629.0;62372.0;5743.0
1603;PE;26.0;12307.0;Saloá;15309.0;15309.0;13836.0;-1473.0
1604;PE;26.0;12406.0;Sanharó;21955.0;21955.0;18624.0;-3331.0
1605;PE;26.0;12455.0;Santa Cruz;13594.0;13594.0;13841.0;247.0
1606;PE;26.0;12471.0;Santa Cruz da Baixa Verde;11768.0;11768.0;11567.0;-201.0
1607;PE;26.0;12505.0;Santa Cruz do Capibaribe;87582.0;87582.0;98254.0;10672.0
1608;PE;26.0;12554.0;Santa Filomena;13371.0;13371.0;12106.0;-1265.0
1609;PE;26.0;12604.0;Santa Maria da Boa Vista;39435.0;39435.0;40578.0;1143.0
1610;PE;26.0;12703.0;Santa Maria do Cambucá;13021.0;13021.0;14013.0;992.0
1611;PE;26.0;12802.0;Santa Terezinha;10991.0;11089.0;10244.0;-747.0
1612;PE;26.0;12901.0;São Benedito do Sul;13941.0;13941.0;13113.0;-828.0
1613;PE;26.0;13008.0;São Bento do Una;53242.0;53242.0;49449.0;-3793.0
1614;PE;26.0;13107.0;São Caitano;35274.0;35274.0;37126.0;1852.0
1615;PE;26.0;13206.0;São João;21312.0;21312.0;23837.0;2525.0
1616;PE;26.0;13305.0;São Joaquim do Monte;20488.0;20488.0;20037.0;-451.0
1617;PE;26.0;13404.0;São José da Coroa Grande;18180.0;18180.0;18825.0;645.0
1618;PE;26.0;13503.0;São José do Belmonte;32617.0;32617.0;34843.0;2226.0
1619;PE;26.0;13602.0;São José do Egito;31829.0;31582.0;31004.0;-825.0
1620;PE;26.0;13701.0;São Lourenço da Mata;102895.0;102889.0;111249.0;8354.0
1621;PE;26.0;13800.0;São Vicente Férrer;17000.0;16969.0;16677.0;-323.0
1622;PE;26.0;13909.0;Serra Talhada;79232.0;79232.0;92228.0;12996.0
1623;PE;26.0;14006.0;Serrita;18331.0;18446.0;18207.0;-124.0
1624;PE;26.0;14105.0;Sertânia;33787.0;33787.0;32811.0;-976.0
1625;PE;26.0;14204.0;Sirinhaém;40296.0;40296.0;37596.0;-2700.0
1626;PE;26.0;14303.0;Moreilândia;11132.0;11017.0;10540.0;-592.0
1627;PE;26.0;14402.0;Solidão;5744.0;5744.0;5210.0;-534.0
1628;PE;26.0;14501.0;Surubim;58515.0;58515.0;64120.0;5605.0
1629;PE;26.0;14600.0;Tabira;26427.0;26436.0;27681.0;1254.0
1630;PE;26.0;14709.0;Tacaimbó;12725.0;12725.0;13738.0;1013.0
1631;PE;26.0;14808.0;Tacaratu;22068.0;22068.0;23902.0;1834.0
1632;PE;26.0;14857.0;Tamandaré;20715.0;20715.0;23561.0;2846.0
1633;PE;26.0;15003.0;Taquaritinga do Norte;24903.0;24903.0;24736.0;-167.0
1634;PE;26.0;15102.0;Terezinha;6737.0;6737.0;6513.0;-224.0
1635;PE;26.0;15201.0;Terra Nova;9278.0;8856.0;8920.0;-358.0
1636;PE;26.0;15300.0;Timbaúba;53825.0;53825.0;46147.0;-7678.0
1637;PE;26.0;15409.0;Toritama;35554.0;35554.0;41137.0;5583.0
1638;PE;26.0;15508.0;Tracunhaém;13055.0;13055.0;13867.0;812.0
1639;PE;26.0;15607.0;Trindade;26116.0;27142.0;30321.0;4205.0
1640;PE;26.0;15706.0;Triunfo;15006.0;15006.0;14705.0;-301.0
1641;PE;26.0;15805.0;Tupanatinga;24425.0;24425.0;26937.0;2512.0
1642;PE;26.0;15904.0;Tuparetama;7925.0;7966.0;8005.0;80.0
1643;PE;26.0;16001.0;Venturosa;16052.0;16433.0;17251.0;1199.0
1644;PE;26.0;16100.0;Verdejante;9142.0;9142.0;9169.0;27.0
1645;PE;26.0;16183.0;Vertente do Lério;7873.0;7873.0;7558.0;-315.0
1646;PE;26.0;16209.0;Vertentes;18222.0;18222.0;21959.0;3737.0
1647;PE;26.0;16308.0;Vicência;30732.0;30732.0;26359.0;-4373.0
1648;PE;26.0;16407.0;Vitória de Santo Antão;129974.0;128017.0;134084.0;4110.0
1649;PE;26.0;16506.0;Xexéu;14093.0;14093.0;11611.0;-2482.0
1650;AL;27.0;102.0;Água Branca;19377.0;19389.0;19008.0;-369.0
1651;AL;27.0;201.0;Anadia;17424.0;17318.0;13966.0;-3458.0
1652;AL;27.0;300.0;Arapiraca;214006.0;213671.0;234696.0;20690.0
1653;AL;27.0;409.0;Atalaia;44322.0;44326.0;37512.0;-6810.0
1654;AL;27.0;508.0;Barra de Santo Antônio;14230.0;14230.0;16365.0;2135.0
1655;AL;27.0;607.0;Barra de São Miguel;7574.0;7574.0;7944.0;370.0
1656;AL;27.0;706.0;Batalha;17076.0;16769.0;16448.0;-628.0
1657;AL;27.0;805.0;Belém;4551.0;4829.0;4722.0;171.0
1658;AL;27.0;904.0;Belo Monte;7030.0;6476.0;5936.0;-1094.0
1659;AL;27.0;1001.0;Boca da Mata;25776.0;25916.0;21187.0;-4589.0
1660;AL;27.0;1100.0;Branquinha;10583.0;10583.0;9603.0;-980.0
1661;AL;27.0;1209.0;Cacimbinhas;10195.0;10300.0;10482.0;287.0
1662;AL;27.0;1308.0;Cajueiro;20409.0;20106.0;16024.0;-4385.0
1663;AL;27.0;1357.0;Campestre;6598.0;6598.0;6665.0;67.0
1664;AL;27.0;1407.0;Campo Alegre;50816.0;51121.0;32106.0;-18710.0
1665;AL;27.0;1506.0;Campo Grande;9032.0;9244.0;8143.0;-889.0
1666;AL;27.0;1605.0;Canapi;17250.0;17338.0;15559.0;-1691.0
1667;AL;27.0;1704.0;Capela;17077.0;17367.0;15032.0;-2045.0
1668;AL;27.0;1803.0;Carneiros;8290.0;8415.0;8999.0;709.0
1669;AL;27.0;1902.0;Chã Preta;7146.0;7138.0;5910.0;-1236.0
1670;AL;27.0;2009.0;Coité do Nóia;10926.0;10926.0;10810.0;-116.0
1671;AL;27.0;2108.0;Colônia Leopoldina;20019.0;20019.0;15816.0;-4203.0
1672;AL;27.0;2207.0;Coqueiro Seco;5526.0;5526.0;5581.0;55.0
1673;AL;27.0;2306.0;Coruripe;52130.0;52072.0;50414.0;-1716.0
1674;AL;27.0;2355.0;Craíbas;22641.0;22785.0;25397.0;2756.0
1675;AL;27.0;2405.0;Delmiro Gouveia;48096.0;48399.0;51318.0;3222.0
1676;AL;27.0;2504.0;Dois Riachos;10880.0;10894.0;9805.0;-1075.0
1677;AL;27.0;2553.0;Estrela de Alagoas;17251.0;17287.0;15429.0;-1822.0
1678;AL;27.0;2603.0;Feira Grande;21321.0;21513.0;22712.0;1391.0
1679;AL;27.0;2702.0;Feliz Deserto;4345.0;4403.0;3963.0;-382.0
1680;AL;27.0;2801.0;Flexeiras;12325.0;12325.0;9618.0;-2707.0
1681;AL;27.0;2900.0;Girau do Ponciano;36600.0;36837.0;36102.0;-498.0
1682;AL;27.0;3007.0;Ibateguara;15149.0;15149.0;13731.0;-1418.0
1683;AL;27.0;3106.0;Igaci;25188.0;25197.0;23995.0;-1193.0
1684;AL;27.0;3205.0;Igreja Nova;23292.0;23074.0;21372.0;-1920.0
1685;AL;27.0;3304.0;Inhapi;17898.0;17886.0;15167.0;-2731.0
1686;AL;27.0;3403.0;Jacaré dos Homens;5413.0;5461.0;5083.0;-330.0
1687;AL;27.0;3502.0;Jacuípe;6997.0;6997.0;5352.0;-1645.0
1688;AL;27.0;3601.0;Japaratinga;7754.0;7754.0;9219.0;1465.0
1689;AL;27.0;3700.0;Jaramataia;5558.0;5727.0;4985.0;-573.0
1690;AL;27.0;3759.0;Jequiá da Praia;12029.0;11724.0;9470.0;-2559.0
1691;AL;27.0;3809.0;Joaquim Gomes;22575.0;22575.0;17150.0;-5425.0
1692;AL;27.0;3908.0;Jundiá;4202.0;4237.0;4092.0;-110.0
1693;AL;27.0;4005.0;Junqueiro;23836.0;24192.0;23907.0;71.0
1694;AL;27.0;4104.0;Lagoa da Canoa;18250.0;18219.0;18457.0;207.0
1695;AL;27.0;4203.0;Limoeiro de Anadia;26992.0;26636.0;24740.0;-2252.0
1696;AL;27.0;4302.0;Maceió;932748.0;932642.0;957916.0;25168.0
1697;AL;27.0;4401.0;Major Isidoro;18897.0;18753.0;17700.0;-1197.0
1698;AL;27.0;4500.0;Maragogi;28749.0;28749.0;32174.0;3425.0
1699;AL;27.0;4609.0;Maravilha;10284.0;10490.0;9534.0;-750.0
1700;AL;27.0;4708.0;Marechal Deodoro;45977.0;46018.0;60370.0;14393.0
1701;AL;27.0;4807.0;Maribondo;13619.0;13648.0;13679.0;60.0
1702;AL;27.0;4906.0;Mar Vermelho;3652.0;3623.0;3155.0;-497.0
1703;AL;27.0;5002.0;Mata Grande;24698.0;24719.0;21844.0;-2854.0
1704;AL;27.0;5101.0;Matriz de Camaragibe;23785.0;24137.0;23857.0;72.0
1705;AL;27.0;5200.0;Messias;15682.0;15733.0;15405.0;-277.0
1706;AL;27.0;5309.0;Minador do Negrão;5275.0;5275.0;4845.0;-430.0
1707;AL;27.0;5408.0;Monteirópolis;6935.0;6934.0;7184.0;249.0
1708;AL;27.0;5507.0;Murici;26710.0;26627.0;25187.0;-1523.0
1709;AL;27.0;5606.0;Novo Lino;12060.0;11673.0;10020.0;-2040.0
1710;AL;27.0;5705.0;Olho d'Água das Flores;20364.0;20617.0;20695.0;331.0
1711;AL;27.0;5804.0;Olho d'Água do Casado;8491.0;8491.0;8349.0;-142.0
1712;AL;27.0;5903.0;Olho d'Água Grande;4957.0;4950.0;4330.0;-627.0
1713;AL;27.0;6000.0;Olivença;11047.0;11029.0;10812.0;-235.0
1714;AL;27.0;6109.0;Ouro Branco;10912.0;10848.0;11446.0;534.0
1715;AL;27.0;6208.0;Palestina;5112.0;4646.0;4325.0;-787.0
1716;AL;27.0;6307.0;Palmeira dos Índios;70368.0;70341.0;71574.0;1206.0
1717;AL;27.0;6406.0;Pão de Açúcar;23811.0;24277.0;23823.0;12.0
1718;AL;27.0;6422.0;Pariconha;10264.0;10227.0;10573.0;309.0
1719;AL;27.0;6448.0;Paripueira;11347.0;11347.0;13835.0;2488.0
1720;AL;27.0;6505.0;Passo de Camaragibe;14763.0;14763.0;13804.0;-959.0
1721;AL;27.0;6604.0;Paulo Jacinto;7426.0;7426.0;6576.0;-850.0
1722;AL;27.0;6703.0;Penedo;60378.0;60596.0;58650.0;-1728.0
1723;AL;27.0;6802.0;Piaçabuçu;17203.0;17203.0;15908.0;-1295.0
1724;AL;27.0;6901.0;Pilar;33305.0;33305.0;35370.0;2065.0
1725;AL;27.0;7008.0;Pindoba;2866.0;2866.0;2731.0;-135.0
1726;AL;27.0;7107.0;Piranhas;23045.0;23045.0;22609.0;-436.0
1727;AL;27.0;7206.0;Poço das Trincheiras;13872.0;13748.0;12518.0;-1354.0
1728;AL;27.0;7305.0;Porto Calvo;25708.0;25708.0;24071.0;-1637.0
1729;AL;27.0;7404.0;Porto de Pedras;8429.0;8429.0;9295.0;866.0
1730;AL;27.0;7503.0;Porto Real do Colégio;19334.0;19141.0;20082.0;748.0
1731;AL;27.0;7602.0;Quebrangulo;11480.0;11480.0;11080.0;-400.0
1732;AL;27.0;7701.0;Rio Largo;68481.0;70685.0;93927.0;25446.0
1733;AL;27.0;7800.0;Roteiro;6656.0;6656.0;6474.0;-182.0
1734;AL;27.0;7909.0;Santa Luzia do Norte;6891.0;6891.0;6919.0;28.0
1735;AL;27.0;8006.0;Santana do Ipanema;44932.0;44867.0;46220.0;1288.0
1736;AL;27.0;8105.0;Santana do Mundaú;10961.0;10997.0;11323.0;362.0
1737;AL;27.0;8204.0;São Brás;6718.0;6718.0;6555.0;-163.0
1738;AL;27.0;8303.0;São José da Laje;22686.0;22686.0;20813.0;-1873.0
1739;AL;27.0;8402.0;São José da Tapera;30088.0;30009.0;30604.0;516.0
1740;AL;27.0;8501.0;São Luís do Quitunde;32412.0;32412.0;30873.0;-1539.0
1741;AL;27.0;8600.0;São Miguel dos Campos;54577.0;54502.0;51990.0;-2587.0
1742;AL;27.0;8709.0;São Miguel dos Milagres;7163.0;7163.0;8482.0;1319.0
1743;AL;27.0;8808.0;São Sebastião;32010.0;32010.0;31786.0;-224.0
1744;AL;27.0;8907.0;Satuba;14603.0;12443.0;24278.0;9675.0
1745;AL;27.0;8956.0;Senador Rui Palmeira;13047.0;12974.0;12303.0;-744.0
1746;AL;27.0;9004.0;Tanque d'Arca;6122.0;6249.0;5796.0;-326.0
1747;AL;27.0;9103.0;Taquarana;19020.0;18615.0;19032.0;12.0
1748;AL;27.0;9152.0;Teotônio Vilela;41152.0;41152.0;38053.0;-3099.0
1749;AL;27.0;9202.0;Traipu;25702.0;25992.0;23565.0;-2137.0
1750;AL;27.0;9301.0;União dos Palmares;62358.0;62326.0;59280.0;-3078.0
1751;AL;27.0;9400.0;Viçosa;25407.0;25514.0;24092.0;-1315.0
1752;SE;28.0;100.0;Amparo do São Francisco;2275.0;2275.0;2170.0;-105.0
1753;SE;28.0;209.0;Aquidabã;20056.0;20056.0;20131.0;75.0
1754;SE;28.0;308.0;Aracaju;571149.0;571149.0;602757.0;31608.0
1755;SE;28.0;407.0;Arauá;10878.0;10878.0;10318.0;-560.0
1756;SE;28.0;506.0;Areia Branca;16857.0;16857.0;18081.0;1224.0
1757;SE;28.0;605.0;Barra dos Coqueiros;24976.0;24976.0;41511.0;16535.0
1758;SE;28.0;670.0;Boquim;25533.0;25533.0;24636.0;-897.0
1759;SE;28.0;704.0;Brejo Grande;7742.0;7742.0;7841.0;99.0
1760;SE;28.0;1009.0;Campo do Brito;16749.0;16749.0;18149.0;1400.0
1761;SE;28.0;1108.0;Canhoba;3956.0;3956.0;3791.0;-165.0
1762;SE;28.0;1207.0;Canindé de São Francisco;24686.0;24654.0;26834.0;2148.0
1763;SE;28.0;1306.0;Capela;30761.0;30761.0;31645.0;884.0
1764;SE;28.0;1405.0;Carira;20007.0;20199.0;19939.0;-68.0
1765;SE;28.0;1504.0;Carmópolis;13503.0;13503.0;13853.0;350.0
1766;SE;28.0;1603.0;Cedro de São João;5633.0;5633.0;5391.0;-242.0
1767;SE;28.0;1702.0;Cristinápolis;16519.0;16087.0;17100.0;581.0
1768;SE;28.0;1900.0;Cumbe;3813.0;3813.0;3824.0;11.0
1769;SE;28.0;2007.0;Divina Pastora;4326.0;4326.0;4340.0;14.0
1770;SE;28.0;2106.0;Estância;64409.0;64409.0;65078.0;669.0
1771;SE;28.0;2205.0;Feira Nova;5324.0;5324.0;5975.0;651.0
1772;SE;28.0;2304.0;Frei Paulo;13874.0;13874.0;14530.0;656.0
1773;SE;28.0;2403.0;Gararu;11405.0;11405.0;11096.0;-309.0
1774;SE;28.0;2502.0;General Maynard;2929.0;2929.0;3037.0;108.0
1775;SE;28.0;2601.0;Gracho Cardoso;5645.0;5645.0;5834.0;189.0
1776;SE;28.0;2700.0;Ilha das Flores;8348.0;8348.0;8321.0;-27.0
1777;SE;28.0;2809.0;Indiaroba;15831.0;15831.0;16549.0;718.0
1778;SE;28.0;2908.0;Itabaiana;86967.0;86967.0;103440.0;16473.0
1779;SE;28.0;3005.0;Itabaianinha;38910.0;38910.0;40678.0;1768.0
1780;SE;28.0;3104.0;Itabi;4972.0;4972.0;4745.0;-227.0
1781;SE;28.0;3203.0;Itaporanga d'Ajuda;30419.0;30419.0;34411.0;3992.0
1782;SE;28.0;3302.0;Japaratuba;16864.0;16864.0;16209.0;-655.0
1783;SE;28.0;3401.0;Japoatã;12938.0;13236.0;13407.0;469.0
1784;SE;28.0;3500.0;Lagarto;94861.0;94861.0;101579.0;6718.0
1785;SE;28.0;3609.0;Laranjeiras;26902.0;26902.0;23975.0;-2927.0
1786;SE;28.0;3708.0;Macambira;6401.0;6401.0;6838.0;437.0
1787;SE;28.0;3807.0;Malhada dos Bois;3456.0;3456.0;3579.0;123.0
1788;SE;28.0;3906.0;Malhador;12042.0;12042.0;11533.0;-509.0
1789;SE;28.0;4003.0;Maruim;16343.0;16343.0;15719.0;-624.0
1790;SE;28.0;4102.0;Moita Bonita;11001.0;11001.0;11050.0;49.0
1791;SE;28.0;4201.0;Monte Alegre de Sergipe;13627.0;13415.0;14336.0;709.0
1792;SE;28.0;4300.0;Muribeca;7344.0;7344.0;7822.0;478.0
1793;SE;28.0;4409.0;Neópolis;18506.0;18506.0;16426.0;-2080.0
1794;SE;28.0;4458.0;Nossa Senhora Aparecida;8508.0;8508.0;9232.0;724.0
1795;SE;28.0;4508.0;Nossa Senhora da Glória;32497.0;32497.0;41212.0;8715.0
1796;SE;28.0;4607.0;Nossa Senhora das Dores;24580.0;24580.0;24996.0;416.0
1797;SE;28.0;4706.0;Nossa Senhora de Lourdes;6238.0;6238.0;6268.0;30.0
1798;SE;28.0;4805.0;Nossa Senhora do Socorro;160827.0;160827.0;192330.0;31503.0
1799;SE;28.0;4904.0;Pacatuba;13137.0;13105.0;12502.0;-635.0
1800;SE;28.0;5000.0;Pedra Mole;2974.0;2974.0;2778.0;-196.0
1801;SE;28.0;5109.0;Pedrinhas;8833.0;8833.0;7396.0;-1437.0
1802;SE;28.0;5208.0;Pinhão;5973.0;5973.0;5677.0;-296.0
1803;SE;28.0;5307.0;Pirambu;8369.0;8369.0;7913.0;-456.0
1804;SE;28.0;5406.0;Poço Redondo;30880.0;30888.0;33439.0;2559.0
1805;SE;28.0;5505.0;Poço Verde;21983.0;21983.0;21794.0;-189.0
1806;SE;28.0;5604.0;Porto da Folha;27146.0;27146.0;26576.0;-570.0
1807;SE;28.0;5703.0;Propriá;28451.0;28451.0;26618.0;-1833.0
1808;SE;28.0;5802.0;Riachão do Dantas;19386.0;19386.0;18313.0;-1073.0
1809;SE;28.0;5901.0;Riachuelo;9355.0;9355.0;8748.0;-607.0
1810;SE;28.0;6008.0;Ribeirópolis;17173.0;17173.0;17033.0;-140.0
1811;SE;28.0;6107.0;Rosário do Catete;9221.0;9221.0;9295.0;74.0
1812;SE;28.0;6206.0;Salgado;19365.0;19365.0;20279.0;914.0
1813;SE;28.0;6305.0;Santa Luzia do Itanhy;12969.0;12969.0;13616.0;647.0
1814;SE;28.0;6404.0;Santana do São Francisco;7038.0;7038.0;7346.0;308.0
1815;SE;28.0;6503.0;Santa Rosa de Lima;3749.0;3749.0;3937.0;188.0
1816;SE;28.0;6602.0;Santo Amaro das Brotas;11410.0;11410.0;11092.0;-318.0
1817;SE;28.0;6701.0;São Cristóvão;78864.0;78864.0;95612.0;16748.0
1818;SE;28.0;6800.0;São Domingos;10271.0;10271.0;10327.0;56.0
1819;SE;28.0;6909.0;São Francisco;3393.0;3127.0;3243.0;-150.0
1820;SE;28.0;7006.0;São Miguel do Aleixo;3698.0;3698.0;3434.0;-264.0
1821;SE;28.0;7105.0;Simão Dias;38702.0;38581.0;42578.0;3876.0
1822;SE;28.0;7204.0;Siriri;8004.0;8004.0;7834.0;-170.0
1823;SE;28.0;7303.0;Telha;2957.0;2957.0;3274.0;317.0
1824;SE;28.0;7402.0;Tobias Barreto;48040.0;48040.0;50905.0;2865.0
1825;SE;28.0;7501.0;Tomar do Geru;12855.0;13287.0;12012.0;-843.0
1826;SE;28.0;7600.0;Umbaúba;22434.0;22434.0;23917.0;1483.0
1827;BA;29.0;108.0;Abaíra;8316.0;8841.0;7301.0;-1015.0
1828;BA;29.0;207.0;Abaré;17064.0;17155.0;17639.0;575.0
1829;BA;29.0;306.0;Acajutiba;14653.0;14577.0;13795.0;-858.0
1830;BA;29.0;355.0;Adustina;15702.0;15861.0;14201.0;-1501.0
1831;BA;29.0;405.0;Água Fria;15731.0;15997.0;14497.0;-1234.0
1832;BA;29.0;504.0;Érico Cardoso;10859.0;10882.0;10604.0;-255.0
1833;BA;29.0;603.0;Aiquara;4602.0;4648.0;4447.0;-155.0
1834;BA;29.0;702.0;Alagoinhas;141949.0;141463.0;151055.0;9106.0
1835;BA;29.0;801.0;Alcobaça;21271.0;21823.0;24530.0;3259.0
1836;BA;29.0;900.0;Almadina;6357.0;6304.0;5218.0;-1139.0
1837;BA;29.0;1007.0;Amargosa;34351.0;34557.0;36521.0;2170.0
1838;BA;29.0;1106.0;Amélia Rodrigues;25190.0;25125.0;24138.0;-1052.0
1839;BA;29.0;1155.0;América Dourada;15961.0;15810.0;15137.0;-824.0
1840;BA;29.0;1205.0;Anagé;25516.0;25423.0;25438.0;-78.0
1841;BA;29.0;1304.0;Andaraí;13960.0;12983.0;13080.0;-880.0
1842;BA;29.0;1353.0;Andorinha;14414.0;15190.0;15012.0;598.0
1843;BA;29.0;1403.0;Angical;14073.0;14073.0;13732.0;-341.0
1844;BA;29.0;1502.0;Anguera;10242.0;10259.0;11031.0;789.0
1845;BA;29.0;1601.0;Antas;17072.0;17072.0;14206.0;-2866.0
1846;BA;29.0;1700.0;Antônio Cardoso;11554.0;11521.0;11146.0;-408.0
1847;BA;29.0;1809.0;Antônio Gonçalves;11015.0;10785.0;10862.0;-153.0
1848;BA;29.0;1908.0;Aporá;17731.0;16838.0;15922.0;-1809.0
1849;BA;29.0;1957.0;Apuarema;7459.0;7463.0;6913.0;-546.0
1850;BA;29.0;2005.0;Aracatu;13743.0;13743.0;13936.0;193.0
1851;BA;29.0;2054.0;Araçás;11561.0;11625.0;11557.0;-4.0
1852;BA;29.0;2104.0;Araci;51651.0;50689.0;48294.0;-3357.0
1853;BA;29.0;2203.0;Aramari;10036.0;10561.0;9833.0;-203.0
1854;BA;29.0;2252.0;Arataca;10392.0;11361.0;10191.0;-201.0
1855;BA;29.0;2302.0;Aratuípe;8599.0;8536.0;8677.0;78.0
1856;BA;29.0;2401.0;Aurelino Leal;13595.0;13552.0;11179.0;-2416.0
1857;BA;29.0;2500.0;Baianópolis;13850.0;13100.0;13614.0;-236.0
1858;BA;29.0;2609.0;Baixa Grande;20060.0;20240.0;18220.0;-1840.0
1859;BA;29.0;2658.0;Banzaê;11814.0;12854.0;11958.0;144.0
1860;BA;29.0;2708.0;Barra;49325.0;49291.0;51092.0;1767.0
1861;BA;29.0;2807.0;Barra da Estiva;21187.0;22173.0;26026.0;4839.0
1862;BA;29.0;2906.0;Barra do Choça;34788.0;34817.0;36539.0;1751.0
1863;BA;29.0;3003.0;Barra do Mendes;13987.0;13233.0;13836.0;-151.0
1864;BA;29.0;3102.0;Barra do Rocha;6313.0;6591.0;5775.0;-538.0
1865;BA;29.0;3201.0;Barreiras;137427.0;137427.0;159734.0;22307.0
1866;BA;29.0;3235.0;Barro Alto;13612.0;13444.0;13453.0;-159.0
1867;BA;29.0;3276.0;Barrocas;14191.0;14429.0;15203.0;1012.0
1868;BA;29.0;3300.0;Barro Preto;6453.0;6873.0;5833.0;-620.0
1869;BA;29.0;3409.0;Belmonte;21798.0;21804.0;20121.0;-1677.0
1870;BA;29.0;3508.0;Belo Campo;16021.0;17851.0;18412.0;2391.0
1871;BA;29.0;3607.0;Biritinga;14836.0;15612.0;15146.0;310.0
1872;BA;29.0;3706.0;Boa Nova;15411.0;15341.0;13690.0;-1721.0
1873;BA;29.0;3805.0;Boa Vista do Tupim;17991.0;18630.0;16873.0;-1118.0
1874;BA;29.0;3904.0;Bom Jesus da Lapa;63480.0;62771.0;65550.0;2070.0
1875;BA;29.0;3953.0;Bom Jesus da Serra;10113.0;10249.0;9730.0;-383.0
1876;BA;29.0;4001.0;Boninal;13695.0;13330.0;13622.0;-73.0
1877;BA;29.0;4050.0;Bonito;14834.0;15254.0;15844.0;1010.0
1878;BA;29.0;4100.0;Boquira;22037.0;21184.0;19322.0;-2715.0
1879;BA;29.0;4209.0;Botuporã;11154.0;10824.0;11024.0;-130.0
1880;BA;29.0;4308.0;Brejões;14282.0;14711.0;12943.0;-1339.0
1881;BA;29.0;4407.0;Brejolândia;11077.0;9757.0;9108.0;-1969.0
1882;BA;29.0;4506.0;Brotas de Macaúbas;10717.0;11705.0;11765.0;1048.0
1883;BA;29.0;4605.0;Brumado;64602.0;64493.0;70510.0;5908.0
1884;BA;29.0;4704.0;Buerarema;18605.0;18377.0;14804.0;-3801.0
1885;BA;29.0;4753.0;Buritirama;19600.0;19753.0;19589.0;-11.0
1886;BA;29.0;4803.0;Caatiba;11420.0;9252.0;6205.0;-5215.0
1887;BA;29.0;4852.0;Cabaceiras do Paraguaçu;17327.0;17420.0;16559.0;-768.0
1888;BA;29.0;4902.0;Cachoeira;32026.0;31865.0;29250.0;-2776.0
1889;BA;29.0;5008.0;Caculé;22236.0;21541.0;22462.0;226.0
1890;BA;29.0;5107.0;Caém;10368.0;10522.0;10384.0;16.0
1891;BA;29.0;5156.0;Caetanos;13639.0;13615.0;11266.0;-2373.0
1892;BA;29.0;5206.0;Caetité;47515.0;48913.0;52012.0;4497.0
1893;BA;29.0;5305.0;Cafarnaum;17209.0;17324.0;17466.0;257.0
1894;BA;29.0;5404.0;Cairu;15374.0;15374.0;17761.0;2387.0
1895;BA;29.0;5503.0;Caldeirão Grande;12491.0;12438.0;13080.0;589.0
1896;BA;29.0;5602.0;Camacan;31472.0;31173.0;22579.0;-8893.0
1897;BA;29.0;5701.0;Camaçari;242970.0;242970.0;300372.0;57402.0
1898;BA;29.0;5800.0;Camamu;35180.0;33972.0;30469.0;-4711.0
1899;BA;29.0;5909.0;Campo Alegre de Lourdes;28090.0;28021.0;30671.0;2581.0
1900;BA;29.0;6006.0;Campo Formoso;66616.0;67059.0;71377.0;4761.0
1901;BA;29.0;6105.0;Canápolis;9410.0;9597.0;10225.0;815.0
1902;BA;29.0;6204.0;Canarana;24067.0;24195.0;24206.0;139.0
1903;BA;29.0;6303.0;Canavieiras;32336.0;32357.0;32683.0;347.0
1904;BA;29.0;6402.0;Candeal;8895.0;8837.0;7772.0;-1123.0
1905;BA;29.0;6501.0;Candeias;83158.0;81634.0;72382.0;-10776.0
1906;BA;29.0;6600.0;Candiba;13210.0;13557.0;13016.0;-194.0
1907;BA;29.0;6709.0;Cândido Sales;27918.0;26015.0;25247.0;-2671.0
1908;BA;29.0;6808.0;Cansanção;32908.0;33668.0;37439.0;4531.0
1909;BA;29.0;6824.0;Canudos;15732.0;15522.0;16105.0;373.0
1910;BA;29.0;6857.0;Capela do Alto Alegre;11527.0;11609.0;10744.0;-783.0
1911;BA;29.0;6873.0;Capim Grosso;26577.0;28093.0;33235.0;6658.0
1912;BA;29.0;6899.0;Caraíbas;10222.0;10222.0;9940.0;-282.0
1913;BA;29.0;6907.0;Caravelas;21414.0;20833.0;20580.0;-834.0
1914;BA;29.0;7004.0;Cardeal da Silva;8899.0;8609.0;8365.0;-534.0
1915;BA;29.0;7103.0;Carinhanha;28380.0;27948.0;28869.0;489.0
1916;BA;29.0;7202.0;Casa Nova;64940.0;64940.0;72086.0;7146.0
1917;BA;29.0;7301.0;Castro Alves;25408.0;25222.0;24712.0;-696.0
1918;BA;29.0;7400.0;Catolândia;2612.0;3297.0;3434.0;822.0
1919;BA;29.0;7509.0;Catu;51077.0;51028.0;48148.0;-2929.0
1920;BA;29.0;7558.0;Caturama;8843.0;9260.0;8841.0;-2.0
1921;BA;29.0;7608.0;Central;17013.0;16789.0;16348.0;-665.0
1922;BA;29.0;7707.0;Chorrochó;10734.0;10734.0;10579.0;-155.0
1923;BA;29.0;7806.0;Cícero Dantas;32300.0;31266.0;30907.0;-1393.0
1924;BA;29.0;7905.0;Cipó;15755.0;16449.0;17230.0;1475.0
1925;BA;29.0;8002.0;Coaraci;20964.0;20964.0;17333.0;-3631.0
1926;BA;29.0;8101.0;Cocos;18153.0;18111.0;19151.0;998.0
1927;BA;29.0;8200.0;Conceição da Feira;20391.0;20375.0;20800.0;409.0
1928;BA;29.0;8309.0;Conceição do Almeida;17889.0;17698.0;15794.0;-2095.0
1929;BA;29.0;8408.0;Conceição do Coité;62040.0;61378.0;67825.0;5785.0
1930;BA;29.0;8507.0;Conceição do Jacuípe;30123.0;30112.0;35308.0;5185.0
1931;BA;29.0;8606.0;Conde;23620.0;23403.0;23654.0;34.0
1932;BA;29.0;8705.0;Condeúba;16898.0;17571.0;17053.0;155.0
1933;BA;29.0;8804.0;Contendas do Sincorá;4663.0;4181.0;4333.0;-330.0
1934;BA;29.0;8903.0;Coração de Maria;22401.0;23213.0;26692.0;4291.0
1935;BA;29.0;9000.0;Cordeiros;8168.0;8174.0;7546.0;-622.0
1936;BA;29.0;9109.0;Coribe;14307.0;14339.0;13990.0;-317.0
1937;BA;29.0;9208.0;Coronel João Sá;17066.0;17293.0;17056.0;-10.0
1938;BA;29.0;9307.0;Correntina;31249.0;30970.0;32457.0;1208.0
1939;BA;29.0;9406.0;Cotegipe;13636.0;13636.0;13063.0;-573.0
1940;BA;29.0;9505.0;Cravolândia;5041.0;5233.0;4415.0;-626.0
1941;BA;29.0;9604.0;Crisópolis;20046.0;20099.0;19729.0;-317.0
1942;BA;29.0;9703.0;Cristópolis;13280.0;13280.0;13993.0;713.0
1943;BA;29.0;9802.0;Cruz das Almas;58606.0;58562.0;60348.0;1742.0
1944;BA;29.0;9901.0;Curaçá;32168.0;32191.0;34180.0;2012.0
1945;BA;29.0;10008.0;Dário Meira;12836.0;12309.0;10820.0;-2016.0
1946;BA;29.0;10057.0;Dias d'Ávila;66440.0;66440.0;71485.0;5045.0
1947;BA;29.0;10107.0;Dom Basílio;11355.0;11553.0;11884.0;529.0
1948;BA;29.0;10206.0;Dom Macedo Costa;3874.0;3907.0;4407.0;533.0
1949;BA;29.0;10305.0;Elísio Medrado;7947.0;7926.0;7808.0;-139.0
1950;BA;29.0;10404.0;Encruzilhada;23766.0;22108.0;19107.0;-4659.0
1951;BA;29.0;10503.0;Entre Rios;39872.0;39776.0;38098.0;-1774.0
1952;BA;29.0;10602.0;Esplanada;32802.0;33191.0;32554.0;-248.0
1953;BA;29.0;10701.0;Euclides da Cunha;56289.0;56739.0;61456.0;5167.0
1954;BA;29.0;10727.0;Eunápolis;100196.0;101255.0;113710.0;13514.0
1955;BA;29.0;10750.0;Fátima;17652.0;17976.0;17895.0;243.0
1956;BA;29.0;10776.0;Feira da Mata;6184.0;5595.0;5631.0;-553.0
1957;BA;29.0;10800.0;Feira de Santana;556642.0;556588.0;616272.0;59630.0
1958;BA;29.0;10859.0;Filadélfia;16740.0;16364.0;17897.0;1157.0
1959;BA;29.0;10909.0;Firmino Alves;5384.0;5384.0;4873.0;-511.0
1960;BA;29.0;11006.0;Floresta Azul;10660.0;10941.0;11059.0;399.0
1961;BA;29.0;11105.0;Formosa do Rio Preto;22528.0;22490.0;25899.0;3371.0
1962;BA;29.0;11204.0;Gandu;30336.0;29887.0;32178.0;1842.0
1963;BA;29.0;11253.0;Gavião;4561.0;4600.0;4360.0;-201.0
1964;BA;29.0;11303.0;Gentio do Ouro;10622.0;10755.0;10884.0;262.0
1965;BA;29.0;11402.0;Glória;15076.0;14795.0;15524.0;448.0
1966;BA;29.0;11501.0;Gongogi;8357.0;8360.0;5555.0;-2802.0
1967;BA;29.0;11600.0;Governador Mangabeira;19818.0;19916.0;20605.0;787.0
1968;BA;29.0;11659.0;Guajeru;10412.0;9614.0;8050.0;-2362.0
1969;BA;29.0;11709.0;Guanambi;78833.0;78452.0;87817.0;8984.0
1970;BA;29.0;11808.0;Guaratinga;22165.0;21808.0;19049.0;-3116.0
1971;BA;29.0;11857.0;Heliópolis;13192.0;13192.0;12309.0;-883.0
1972;BA;29.0;11907.0;Iaçu;25736.0;25595.0;24607.0;-1129.0
1973;BA;29.0;12004.0;Ibiassucê;10062.0;10908.0;10429.0;367.0
1974;BA;29.0;12103.0;Ibicaraí;24272.0;24272.0;21665.0;-2607.0
1975;BA;29.0;12202.0;Ibicoara;17282.0;17099.0;20785.0;3503.0
1976;BA;29.0;12301.0;Ibicuí;15785.0;15552.0;13934.0;-1851.0
1977;BA;29.0;12400.0;Ibipeba;17008.0;16798.0;16603.0;-405.0
1978;BA;29.0;12509.0;Ibipitanga;14171.0;14171.0;13863.0;-308.0
1979;BA;29.0;12608.0;Ibiquera;4866.0;3949.0;3725.0;-1141.0
1980;BA;29.0;12707.0;Ibirapitanga;22598.0;22618.0;25344.0;2746.0
1981;BA;29.0;12806.0;Ibirapuã;7956.0;7948.0;8896.0;940.0
1982;BA;29.0;12905.0;Ibirataia;18943.0;19168.0;18792.0;-151.0
1983;BA;29.0;13002.0;Ibitiara;15508.0;15392.0;14637.0;-871.0
1984;BA;29.0;13101.0;Ibititá;17840.0;17103.0;16969.0;-871.0
1985;BA;29.0;13200.0;Ibotirama;25424.0;25645.0;26309.0;885.0
1986;BA;29.0;13309.0;Ichu;5255.0;5957.0;6190.0;935.0
1987;BA;29.0;13408.0;Igaporã;15205.0;15229.0;15527.0;322.0
1988;BA;29.0;13457.0;Igrapiúna;13343.0;14270.0;13151.0;-192.0
1989;BA;29.0;13507.0;Iguaí;25705.0;25928.0;21491.0;-4214.0
1990;BA;29.0;13606.0;Ilhéus;184236.0;182438.0;178649.0;-5587.0
1991;BA;29.0;13705.0;Inhambupe;36306.0;35176.0;33790.0;-2516.0
1992;BA;29.0;13804.0;Ipecaetá;15331.0;15487.0;13709.0;-1622.0
1993;BA;29.0;13903.0;Ipiaú;44390.0;44485.0;40706.0;-3684.0
1994;BA;29.0;14000.0;Ipirá;59343.0;59970.0;56876.0;-2467.0
1995;BA;29.0;14109.0;Ipupiara;9285.0;9229.0;9935.0;650.0
1996;BA;29.0;14208.0;Irajuba;7002.0;6946.0;6101.0;-901.0
1997;BA;29.0;14307.0;Iramaia;11990.0;11675.0;10752.0;-1238.0
1998;BA;29.0;14406.0;Iraquara;22601.0;22170.0;23879.0;1278.0
1999;BA;29.0;14505.0;Irará;27466.0;27112.0;28043.0;577.0
2000;BA;29.0;14604.0;Irecê;66181.0;66117.0;74507.0;8326.0
2001;BA;29.0;14653.0;Itabela;28390.0;28391.0;28165.0;-225.0
2002;BA;29.0;14703.0;Itaberaba;61631.0;61681.0;65073.0;3442.0
2003;BA;29.0;14802.0;Itabuna;204667.0;204478.0;186708.0;-17959.0
2004;BA;29.0;14901.0;Itacaré;24318.0;23971.0;27704.0;3386.0
2005;BA;29.0;15007.0;Itaeté;14924.0;15200.0;13472.0;-1452.0
2006;BA;29.0;15106.0;Itagi;13051.0;13152.0;13803.0;752.0
2007;BA;29.0;15205.0;Itagibá;15193.0;15523.0;15310.0;117.0
2008;BA;29.0;15304.0;Itagimirim;7110.0;7154.0;6347.0;-763.0
2009;BA;29.0;15353.0;Itaguaçu da Bahia;13209.0;13041.0;12311.0;-898.0
2010;BA;29.0;15403.0;Itaju do Colônia;7309.0;7376.0;6037.0;-1272.0
2011;BA;29.0;15502.0;Itajuípe;21081.0;20981.0;18781.0;-2300.0
2012;BA;29.0;15601.0;Itamaraju;63069.0;63513.0;59605.0;-3464.0
2013;BA;29.0;15700.0;Itamari;7903.0;8190.0;7051.0;-852.0
2014;BA;29.0;15809.0;Itambé;23089.0;25450.0;24394.0;1305.0
2015;BA;29.0;15908.0;Itanagra;7598.0;6352.0;5914.0;-1684.0
2016;BA;29.0;16005.0;Itanhém;20216.0;19884.0;17813.0;-2403.0
2017;BA;29.0;16104.0;Itaparica;20725.0;20725.0;19789.0;-936.0
2018;BA;29.0;16203.0;Itapé;10995.0;10883.0;10341.0;-654.0
2019;BA;29.0;16302.0;Itapebi;10495.0;10482.0;9174.0;-1321.0
2020;BA;29.0;16401.0;Itapetinga;68273.0;68343.0;65897.0;-2376.0
2021;BA;29.0;16500.0;Itapicuru;32261.0;31891.0;31679.0;-582.0
2022;BA;29.0;16609.0;Itapitanga;10207.0;10250.0;10279.0;72.0
2023;BA;29.0;16708.0;Itaquara;7678.0;7871.0;8153.0;475.0
2024;BA;29.0;16807.0;Itarantim;18539.0;18412.0;17052.0;-1487.0
2025;BA;29.0;16856.0;Itatim;14522.0;13691.0;15737.0;1215.0
2026;BA;29.0;16906.0;Itiruçu;12693.0;12785.0;10999.0;-1694.0
2027;BA;29.0;17003.0;Itiúba;36113.0;35121.0;33872.0;-2241.0
2028;BA;29.0;17102.0;Itororó;19914.0;19914.0;16617.0;-3297.0
2029;BA;29.0;17201.0;Ituaçu;18127.0;17915.0;17914.0;-213.0
2030;BA;29.0;17300.0;Ituberá;26591.0;26691.0;21902.0;-4689.0
2031;BA;29.0;17334.0;Iuiu;10900.0;10553.0;11118.0;218.0
2032;BA;29.0;17359.0;Jaborandi;8973.0;9252.0;9275.0;302.0
2033;BA;29.0;17409.0;Jacaraci;13651.0;14473.0;14436.0;785.0
2034;BA;29.0;17508.0;Jacobina;79247.0;77758.0;82590.0;3343.0
2035;BA;29.0;17607.0;Jaguaquara;51011.0;50907.0;45964.0;-5047.0
2036;BA;29.0;17706.0;Jaguarari;30343.0;31184.0;32703.0;2360.0
2037;BA;29.0;17805.0;Jaguaripe;16467.0;16552.0;17659.0;1192.0
2038;BA;29.0;17904.0;Jandaíra;10331.0;10331.0;9285.0;-1046.0
2039;BA;29.0;18001.0;Jequié;151895.0;151301.0;158813.0;6918.0
2040;BA;29.0;18100.0;Jeremoabo;37680.0;37814.0;37626.0;-54.0
2041;BA;29.0;18209.0;Jiquiriçá;14118.0;14055.0;13629.0;-489.0
2042;BA;29.0;18308.0;Jitaúna;14115.0;14413.0;14355.0;240.0
2043;BA;29.0;18357.0;João Dourado;22549.0;22609.0;24854.0;2305.0
2044;BA;29.0;18407.0;Juazeiro;197965.0;198241.0;237821.0;39856.0
2045;BA;29.0;18456.0;Jucuruçu;10290.0;10290.0;9655.0;-635.0
2046;BA;29.0;18506.0;Jussara;15052.0;15194.0;16354.0;1302.0
2047;BA;29.0;18555.0;Jussari;6474.0;6353.0;5888.0;-586.0
2048;BA;29.0;18605.0;Jussiape;8031.0;8099.0;7379.0;-652.0
2049;BA;29.0;18704.0;Lafaiete Coutinho;3901.0;3950.0;4075.0;174.0
2050;BA;29.0;18753.0;Lagoa Real;13934.0;14326.0;14105.0;171.0
2051;BA;29.0;18803.0;Laje;22201.0;21505.0;21052.0;-1149.0
2052;BA;29.0;18902.0;Lajedão;3733.0;3685.0;3845.0;112.0
2053;BA;29.0;19009.0;Lajedinho;3936.0;3943.0;3527.0;-409.0
2054;BA;29.0;19058.0;Lajedo do Tabocal;8305.0;8244.0;7494.0;-811.0
2055;BA;29.0;19108.0;Lamarão;9560.0;9281.0;9015.0;-545.0
2056;BA;29.0;19157.0;Lapão;25646.0;26178.0;25736.0;90.0
2057;BA;29.0;19207.0;Lauro de Freitas;163449.0;163449.0;203331.0;39882.0
2058;BA;29.0;19306.0;Lençóis;10368.0;10302.0;10774.0;406.0
2059;BA;29.0;19405.0;Licínio de Almeida;12311.0;12297.0;11834.0;-477.0
2060;BA;29.0;19504.0;Livramento de Nossa Senhora;42693.0;41625.0;43903.0;1210.0
2061;BA;29.0;19553.0;Luís Eduardo Magalhães;60105.0;60105.0;107909.0;47804.0
2062;BA;29.0;19603.0;Macajuba;11229.0;11268.0;10454.0;-775.0
2063;BA;29.0;19702.0;Macarani;17093.0;16880.0;21599.0;4506.0
2064;BA;29.0;19801.0;Macaúbas;47051.0;45569.0;41859.0;-5192.0
2065;BA;29.0;19900.0;Macururé;8073.0;8021.0;7256.0;-817.0
2066;BA;29.0;19926.0;Madre de Deus;17376.0;17376.0;18504.0;1128.0
2067;BA;29.0;19959.0;Maetinga;7038.0;6953.0;6973.0;-65.0
2068;BA;29.0;20007.0;Maiquinique;8782.0;9004.0;8731.0;-51.0
2069;BA;29.0;20106.0;Mairi;19326.0;19015.0;17674.0;-1652.0
2070;BA;29.0;20205.0;Malhada;16014.0;16361.0;15398.0;-616.0
2071;BA;29.0;20304.0;Malhada de Pedras;8468.0;8563.0;8670.0;202.0
2072;BA;29.0;20403.0;Manoel Vitorino;14387.0;14445.0;13860.0;-527.0
2073;BA;29.0;20452.0;Mansidão;12592.0;12476.0;13919.0;1327.0
2074;BA;29.0;20502.0;Maracás;24613.0;24701.0;27620.0;3007.0
2075;BA;29.0;20601.0;Maragogipe;42815.0;42661.0;35859.0;-6956.0
2076;BA;29.0;20700.0;Maraú;19101.0;19689.0;24527.0;5426.0
2077;BA;29.0;20809.0;Marcionílio Souza;10500.0;10451.0;9267.0;-1233.0
2078;BA;29.0;20908.0;Mascote;14640.0;14562.0;13544.0;-1096.0
2079;BA;29.0;21005.0;Mata de São João;40183.0;40375.0;42566.0;2383.0
2080;BA;29.0;21054.0;Matina;11145.0;11171.0;10330.0;-815.0
2081;BA;29.0;21104.0;Medeiros Neto;21560.0;21971.0;22194.0;634.0
2082;BA;29.0;21203.0;Miguel Calmon;26475.0;26761.0;24661.0;-1814.0
2083;BA;29.0;21302.0;Milagres;10306.0;11283.0;11071.0;765.0
2084;BA;29.0;21401.0;Mirangaba;16279.0;16649.0;15734.0;-545.0
2085;BA;29.0;21450.0;Mirante;10507.0;10349.0;10187.0;-320.0
2086;BA;29.0;21500.0;Monte Santo;52338.0;49793.0;47780.0;-4558.0
2087;BA;29.0;21609.0;Morpará;8280.0;8563.0;7996.0;-284.0
2088;BA;29.0;21708.0;Morro do Chapéu;35164.0;34441.0;33594.0;-1570.0
2089;BA;29.0;21807.0;Mortugaba;12477.0;11696.0;11143.0;-1334.0
2090;BA;29.0;21906.0;Mucugê;10545.0;10563.0;12137.0;1592.0
2091;BA;29.0;22003.0;Mucuri;36026.0;36026.0;37977.0;1951.0
2092;BA;29.0;22052.0;Mulungu do Morro;12249.0;12763.0;13152.0;903.0
2093;BA;29.0;22102.0;Mundo Novo;24395.0;24368.0;17305.0;-7090.0
2094;BA;29.0;22201.0;Muniz Ferreira;7317.0;7065.0;7190.0;-127.0
2095;BA;29.0;22250.0;Muquém do São Francisco;10272.0;10475.0;10443.0;171.0
2096;BA;29.0;22300.0;Muritiba;28899.0;28705.0;28707.0;-192.0
2097;BA;29.0;22409.0;Mutuípe;21449.0;21184.0;20037.0;-1412.0
2098;BA;29.0;22508.0;Nazaré;27274.0;27273.0;27060.0;-214.0
2099;BA;29.0;22607.0;Nilo Peçanha;12530.0;12935.0;12063.0;-467.0
2100;BA;29.0;22656.0;Nordestina;12371.0;12541.0;18523.0;6152.0
2101;BA;29.0;22706.0;Nova Canaã;16713.0;16036.0;13715.0;-2998.0
2102;BA;29.0;22730.0;Nova Fátima;7602.0;7563.0;7967.0;365.0
2103;BA;29.0;22755.0;Nova Ibiá;6648.0;6827.0;6501.0;-147.0
2104;BA;29.0;22805.0;Nova Itarana;7435.0;7554.0;7780.0;345.0
2105;BA;29.0;22854.0;Nova Redenção;8034.0;8898.0;7538.0;-496.0
2106;BA;29.0;22904.0;Nova Soure;24136.0;25911.0;24236.0;100.0
2107;BA;29.0;23001.0;Nova Viçosa;38556.0;38556.0;39509.0;953.0
2108;BA;29.0;23035.0;Novo Horizonte;10673.0;10801.0;11162.0;489.0
2109;BA;29.0;23050.0;Novo Triunfo;15051.0;15105.0;10660.0;-4391.0
2110;BA;29.0;23100.0;Olindina;24943.0;26942.0;22633.0;-2310.0
2111;BA;29.0;23209.0;Oliveira dos Brejinhos;21831.0;21524.0;20715.0;-1116.0
2112;BA;29.0;23308.0;Ouriçangas;8298.0;8340.0;7716.0;-582.0
2113;BA;29.0;23357.0;Ourolândia;16425.0;16522.0;19243.0;2818.0
2114;BA;29.0;23407.0;Palmas de Monte Alto;20775.0;20872.0;20078.0;-697.0
2115;BA;29.0;23506.0;Palmeiras;8410.0;8316.0;10339.0;1929.0
2116;BA;29.0;23605.0;Paramirim;21001.0;20337.0;20351.0;-650.0
2117;BA;29.0;23704.0;Paratinga;29504.0;29998.0;29252.0;-252.0
2118;BA;29.0;23803.0;Paripiranga;27778.0;27740.0;26604.0;-1174.0
2119;BA;29.0;23902.0;Pau Brasil;10852.0;11028.0;9370.0;-1482.0
2120;BA;29.0;24009.0;Paulo Afonso;108396.0;108308.0;112870.0;4474.0
2121;BA;29.0;24058.0;Pé de Serra;13752.0;13523.0;13243.0;-509.0
2122;BA;29.0;24108.0;Pedrão;6876.0;6749.0;6235.0;-641.0
2123;BA;29.0;24207.0;Pedro Alexandre;16995.0;16186.0;13954.0;-3041.0
2124;BA;29.0;24306.0;Piatã;17982.0;18133.0;20086.0;2104.0
2125;BA;29.0;24405.0;Pilão Arcado;32860.0;33118.0;35357.0;2497.0
2126;BA;29.0;24504.0;Pindaí;15628.0;15700.0;14731.0;-897.0
2127;BA;29.0;24603.0;Pindobaçu;20121.0;20257.0;19083.0;-1038.0
2128;BA;29.0;24652.0;Pintadas;10342.0;10649.0;10325.0;-17.0
2129;BA;29.0;24678.0;Piraí do Norte;9799.0;9685.0;10974.0;1175.0
2130;BA;29.0;24702.0;Piripá;12783.0;12757.0;9152.0;-3631.0
2131;BA;29.0;24801.0;Piritiba;22399.0;22237.0;17566.0;-4833.0
2132;BA;29.0;24900.0;Planaltino;8822.0;8670.0;8022.0;-800.0
2133;BA;29.0;25006.0;Planalto;24481.0;24156.0;23334.0;-1147.0
2134;BA;29.0;25105.0;Poções;44701.0;45855.0;48293.0;3592.0
2135;BA;29.0;25204.0;Pojuca;33066.0;34335.0;32136.0;-930.0
2136;BA;29.0;25253.0;Ponto Novo;15742.0;15529.0;17938.0;2196.0
2137;BA;29.0;25303.0;Porto Seguro;126929.0;126581.0;168326.0;41397.0
2138;BA;29.0;25402.0;Potiraguá;9810.0;10077.0;10274.0;464.0
2139;BA;29.0;25501.0;Prado;27627.0;27413.0;35003.0;7376.0
2140;BA;29.0;25600.0;Presidente Dutra;13750.0;14643.0;15130.0;1380.0
2141;BA;29.0;25709.0;Presidente Jânio Quadros;13652.0;13635.0;12621.0;-1031.0
2142;BA;29.0;25758.0;Presidente Tancredo Neves;23846.0;24409.0;27734.0;3888.0
2143;BA;29.0;25808.0;Queimadas;24602.0;24986.0;25988.0;1386.0
2144;BA;29.0;25907.0;Quijingue;27228.0;26575.0;25272.0;-1956.0
2145;BA;29.0;25931.0;Quixabeira;9554.0;8962.0;9461.0;-93.0
2146;BA;29.0;25956.0;Rafael Jambeiro;22874.0;22062.0;19662.0;-3212.0
2147;BA;29.0;26004.0;Remanso;38957.0;38615.0;40586.0;1629.0
2148;BA;29.0;26103.0;Retirolândia;12055.0;13159.0;13651.0;1596.0
2149;BA;29.0;26202.0;Riachão das Neves;21937.0;21937.0;21642.0;-295.0
2150;BA;29.0;26301.0;Riachão do Jacuípe;33172.0;32463.0;33386.0;214.0
2151;BA;29.0;26400.0;Riacho de Santana;30646.0;33033.0;30711.0;65.0
2152;BA;29.0;26509.0;Ribeira do Amparo;14276.0;14098.0;13841.0;-435.0
2153;BA;29.0;26608.0;Ribeira do Pombal;47518.0;51293.0;54010.0;6492.0
2154;BA;29.0;26657.0;Ribeirão do Largo;8602.0;10260.0;9740.0;1138.0
2155;BA;29.0;26707.0;Rio de Contas;13007.0;13278.0;13184.0;177.0
2156;BA;29.0;26806.0;Rio do Antônio;14815.0;14312.0;13146.0;-1669.0
2157;BA;29.0;26905.0;Rio do Pires;11918.0;11336.0;10497.0;-1421.0
2158;BA;29.0;27002.0;Rio Real;37164.0;37539.0;35362.0;-1802.0
2159;BA;29.0;27101.0;Rodelas;7775.0;8056.0;10308.0;2533.0
2160;BA;29.0;27200.0;Ruy Barbosa;29887.0;29768.0;28282.0;-1605.0
2161;BA;29.0;27309.0;Salinas da Margarida;13456.0;13463.0;14987.0;1531.0
2162;BA;29.0;27408.0;Salvador;2675656.0;2675656.0;2417678.0;-257978.0
2163;BA;29.0;27507.0;Santa Bárbara;19064.0;19479.0;20952.0;1888.0
2164;BA;29.0;27606.0;Santa Brígida;15060.0;15407.0;14965.0;-95.0
2165;BA;29.0;27705.0;Santa Cruz Cabrália;26264.0;25827.0;29185.0;2921.0
2166;BA;29.0;27804.0;Santa Cruz da Vitória;6673.0;6557.0;4681.0;-1992.0
2167;BA;29.0;27903.0;Santa Inês;10363.0;10656.0;10300.0;-63.0
2168;BA;29.0;28000.0;Santaluz;33838.0;34833.0;37834.0;3996.0
2169;BA;29.0;28059.0;Santa Luzia;13344.0;13776.0;13896.0;552.0
2170;BA;29.0;28109.0;Santa Maria da Vitória;40309.0;39743.0;38604.0;-1705.0
2171;BA;29.0;28208.0;Santana;24750.0;25194.0;24755.0;5.0
2172;BA;29.0;28307.0;Santanópolis;8776.0;8549.0;8716.0;-60.0
2173;BA;29.0;28406.0;Santa Rita de Cássia;26250.0;26404.0;27390.0;1140.0
2174;BA;29.0;28505.0;Santa Terezinha;9648.0;9629.0;10441.0;793.0
2175;BA;29.0;28604.0;Santo Amaro;57800.0;58270.0;56012.0;-1788.0
2176;BA;29.0;28703.0;Santo Antônio de Jesus;90985.0;91057.0;103055.0;12070.0
2177;BA;29.0;28802.0;Santo Estêvão;47880.0;47726.0;52276.0;4396.0
2178;BA;29.0;28901.0;São Desidério;27659.0;27976.0;32828.0;5169.0
2179;BA;29.0;28950.0;São Domingos;9226.0;8734.0;8426.0;-800.0
2180;BA;29.0;29008.0;São Félix;14098.0;14230.0;11026.0;-3072.0
2181;BA;29.0;29057.0;São Félix do Coribe;13048.0;14326.0;15194.0;2146.0
2182;BA;29.0;29107.0;São Felipe;20305.0;20601.0;20283.0;-22.0
2183;BA;29.0;29206.0;São Francisco do Conde;33183.0;34707.0;38733.0;5550.0
2184;BA;29.0;29255.0;São Gabriel;18427.0;18456.0;18600.0;173.0
2185;BA;29.0;29305.0;São Gonçalo dos Campos;33283.0;32990.0;39513.0;6230.0
2186;BA;29.0;29354.0;São José da Vitória;5715.0;6024.0;5315.0;-400.0
2187;BA;29.0;29370.0;São José do Jacuípe;10180.0;9830.0;10187.0;7.0
2188;BA;29.0;29404.0;São Miguel das Matas;10414.0;11155.0;10334.0;-80.0
2189;BA;29.0;29503.0;São Sebastião do Passé;42153.0;42153.0;40958.0;-1195.0
2190;BA;29.0;29602.0;Sapeaçu;16585.0;16943.0;17963.0;1378.0
2191;BA;29.0;29701.0;Sátiro Dias;18964.0;16646.0;16008.0;-2956.0
2192;BA;29.0;29750.0;Saubara;11201.0;11201.0;11438.0;237.0
2193;BA;29.0;29800.0;Saúde;11845.0;12373.0;10478.0;-1367.0
2194;BA;29.0;29909.0;Seabra;41798.0;41821.0;46160.0;4362.0
2195;BA;29.0;30006.0;Sebastião Laranjeiras;10371.0;10444.0;9360.0;-1011.0
2196;BA;29.0;30105.0;Senhor do Bonfim;74419.0;73466.0;74523.0;104.0
2197;BA;29.0;30154.0;Serra do Ramalho;31638.0;31391.0;34222.0;2584.0
2198;BA;29.0;30204.0;Sento Sé;37425.0;36909.0;38154.0;729.0
2199;BA;29.0;30303.0;Serra Dourada;18112.0;17656.0;17066.0;-1046.0
2200;BA;29.0;30402.0;Serra Preta;15401.0;16304.0;17996.0;2595.0
2201;BA;29.0;30501.0;Serrinha;76762.0;75095.0;80435.0;3673.0
2202;BA;29.0;30600.0;Serrolândia;12344.0;12664.0;13335.0;991.0
2203;BA;29.0;30709.0;Simões Filho;118047.0;118047.0;114559.0;-3488.0
2204;BA;29.0;30758.0;Sítio do Mato;12050.0;12300.0;13408.0;1358.0
2205;BA;29.0;30766.0;Sítio do Quinto;12592.0;12553.0;14773.0;2181.0
2206;BA;29.0;30774.0;Sobradinho;22000.0;22310.0;25475.0;3475.0
2207;BA;29.0;30808.0;Souto Soares;15899.0;15952.0;17054.0;1155.0
2208;BA;29.0;30907.0;Tabocas do Brejo Velho;11431.0;12271.0;11979.0;548.0
2209;BA;29.0;31004.0;Tanhaçu;20013.0;20105.0;21006.0;993.0
2210;BA;29.0;31053.0;Tanque Novo;16128.0;16261.0;17158.0;1030.0
2211;BA;29.0;31103.0;Tanquinho;8008.0;7669.0;7717.0;-291.0
2212;BA;29.0;31202.0;Taperoá;18748.0;18928.0;18044.0;-704.0
2213;BA;29.0;31301.0;Tapiramutá;16516.0;17016.0;15818.0;-698.0
2214;BA;29.0;31350.0;Teixeira de Freitas;138341.0;138341.0;145216.0;6875.0
2215;BA;29.0;31400.0;Teodoro Sampaio;7895.0;7914.0;7110.0;-785.0
2216;BA;29.0;31509.0;Teofilândia;21482.0;21710.0;21176.0;-306.0
2217;BA;29.0;31608.0;Teolândia;14836.0;13881.0;15332.0;496.0
2218;BA;29.0;31707.0;Terra Nova;12803.0;12851.0;10798.0;-2005.0
2219;BA;29.0;31806.0;Tremedal;17029.0;18055.0;16296.0;-733.0
2220;BA;29.0;31905.0;Tucano;52418.0;48589.0;48736.0;-3682.0
2221;BA;29.0;32002.0;Uauá;24294.0;24985.0;24665.0;371.0
2222;BA;29.0;32101.0;Ubaíra;19750.0;19664.0;18626.0;-1124.0
2223;BA;29.0;32200.0;Ubaitaba;20691.0;20711.0;17596.0;-3095.0
2224;BA;29.0;32309.0;Ubatã;25004.0;24272.0;16094.0;-8910.0
2225;BA;29.0;32408.0;Uibaí;13625.0;13578.0;13432.0;-193.0
2226;BA;29.0;32457.0;Umburanas;17000.0;17089.0;13642.0;-3358.0
2227;BA;29.0;32507.0;Una;24110.0;23089.0;18131.0;-5979.0
2228;BA;29.0;32606.0;Urandi;16466.0;16260.0;15355.0;-1111.0
2229;BA;29.0;32705.0;Uruçuca;19837.0;21140.0;21420.0;1583.0
2230;BA;29.0;32804.0;Utinga;18173.0;18049.0;16277.0;-1896.0
2231;BA;29.0;32903.0;Valença;88673.0;88100.0;85655.0;-3018.0
2232;BA;29.0;33000.0;Valente;24560.0;24730.0;24362.0;-198.0
2233;BA;29.0;33059.0;Várzea da Roça;13786.0;13663.0;13800.0;14.0
2234;BA;29.0;33109.0;Várzea do Poço;8661.0;8606.0;8101.0;-560.0
2235;BA;29.0;33158.0;Várzea Nova;13073.0;13141.0;13377.0;304.0
2236;BA;29.0;33174.0;Varzedo;9109.0;9183.0;9913.0;804.0
2237;BA;29.0;33208.0;Vera Cruz;37567.0;37567.0;42529.0;4962.0
2238;BA;29.0;33257.0;Vereda;6800.0;6576.0;6003.0;-797.0
2239;BA;29.0;33307.0;Vitória da Conquista;306866.0;306014.0;370879.0;64013.0
2240;BA;29.0;33406.0;Wagner;8983.0;9173.0;9503.0;520.0
2241;BA;29.0;33455.0;Wanderley;12485.0;12558.0;12968.0;483.0
2242;BA;29.0;33505.0;Wenceslau Guimarães;22189.0;21867.0;24474.0;2285.0
2243;BA;29.0;33604.0;Xique-Xique;45536.0;45164.0;44757.0;-779.0
2244;MG;31.0;104.0;Abadia dos Dourados;6704.0;6704.0;6272.0;-432.0
2245;MG;31.0;203.0;Abaeté;22690.0;22690.0;22675.0;-15.0
2246;MG;31.0;302.0;Abre Campo;13311.0;13311.0;13927.0;616.0
2247;MG;31.0;401.0;Acaiaca;3920.0;3920.0;3909.0;-11.0
2248;MG;31.0;500.0;Açucena;10276.0;10276.0;8943.0;-1333.0
2249;MG;31.0;609.0;Água Boa;15195.0;15521.0;12589.0;-2606.0
2250;MG;31.0;708.0;Água Comprida;2025.0;2025.0;2108.0;83.0
2251;MG;31.0;807.0;Aguanil;4054.0;4054.0;4357.0;303.0
2252;MG;31.0;906.0;Águas Formosas;18479.0;18479.0;18448.0;-31.0
2253;MG;31.0;1003.0;Águas Vermelhas;12722.0;12722.0;14037.0;1315.0
2254;MG;31.0;1102.0;Aimorés;24959.0;24959.0;25269.0;310.0
2255;MG;31.0;1201.0;Aiuruoca;6162.0;6162.0;6233.0;71.0
2256;MG;31.0;1300.0;Alagoa;2709.0;2709.0;2749.0;40.0
2257;MG;31.0;1409.0;Albertina;2913.0;2913.0;2952.0;39.0
2258;MG;31.0;1508.0;Além Paraíba;34349.0;34349.0;30717.0;-3632.0
2259;MG;31.0;1607.0;Alfenas;73774.0;73774.0;78970.0;5196.0
2260;MG;31.0;1631.0;Alfredo Vasconcelos;6075.0;6075.0;6931.0;856.0
2261;MG;31.0;1706.0;Almenara;38775.0;38775.0;40364.0;1589.0
2262;MG;31.0;1805.0;Alpercata;7172.0;7172.0;6903.0;-269.0
2263;MG;31.0;1904.0;Alpinópolis;18488.0;18488.0;18300.0;-188.0
2264;MG;31.0;2001.0;Alterosa;13717.0;13717.0;13915.0;198.0
2265;MG;31.0;2050.0;Alto Caparaó;5297.0;5297.0;5795.0;498.0
2266;MG;31.0;2100.0;Alto Rio Doce;12159.0;12159.0;10891.0;-1268.0
2267;MG;31.0;2209.0;Alvarenga;4444.0;4444.0;3975.0;-469.0
2268;MG;31.0;2308.0;Alvinópolis;15261.0;15261.0;15059.0;-202.0
2269;MG;31.0;2407.0;Alvorada de Minas;3546.0;3546.0;4159.0;613.0
2270;MG;31.0;2506.0;Amparo do Serra;5053.0;4972.0;4541.0;-512.0
2271;MG;31.0;2605.0;Andradas;37270.0;37270.0;40553.0;3283.0
2272;MG;31.0;2704.0;Cachoeira de Pajeú;8959.0;8959.0;9110.0;151.0
2273;MG;31.0;2803.0;Andrelândia;12173.0;12173.0;11927.0;-246.0
2274;MG;31.0;2852.0;Angelândia;8003.0;8003.0;7718.0;-285.0
2275;MG;31.0;2902.0;Antônio Carlos;11114.0;11114.0;11095.0;-19.0
2276;MG;31.0;3009.0;Antônio Dias;9565.0;9565.0;9219.0;-346.0
2277;MG;31.0;3108.0;Antônio Prado de Minas;1671.0;1671.0;1538.0;-133.0
2278;MG;31.0;3207.0;Araçaí;2243.0;2243.0;2181.0;-62.0
2279;MG;31.0;3306.0;Aracitaba;2058.0;2058.0;2049.0;-9.0
2280;MG;31.0;3405.0;Araçuaí;36013.0;36013.0;34297.0;-1716.0
2281;MG;31.0;3504.0;Araguari;109801.0;109801.0;117808.0;8007.0
2282;MG;31.0;3603.0;Arantina;2823.0;2823.0;2915.0;92.0
2283;MG;31.0;3702.0;Araponga;8152.0;8152.0;8048.0;-104.0
2284;MG;31.0;3751.0;Araporã;6144.0;6144.0;8479.0;2335.0
2285;MG;31.0;3801.0;Arapuá;2775.0;2775.0;2631.0;-144.0
2286;MG;31.0;3900.0;Araújos;7883.0;7883.0;9199.0;1316.0
2287;MG;31.0;4007.0;Araxá;93672.0;93672.0;111691.0;18019.0
2288;MG;31.0;4106.0;Arceburgo;9509.0;9509.0;9177.0;-332.0
2289;MG;31.0;4205.0;Arcos;36597.0;36597.0;41416.0;4819.0
2290;MG;31.0;4304.0;Areado;13731.0;13731.0;13881.0;150.0
2291;MG;31.0;4403.0;Argirita;2901.0;2901.0;2688.0;-213.0
2292;MG;31.0;4452.0;Aricanduva;4770.0;4770.0;4719.0;-51.0
2293;MG;31.0;4502.0;Arinos;17674.0;17674.0;17272.0;-402.0
2294;MG;31.0;4601.0;Astolfo Dutra;13049.0;13049.0;14138.0;1089.0
2295;MG;31.0;4700.0;Ataléia;14455.0;14455.0;13736.0;-719.0
2296;MG;31.0;4809.0;Augusto de Lima;4960.0;4960.0;4538.0;-422.0
2297;MG;31.0;4908.0;Baependi;18307.0;18307.0;18366.0;59.0
2298;MG;31.0;5004.0;Baldim;7913.0;7913.0;7492.0;-421.0
2299;MG;31.0;5103.0;Bambuí;22734.0;22734.0;23546.0;812.0
2300;MG;31.0;5202.0;Bandeira;4987.0;4987.0;4741.0;-246.0
2301;MG;31.0;5301.0;Bandeira do Sul;5338.0;5338.0;5943.0;605.0
2302;MG;31.0;5400.0;Barão de Cocais;28442.0;28241.0;30778.0;2336.0
2303;MG;31.0;5509.0;Barão de Monte Alto;5720.0;5720.0;4964.0;-756.0
2304;MG;31.0;5608.0;Barbacena;126284.0;126284.0;125317.0;-967.0
2305;MG;31.0;5707.0;Barra Longa;6143.0;6143.0;5666.0;-477.0
2306;MG;31.0;5905.0;Barroso;19599.0;19599.0;20080.0;481.0
2307;MG;31.0;6002.0;Bela Vista de Minas;10004.0;10004.0;10167.0;163.0
2308;MG;31.0;6101.0;Belmiro Braga;3403.0;3403.0;3244.0;-159.0
2309;MG;31.0;6200.0;Belo Horizonte;2375151.0;2375609.0;2315560.0;-59591.0
2310;MG;31.0;6309.0;Belo Oriente;23397.0;23397.0;23928.0;531.0
2311;MG;31.0;6408.0;Belo Vale;7536.0;7536.0;8627.0;1091.0
2312;MG;31.0;6507.0;Berilo;12300.0;12300.0;9826.0;-2474.0
2313;MG;31.0;6606.0;Bertópolis;4498.0;4498.0;4451.0;-47.0
2314;MG;31.0;6655.0;Berizal;4370.0;4370.0;4201.0;-169.0
2315;MG;31.0;6705.0;Betim;378089.0;379138.0;411846.0;33757.0
2316;MG;31.0;6804.0;Bias Fortes;3793.0;3793.0;3361.0;-432.0
2317;MG;31.0;6903.0;Bicas;13653.0;13653.0;13978.0;325.0
2318;MG;31.0;7000.0;Biquinhas;2630.0;2630.0;2383.0;-247.0
2319;MG;31.0;7109.0;Boa Esperança;38516.0;38516.0;39848.0;1332.0
2320;MG;31.0;7208.0;Bocaina de Minas;5007.0;5007.0;5348.0;341.0
2321;MG;31.0;7307.0;Bocaiúva;46654.0;46421.0;48032.0;1378.0
2322;MG;31.0;7406.0;Bom Despacho;45624.0;45624.0;51737.0;6113.0
2323;MG;31.0;7505.0;Bom Jardim de Minas;6501.0;6501.0;6783.0;282.0
2324;MG;31.0;7604.0;Bom Jesus da Penha;3887.0;3887.0;4474.0;587.0
2325;MG;31.0;7703.0;Bom Jesus do Amparo;5491.0;5491.0;5631.0;140.0
2326;MG;31.0;7802.0;Bom Jesus do Galho;15364.0;15364.0;14536.0;-828.0
2327;MG;31.0;7901.0;Bom Repouso;10457.0;10457.0;12649.0;2192.0
2328;MG;31.0;8008.0;Bom Sucesso;17243.0;17243.0;17151.0;-92.0
2329;MG;31.0;8107.0;Bonfim;6818.0;6818.0;7434.0;616.0
2330;MG;31.0;8206.0;Bonfinópolis de Minas;5865.0;5865.0;5528.0;-337.0
2331;MG;31.0;8255.0;Bonito de Minas;9673.0;9703.0;10204.0;531.0
2332;MG;31.0;8305.0;Borda da Mata;17118.0;17118.0;17404.0;286.0
2333;MG;31.0;8404.0;Botelhos;14920.0;14920.0;14828.0;-92.0
2334;MG;31.0;8503.0;Botumirim;6497.0;6497.0;5790.0;-707.0
2335;MG;31.0;8552.0;Brasilândia de Minas;14226.0;14226.0;15020.0;794.0
2336;MG;31.0;8602.0;Brasília de Minas;31213.0;31213.0;32025.0;812.0
2337;MG;31.0;8701.0;Brás Pires;4637.0;4637.0;4260.0;-377.0
2338;MG;31.0;8800.0;Braúnas;5030.0;5030.0;4441.0;-589.0
2339;MG;31.0;8909.0;Brazópolis;14661.0;14661.0;14246.0;-415.0
2340;MG;31.0;9006.0;Brumadinho;33973.0;33973.0;38915.0;4942.0
2341;MG;31.0;9105.0;Bueno Brandão;10892.0;10892.0;10911.0;19.0
2342;MG;31.0;9204.0;Buenópolis;10292.0;10292.0;9150.0;-1142.0
2343;MG;31.0;9253.0;Bugre;3992.0;3900.0;4041.0;49.0
2344;MG;31.0;9303.0;Buritis;22737.0;22737.0;24030.0;1293.0
2345;MG;31.0;9402.0;Buritizeiro;26922.0;26922.0;23910.0;-3012.0
2346;MG;31.0;9451.0;Cabeceira Grande;6453.0;6453.0;6627.0;174.0
2347;MG;31.0;9501.0;Cabo Verde;13823.0;13823.0;11410.0;-2413.0
2348;MG;31.0;9600.0;Cachoeira da Prata;3654.0;3654.0;3693.0;39.0
2349;MG;31.0;9709.0;Cachoeira de Minas;11034.0;11034.0;11883.0;849.0
2350;MG;31.0;9808.0;Cachoeira Dourada;2505.0;2505.0;2315.0;-190.0
2351;MG;31.0;9907.0;Caetanópolis;10218.0;10218.0;11435.0;1217.0
2352;MG;31.0;10004.0;Caeté;40750.0;40750.0;38776.0;-1974.0
2353;MG;31.0;10103.0;Caiana;4968.0;4968.0;5304.0;336.0
2354;MG;31.0;10202.0;Cajuri;4047.0;4047.0;4088.0;41.0
2355;MG;31.0;10301.0;Caldas;13633.0;13633.0;14217.0;584.0
2356;MG;31.0;10400.0;Camacho;3154.0;3154.0;2838.0;-316.0
2357;MG;31.0;10509.0;Camanducaia;21080.0;21080.0;26097.0;5017.0
2358;MG;31.0;10608.0;Cambuí;26488.0;26488.0;29536.0;3048.0
2359;MG;31.0;10707.0;Cambuquira;12602.0;12602.0;12313.0;-289.0
2360;MG;31.0;10806.0;Campanário;3564.0;3564.0;2923.0;-641.0
2361;MG;31.0;10905.0;Campanha;15433.0;15433.0;15935.0;502.0
2362;MG;31.0;11002.0;Campestre;20686.0;20686.0;20696.0;10.0
2363;MG;31.0;11101.0;Campina Verde;19324.0;19324.0;18011.0;-1313.0
2364;MG;31.0;11150.0;Campo Azul;3684.0;3684.0;3714.0;30.0
2365;MG;31.0;11200.0;Campo Belo;51544.0;51544.0;52277.0;733.0
2366;MG;31.0;11309.0;Campo do Meio;11476.0;11476.0;11377.0;-99.0
2367;MG;31.0;11408.0;Campo Florido;6870.0;6870.0;8466.0;1596.0
2368;MG;31.0;11507.0;Campos Altos;14206.0;14206.0;12979.0;-1227.0
2369;MG;31.0;11606.0;Campos Gerais;27600.0;27600.0;26105.0;-1495.0
2370;MG;31.0;11705.0;Canaã;4628.0;4628.0;4715.0;87.0
2371;MG;31.0;11804.0;Canápolis;11365.0;11436.0;10608.0;-757.0
2372;MG;31.0;11903.0;Cana Verde;5589.0;5589.0;5272.0;-317.0
2373;MG;31.0;12000.0;Candeias;14595.0;14595.0;14001.0;-594.0
2374;MG;31.0;12059.0;Cantagalo;4195.0;4195.0;3974.0;-221.0
2375;MG;31.0;12109.0;Caparaó;5209.0;5209.0;5048.0;-161.0
2376;MG;31.0;12208.0;Capela Nova;4755.0;4755.0;4362.0;-393.0
2377;MG;31.0;12307.0;Capelinha;34803.0;34477.0;39626.0;4823.0
2378;MG;31.0;12406.0;Capetinga;7089.0;7089.0;6562.0;-527.0
2379;MG;31.0;12505.0;Capim Branco;8881.0;8881.0;10663.0;1782.0
2380;MG;31.0;12604.0;Capinópolis;15290.0;15290.0;14655.0;-635.0
2381;MG;31.0;12653.0;Capitão Andrade;4925.0;4925.0;4585.0;-340.0
2382;MG;31.0;12703.0;Capitão Enéas;14206.0;14206.0;14108.0;-98.0
2383;MG;31.0;12802.0;Capitólio;8183.0;8183.0;10380.0;2197.0
2384;MG;31.0;12901.0;Caputira;9030.0;9030.0;8936.0;-94.0
2385;MG;31.0;13008.0;Caraí;22343.0;22343.0;19548.0;-2795.0
2386;MG;31.0;13107.0;Caranaíba;3288.0;3288.0;2933.0;-355.0
2387;MG;31.0;13206.0;Carandaí;23346.0;23427.0;23812.0;466.0
2388;MG;31.0;13305.0;Carangola;32296.0;32296.0;31240.0;-1056.0
2389;MG;31.0;13404.0;Caratinga;85239.0;85207.0;87360.0;2121.0
2390;MG;31.0;13503.0;Carbonita;9148.0;9148.0;8512.0;-636.0
2391;MG;31.0;13602.0;Careaçu;6298.0;6298.0;6816.0;518.0
2392;MG;31.0;13701.0;Carlos Chagas;20069.0;20069.0;18615.0;-1454.0
2393;MG;31.0;13800.0;Carmésia;2446.0;2446.0;2605.0;159.0
2394;MG;31.0;13909.0;Carmo da Cachoeira;11836.0;11836.0;11547.0;-289.0
2395;MG;31.0;14006.0;Carmo da Mata;10927.0;10927.0;11019.0;92.0
2396;MG;31.0;14105.0;Carmo de Minas;13750.0;13750.0;13797.0;47.0
2397;MG;31.0;14204.0;Carmo do Cajuru;20012.0;20012.0;23479.0;3467.0
2398;MG;31.0;14303.0;Carmo do Paranaíba;29735.0;29735.0;29011.0;-724.0
2399;MG;31.0;14402.0;Carmo do Rio Claro;20426.0;20426.0;20954.0;528.0
2400;MG;31.0;14501.0;Carmópolis de Minas;17048.0;17048.0;18003.0;955.0
2401;MG;31.0;14550.0;Carneirinho;9471.0;9471.0;9422.0;-49.0
2402;MG;31.0;14600.0;Carrancas;3948.0;3948.0;4049.0;101.0
2403;MG;31.0;14709.0;Carvalhópolis;3341.0;3341.0;3341.0;0.0
2404;MG;31.0;14808.0;Carvalhos;4556.0;4556.0;4422.0;-134.0
2405;MG;31.0;14907.0;Casa Grande;2244.0;2244.0;2214.0;-30.0
2406;MG;31.0;15003.0;Cascalho Rico;2857.0;2857.0;2712.0;-145.0
2407;MG;31.0;15102.0;Cássia;17412.0;17412.0;17155.0;-257.0
2408;MG;31.0;15201.0;Conceição da Barra de Minas;3954.0;3954.0;3560.0;-394.0
2409;MG;31.0;15300.0;Cataguases;69757.0;69757.0;66261.0;-3496.0
2410;MG;31.0;15359.0;Catas Altas;4846.0;4846.0;5473.0;627.0
2411;MG;31.0;15409.0;Catas Altas da Noruega;3462.0;3462.0;3110.0;-352.0
2412;MG;31.0;15458.0;Catuji;6708.0;6708.0;7030.0;322.0
2413;MG;31.0;15474.0;Catuti;5102.0;5102.0;4739.0;-363.0
2414;MG;31.0;15508.0;Caxambu;21705.0;21705.0;21056.0;-649.0
2415;MG;31.0;15607.0;Cedro do Abaeté;1210.0;1210.0;1081.0;-129.0
2416;MG;31.0;15706.0;Central de Minas;6772.0;6772.0;6171.0;-601.0
2417;MG;31.0;15805.0;Centralina;10266.0;10195.0;10207.0;-59.0
2418;MG;31.0;15904.0;Chácara;2792.0;2792.0;3075.0;283.0
2419;MG;31.0;16001.0;Chalé;5645.0;5645.0;6075.0;430.0
2420;MG;31.0;16100.0;Chapada do Norte;15189.0;15189.0;10337.0;-4852.0
2421;MG;31.0;16159.0;Chapada Gaúcha;10805.0;10805.0;12355.0;1550.0
2422;MG;31.0;16209.0;Chiador;2785.0;2785.0;2800.0;15.0
2423;MG;31.0;16308.0;Cipotânea;6547.0;6547.0;5581.0;-966.0
2424;MG;31.0;16407.0;Claraval;4542.0;4542.0;4658.0;116.0
2425;MG;31.0;16506.0;Claro dos Poções;7775.0;7775.0;7166.0;-609.0
2426;MG;31.0;16605.0;Cláudio;25771.0;25771.0;30159.0;4388.0
2427;MG;31.0;16704.0;Coimbra;7054.0;7054.0;7117.0;63.0
2428;MG;31.0;16803.0;Coluna;9024.0;9024.0;8163.0;-861.0
2429;MG;31.0;16902.0;Comendador Gomes;2972.0;2972.0;2773.0;-199.0
2430;MG;31.0;17009.0;Comercinho;8298.0;8298.0;6660.0;-1638.0
2431;MG;31.0;17108.0;Conceição da Aparecida;9820.0;9820.0;10371.0;551.0
2432;MG;31.0;17207.0;Conceição das Pedras;2749.0;2749.0;2772.0;23.0
2433;MG;31.0;17306.0;Conceição das Alagoas;23043.0;23043.0;28381.0;5338.0
2434;MG;31.0;17405.0;Conceição de Ipanema;4456.0;4456.0;4409.0;-47.0
2435;MG;31.0;17504.0;Conceição do Mato Dentro;17908.0;17905.0;23163.0;5255.0
2436;MG;31.0;17603.0;Conceição do Pará;5158.0;5158.0;5415.0;257.0
2437;MG;31.0;17702.0;Conceição do Rio Verde;12949.0;12949.0;12541.0;-408.0
2438;MG;31.0;17801.0;Conceição dos Ouros;10388.0;10377.0;10880.0;492.0
2439;MG;31.0;17836.0;Cônego Marinho;7101.0;7071.0;7237.0;136.0
2440;MG;31.0;17876.0;Confins;5936.0;5936.0;7350.0;1414.0
2441;MG;31.0;17900.0;Congonhal;10468.0;10468.0;11083.0;615.0
2442;MG;31.0;18007.0;Congonhas;48519.0;48519.0;52890.0;4371.0
2443;MG;31.0;18106.0;Congonhas do Norte;4943.0;4946.0;4831.0;-112.0
2444;MG;31.0;18205.0;Conquista;6526.0;6526.0;6694.0;168.0
2445;MG;31.0;18304.0;Conselheiro Lafaiete;116512.0;116512.0;131621.0;15109.0
2446;MG;31.0;18403.0;Conselheiro Pena;22242.0;22242.0;20824.0;-1418.0
2447;MG;31.0;18502.0;Consolação;1727.0;1738.0;1563.0;-164.0
2448;MG;31.0;18601.0;Contagem;603442.0;602986.0;621863.0;18421.0
2449;MG;31.0;18700.0;Coqueiral;9289.0;9289.0;9023.0;-266.0
2450;MG;31.0;18809.0;Coração de Jesus;26033.0;26033.0;25377.0;-656.0
2451;MG;31.0;18908.0;Cordisburgo;8667.0;8667.0;7547.0;-1120.0
2452;MG;31.0;19005.0;Cordislândia;3435.0;3435.0;3200.0;-235.0
2453;MG;31.0;19104.0;Corinto;23914.0;23914.0;23532.0;-382.0
2454;MG;31.0;19203.0;Coroaci;10270.0;10270.0;10884.0;614.0
2455;MG;31.0;19302.0;Coromandel;27547.0;27547.0;28894.0;1347.0
2456;MG;31.0;19401.0;Coronel Fabriciano;103694.0;103694.0;104736.0;1042.0
2457;MG;31.0;19500.0;Coronel Murta;9117.0;9117.0;8200.0;-917.0
2458;MG;31.0;19609.0;Coronel Pacheco;2983.0;2983.0;2762.0;-221.0
2459;MG;31.0;19708.0;Coronel Xavier Chaves;3301.0;3301.0;3486.0;185.0
2460;MG;31.0;19807.0;Córrego Danta;3391.0;3391.0;2960.0;-431.0
2461;MG;31.0;19906.0;Córrego do Bom Jesus;3730.0;3730.0;4272.0;542.0
2462;MG;31.0;19955.0;Córrego Fundo;5790.0;5790.0;6133.0;343.0
2463;MG;31.0;20003.0;Córrego Novo;3127.0;3127.0;2875.0;-252.0
2464;MG;31.0;20102.0;Couto de Magalhães de Minas;4204.0;4204.0;4245.0;41.0
2465;MG;31.0;20151.0;Crisólita;6047.0;6047.0;5265.0;-782.0
2466;MG;31.0;20201.0;Cristais;11286.0;11286.0;12197.0;911.0
2467;MG;31.0;20300.0;Cristália;5760.0;5760.0;5121.0;-639.0
2468;MG;31.0;20409.0;Cristiano Otoni;5007.0;5007.0;4667.0;-340.0
2469;MG;31.0;20508.0;Cristina;10210.0;10210.0;10374.0;164.0
2470;MG;31.0;20607.0;Crucilândia;4757.0;4757.0;5434.0;677.0
2471;MG;31.0;20706.0;Cruzeiro da Fortaleza;3934.0;3438.0;3521.0;-413.0
2472;MG;31.0;20805.0;Cruzília;14591.0;14591.0;15362.0;771.0
2473;MG;31.0;20839.0;Cuparaque;4680.0;4680.0;3983.0;-697.0
2474;MG;31.0;20870.0;Curral de Dentro;6913.0;6913.0;7406.0;493.0
2475;MG;31.0;20904.0;Curvelo;74219.0;74004.0;80665.0;6446.0
2476;MG;31.0;21001.0;Datas;5211.0;5211.0;5465.0;254.0
2477;MG;31.0;21100.0;Delfim Moreira;7971.0;7971.0;7952.0;-19.0
2478;MG;31.0;21209.0;Delfinópolis;6830.0;6830.0;8393.0;1563.0
2479;MG;31.0;21258.0;Delta;8089.0;8089.0;10494.0;2405.0
2480;MG;31.0;21308.0;Descoberto;4768.0;4768.0;4928.0;160.0
2481;MG;31.0;21407.0;Desterro de Entre Rios;7002.0;7002.0;7653.0;651.0
2482;MG;31.0;21506.0;Desterro do Melo;3015.0;3015.0;2994.0;-21.0
2483;MG;31.0;21605.0;Diamantina;45880.0;45880.0;47702.0;1822.0
2484;MG;31.0;21704.0;Diogo de Vasconcelos;3848.0;3848.0;3549.0;-299.0
2485;MG;31.0;21803.0;Dionísio;8739.0;8739.0;6847.0;-1892.0
2486;MG;31.0;21902.0;Divinésia;3293.0;3293.0;4226.0;933.0
2487;MG;31.0;22009.0;Divino;19133.0;19133.0;20706.0;1573.0
2488;MG;31.0;22108.0;Divino das Laranjeiras;4937.0;4937.0;4178.0;-759.0
2489;MG;31.0;22207.0;Divinolândia de Minas;7024.0;7024.0;6516.0;-508.0
2490;MG;31.0;22306.0;Divinópolis;213016.0;213016.0;231091.0;18075.0
2491;MG;31.0;22355.0;Divisa Alegre;5884.0;5884.0;6321.0;437.0
2492;MG;31.0;22405.0;Divisa Nova;5763.0;5763.0;5851.0;88.0
2493;MG;31.0;22454.0;Divisópolis;8974.0;8974.0;10213.0;1239.0
2494;MG;31.0;22470.0;Dom Bosco;3814.0;3814.0;3697.0;-117.0
2495;MG;31.0;22504.0;Dom Cavati;5209.0;5209.0;4904.0;-305.0
2496;MG;31.0;22603.0;Dom Joaquim;4535.0;4535.0;4899.0;364.0
2497;MG;31.0;22702.0;Dom Silvério;5196.0;5196.0;5228.0;32.0
2498;MG;31.0;22801.0;Dom Viçoso;2994.0;2994.0;3095.0;101.0
2499;MG;31.0;22900.0;Dona Euzébia;6001.0;6001.0;6093.0;92.0
2500;MG;31.0;23007.0;Dores de Campos;9299.0;9299.0;10007.0;708.0
2501;MG;31.0;23106.0;Dores de Guanhães;5223.0;5223.0;5029.0;-194.0
2502;MG;31.0;23205.0;Dores do Indaiá;13778.0;13778.0;12630.0;-1148.0
2503;MG;31.0;23304.0;Dores do Turvo;4462.0;4462.0;4987.0;525.0
2504;MG;31.0;23403.0;Doresópolis;1440.0;1440.0;1461.0;21.0
2505;MG;31.0;23502.0;Douradoquara;1841.0;1841.0;1829.0;-12.0
2506;MG;31.0;23528.0;Durandé;7423.0;7423.0;7817.0;394.0
2507;MG;31.0;23601.0;Elói Mendes;25220.0;25220.0;26336.0;1116.0
2508;MG;31.0;23700.0;Engenheiro Caldas;10280.0;10280.0;13622.0;3342.0
2509;MG;31.0;23809.0;Engenheiro Navarro;7122.0;7122.0;6354.0;-768.0
2510;MG;31.0;23858.0;Entre Folhas;5175.0;5207.0;5179.0;4.0
2511;MG;31.0;23908.0;Entre Rios de Minas;14242.0;14242.0;14746.0;504.0
2512;MG;31.0;24005.0;Ervália;17946.0;17946.0;20255.0;2309.0
2513;MG;31.0;24104.0;Esmeraldas;60271.0;59696.0;85598.0;25327.0
2514;MG;31.0;24203.0;Espera Feliz;22856.0;22856.0;24102.0;1246.0
2515;MG;31.0;24302.0;Espinosa;31113.0;31113.0;30443.0;-670.0
2516;MG;31.0;24401.0;Espírito Santo do Dourado;4429.0;4429.0;6611.0;2182.0
2517;MG;31.0;24500.0;Estiva;10845.0;10845.0;11502.0;657.0
2518;MG;31.0;24609.0;Estrela Dalva;2470.0;2470.0;2186.0;-284.0
2519;MG;31.0;24708.0;Estrela do Indaiá;3516.0;3516.0;2772.0;-744.0
2520;MG;31.0;24807.0;Estrela do Sul;7446.0;7446.0;6840.0;-606.0
2521;MG;31.0;24906.0;Eugenópolis;10540.0;10540.0;10801.0;261.0
2522;MG;31.0;25002.0;Ewbank da Câmara;3753.0;3753.0;3875.0;122.0
2523;MG;31.0;25101.0;Extrema;28599.0;28599.0;53482.0;24883.0
2524;MG;31.0;25200.0;Fama;2350.0;2350.0;2578.0;228.0
2525;MG;31.0;25309.0;Faria Lemos;3376.0;3376.0;3188.0;-188.0
2526;MG;31.0;25408.0;Felício dos Santos;5142.0;5142.0;5133.0;-9.0
2527;MG;31.0;25507.0;São Gonçalo do Rio Preto;3056.0;3056.0;3032.0;-24.0
2528;MG;31.0;25606.0;Felisburgo;6877.0;6877.0;6489.0;-388.0
2529;MG;31.0;25705.0;Felixlândia;14121.0;14121.0;13978.0;-143.0
2530;MG;31.0;25804.0;Fernandes Tourinho;3030.0;3030.0;2789.0;-241.0
2531;MG;31.0;25903.0;Ferros;10837.0;10837.0;9590.0;-1247.0
2532;MG;31.0;25952.0;Fervedouro;10349.0;10349.0;10445.0;96.0
2533;MG;31.0;26000.0;Florestal;6600.0;6632.0;8045.0;1445.0
2534;MG;31.0;26109.0;Formiga;65128.0;65128.0;68248.0;3120.0
2535;MG;31.0;26208.0;Formoso;8177.0;8177.0;7949.0;-228.0
2536;MG;31.0;26307.0;Fortaleza de Minas;4098.0;4098.0;3477.0;-621.0
2537;MG;31.0;26406.0;Fortuna de Minas;2705.0;2705.0;3093.0;388.0
2538;MG;31.0;26505.0;Francisco Badaró;10248.0;10248.0;7366.0;-2882.0
2539;MG;31.0;26604.0;Francisco Dumont;4863.0;4863.0;4503.0;-360.0
2540;MG;31.0;26703.0;Francisco Sá;24912.0;24912.0;23476.0;-1436.0
2541;MG;31.0;26752.0;Franciscópolis;5800.0;5800.0;5034.0;-766.0
2542;MG;31.0;26802.0;Frei Gaspar;5879.0;5879.0;5640.0;-239.0
2543;MG;31.0;26901.0;Frei Inocêncio;8920.0;8920.0;8226.0;-694.0
2544;MG;31.0;26950.0;Frei Lagonegro;3329.0;3329.0;3391.0;62.0
2545;MG;31.0;27008.0;Fronteira;14041.0;14041.0;14540.0;499.0
2546;MG;31.0;27057.0;Fronteira dos Vales;4687.0;4687.0;4345.0;-342.0
2547;MG;31.0;27073.0;Fruta de Leite;5940.0;5940.0;4647.0;-1293.0
2548;MG;31.0;27107.0;Frutal;53468.0;53468.0;58588.0;5120.0
2549;MG;31.0;27206.0;Funilândia;3855.0;3855.0;4686.0;831.0
2550;MG;31.0;27305.0;Galiléia;6951.0;6951.0;6222.0;-729.0
2551;MG;31.0;27339.0;Gameleiras;5139.0;5139.0;4793.0;-346.0
2552;MG;31.0;27354.0;Glaucilândia;2962.0;2962.0;2928.0;-34.0
2553;MG;31.0;27370.0;Goiabeira;3053.0;3053.0;2830.0;-223.0
2554;MG;31.0;27388.0;Goianá;3659.0;3659.0;4053.0;394.0
2555;MG;31.0;27404.0;Gonçalves;4220.0;4220.0;4727.0;507.0
2556;MG;31.0;27503.0;Gonzaga;5921.0;5921.0;5230.0;-691.0
2557;MG;31.0;27602.0;Gouveia;11681.0;11681.0;11331.0;-350.0
2558;MG;31.0;27701.0;Governador Valadares;263689.0;263689.0;257171.0;-6518.0
2559;MG;31.0;27800.0;Grão Mogol;15024.0;15024.0;13901.0;-1123.0
2560;MG;31.0;27909.0;Grupiara;1373.0;1373.0;1392.0;19.0
2561;MG;31.0;28006.0;Guanhães;31262.0;31262.0;32244.0;982.0
2562;MG;31.0;28105.0;Guapé;13872.0;13872.0;13772.0;-100.0
2563;MG;31.0;28204.0;Guaraciaba;10223.0;10223.0;9753.0;-470.0
2564;MG;31.0;28253.0;Guaraciama;4718.0;4718.0;5051.0;333.0
2565;MG;31.0;28303.0;Guaranésia;18714.0;18714.0;19150.0;436.0
2566;MG;31.0;28402.0;Guarani;8678.0;8678.0;7714.0;-964.0
2567;MG;31.0;28501.0;Guarará;3929.0;3929.0;3149.0;-780.0
2568;MG;31.0;28600.0;Guarda-Mor;6565.0;6565.0;6539.0;-26.0
2569;MG;31.0;28709.0;Guaxupé;49430.0;49430.0;50911.0;1481.0
2570;MG;31.0;28808.0;Guidoval;7206.0;7206.0;7131.0;-75.0
2571;MG;31.0;28907.0;Guimarânia;7265.0;7265.0;8478.0;1213.0
2572;MG;31.0;29004.0;Guiricema;8707.0;8707.0;7778.0;-929.0
2573;MG;31.0;29103.0;Gurinhatã;6137.0;6137.0;5192.0;-945.0
2574;MG;31.0;29202.0;Heliodora;6121.0;6121.0;6134.0;13.0
2575;MG;31.0;29301.0;Iapu;10315.0;10407.0;12030.0;1715.0
2576;MG;31.0;29400.0;Ibertioga;5036.0;5036.0;5198.0;162.0
2577;MG;31.0;29509.0;Ibiá;23218.0;23218.0;22229.0;-989.0
2578;MG;31.0;29608.0;Ibiaí;7839.0;7839.0;6286.0;-1553.0
2579;MG;31.0;29657.0;Ibiracatu;6155.0;5594.0;5081.0;-1074.0
2580;MG;31.0;29707.0;Ibiraci;12176.0;12176.0;10948.0;-1228.0
2581;MG;31.0;29806.0;Ibirité;158954.0;158224.0;170537.0;11583.0
2582;MG;31.0;29905.0;Ibitiúra de Minas;3382.0;3382.0;3365.0;-17.0
2583;MG;31.0;30002.0;Ibituruna;2866.0;2866.0;2698.0;-168.0
2584;MG;31.0;30051.0;Icaraí de Minas;10746.0;10746.0;10677.0;-69.0
2585;MG;31.0;30101.0;Igarapé;34851.0;34851.0;45847.0;10996.0
2586;MG;31.0;30200.0;Igaratinga;9264.0;9264.0;10830.0;1566.0
2587;MG;31.0;30309.0;Iguatama;8029.0;8029.0;6826.0;-1203.0
2588;MG;31.0;30408.0;Ijaci;5859.0;5859.0;7003.0;1144.0
2589;MG;31.0;30507.0;Ilicínea;11488.0;11488.0;12741.0;1253.0
2590;MG;31.0;30556.0;Imbé de Minas;6424.0;6424.0;6986.0;562.0
2591;MG;31.0;30606.0;Inconfidentes;6908.0;6908.0;7301.0;393.0
2592;MG;31.0;30655.0;Indaiabira;7330.0;7330.0;6346.0;-984.0
2593;MG;31.0;30705.0;Indianópolis;6190.0;6190.0;6171.0;-19.0
2594;MG;31.0;30804.0;Ingaí;2629.0;2629.0;2580.0;-49.0
2595;MG;31.0;30903.0;Inhapim;24294.0;24294.0;22692.0;-1602.0
2596;MG;31.0;31000.0;Inhaúma;5760.0;5760.0;6239.0;479.0
2597;MG;31.0;31109.0;Inimutaba;6724.0;6939.0;7371.0;647.0
2598;MG;31.0;31158.0;Ipaba;16708.0;16708.0;17136.0;428.0
2599;MG;31.0;31208.0;Ipanema;18170.0;18170.0;19522.0;1352.0
2600;MG;31.0;31307.0;Ipatinga;239468.0;239468.0;227731.0;-11737.0
2601;MG;31.0;31406.0;Ipiaçu;4107.0;4107.0;3775.0;-332.0
2602;MG;31.0;31505.0;Ipuiúna;9521.0;9521.0;9135.0;-386.0
2603;MG;31.0;31604.0;Iraí de Minas;6467.0;6467.0;7180.0;713.0
2604;MG;31.0;31703.0;Itabira;109783.0;109783.0;113343.0;3560.0
2605;MG;31.0;31802.0;Itabirinha;10692.0;10692.0;10362.0;-330.0
2606;MG;31.0;31901.0;Itabirito;45449.0;45452.0;53365.0;7916.0
2607;MG;31.0;32008.0;Itacambira;4988.0;4988.0;4252.0;-736.0
2608;MG;31.0;32107.0;Itacarambi;17720.0;17720.0;17208.0;-512.0
2609;MG;31.0;32206.0;Itaguara;12372.0;12372.0;13846.0;1474.0
2610;MG;31.0;32305.0;Itaipé;11798.0;11798.0;10463.0;-1335.0
2611;MG;31.0;32404.0;Itajubá;90658.0;90658.0;93073.0;2415.0
2612;MG;31.0;32503.0;Itamarandiba;32175.0;32175.0;32948.0;773.0
2613;MG;31.0;32602.0;Itamarati de Minas;4079.0;4079.0;3690.0;-389.0
2614;MG;31.0;32701.0;Itambacuri;22809.0;22809.0;21042.0;-1767.0
2615;MG;31.0;32800.0;Itambé do Mato Dentro;2283.0;2283.0;2142.0;-141.0
2616;MG;31.0;32909.0;Itamogi;10349.0;10349.0;10770.0;421.0
2617;MG;31.0;33006.0;Itamonte;14003.0;14003.0;14786.0;783.0
2618;MG;31.0;33105.0;Itanhandu;14175.0;14175.0;15236.0;1061.0
2619;MG;31.0;33204.0;Itanhomi;11856.0;11856.0;11128.0;-728.0
2620;MG;31.0;33303.0;Itaobim;21001.0;21001.0;19151.0;-1850.0
2621;MG;31.0;33402.0;Itapagipe;13656.0;13656.0;13690.0;34.0
2622;MG;31.0;33501.0;Itapecerica;21377.0;21377.0;21046.0;-331.0
2623;MG;31.0;33600.0;Itapeva;8664.0;8664.0;12692.0;4028.0
2624;MG;31.0;33709.0;Itatiaiuçu;9928.0;9928.0;12966.0;3038.0
2625;MG;31.0;33758.0;Itaú de Minas;14945.0;14945.0;14406.0;-539.0
2626;MG;31.0;33808.0;Itaúna;85463.0;85463.0;97669.0;12206.0
2627;MG;31.0;33907.0;Itaverava;5799.0;5799.0;5642.0;-157.0
2628;MG;31.0;34004.0;Itinga;14407.0;14407.0;13745.0;-662.0
2629;MG;31.0;34103.0;Itueta;5830.0;5830.0;6055.0;225.0
2630;MG;31.0;34202.0;Ituiutaba;97171.0;97171.0;102217.0;5046.0
2631;MG;31.0;34301.0;Itumirim;6139.0;6139.0;6638.0;499.0
2632;MG;31.0;34400.0;Iturama;34456.0;34456.0;38295.0;3839.0
2633;MG;31.0;34509.0;Itutinga;3913.0;3913.0;4217.0;304.0
2634;MG;31.0;34608.0;Jaboticatubas;17134.0;17134.0;20406.0;3272.0
2635;MG;31.0;34707.0;Jacinto;12134.0;12134.0;11042.0;-1092.0
2636;MG;31.0;34806.0;Jacuí;7502.0;7502.0;7495.0;-7.0
2637;MG;31.0;34905.0;Jacutinga;22772.0;22772.0;25525.0;2753.0
2638;MG;31.0;35001.0;Jaguaraçu;2990.0;2990.0;3092.0;102.0
2639;MG;31.0;35050.0;Jaíba;33587.0;33602.0;37660.0;4073.0
2640;MG;31.0;35076.0;Jampruca;5067.0;5067.0;4296.0;-771.0
2641;MG;31.0;35100.0;Janaúba;66803.0;66803.0;70699.0;3896.0
2642;MG;31.0;35209.0;Januária;65463.0;65463.0;65150.0;-313.0
2643;MG;31.0;35308.0;Japaraíba;3939.0;3939.0;4506.0;567.0
2644;MG;31.0;35357.0;Japonvar;8298.0;7718.0;8127.0;-171.0
2645;MG;31.0;35407.0;Jeceaba;5395.0;5395.0;6197.0;802.0
2646;MG;31.0;35456.0;Jenipapo de Minas;7116.0;7116.0;6100.0;-1016.0
2647;MG;31.0;35506.0;Jequeri;12848.0;12848.0;12419.0;-429.0
2648;MG;31.0;35605.0;Jequitaí;8005.0;8005.0;6484.0;-1521.0
2649;MG;31.0;35704.0;Jequitibá;5156.0;5156.0;5883.0;727.0
2650;MG;31.0;35803.0;Jequitinhonha;24131.0;24131.0;24007.0;-124.0
2651;MG;31.0;35902.0;Jesuânia;4768.0;4768.0;5138.0;370.0
2652;MG;31.0;36009.0;Joaíma;14941.0;14941.0;13888.0;-1053.0
2653;MG;31.0;36108.0;Joanésia;5425.0;5425.0;4329.0;-1096.0
2654;MG;31.0;36207.0;João Monlevade;73610.0;73610.0;80187.0;6577.0
2655;MG;31.0;36306.0;João Pinheiro;45260.0;43962.0;46801.0;1541.0
2656;MG;31.0;36405.0;Joaquim Felício;4305.0;4305.0;3854.0;-451.0
2657;MG;31.0;36504.0;Jordânia;10324.0;10324.0;10304.0;-20.0
2658;MG;31.0;36520.0;José Gonçalves de Minas;4553.0;4553.0;3969.0;-584.0
2659;MG;31.0;36553.0;José Raydan;4376.0;4376.0;4268.0;-108.0
2660;MG;31.0;36579.0;Josenópolis;4566.0;4566.0;3630.0;-936.0
2661;MG;31.0;36603.0;Nova União;5555.0;5555.0;5909.0;354.0
2662;MG;31.0;36652.0;Juatuba;22202.0;22170.0;30716.0;8514.0
2663;MG;31.0;36702.0;Juiz de Fora;516247.0;516247.0;540756.0;24509.0
2664;MG;31.0;36801.0;Juramento;4113.0;4113.0;3768.0;-345.0
2665;MG;31.0;36900.0;Juruaia;9238.0;9238.0;11084.0;1846.0
2666;MG;31.0;36959.0;Juvenília;5708.0;5708.0;5789.0;81.0
2667;MG;31.0;37007.0;Ladainha;16994.0;16994.0;14383.0;-2611.0
2668;MG;31.0;37106.0;Lagamar;7600.0;7600.0;6631.0;-969.0
2669;MG;31.0;37205.0;Lagoa da Prata;45984.0;45984.0;51412.0;5428.0
2670;MG;31.0;37304.0;Lagoa dos Patos;4225.0;4225.0;3313.0;-912.0
2671;MG;31.0;37403.0;Lagoa Dourada;12256.0;12256.0;12769.0;513.0
2672;MG;31.0;37502.0;Lagoa Formosa;17161.0;17161.0;18904.0;1743.0
2673;MG;31.0;37536.0;Lagoa Grande;8631.0;8631.0;8969.0;338.0
2674;MG;31.0;37601.0;Lagoa Santa;52520.0;52520.0;75145.0;22625.0
2675;MG;31.0;37700.0;Lajinha;19609.0;19609.0;20835.0;1226.0
2676;MG;31.0;37809.0;Lambari;19554.0;19554.0;20414.0;860.0
2677;MG;31.0;37908.0;Lamim;3452.0;3452.0;3184.0;-268.0
2678;MG;31.0;38005.0;Laranjal;6465.0;6465.0;5963.0;-502.0
2679;MG;31.0;38104.0;Lassance;6484.0;6484.0;7124.0;640.0
2680;MG;31.0;38203.0;Lavras;92200.0;92200.0;104761.0;12561.0
2681;MG;31.0;38302.0;Leandro Ferreira;3205.0;3205.0;3199.0;-6.0
2682;MG;31.0;38351.0;Leme do Prado;4804.0;4804.0;4341.0;-463.0
2683;MG;31.0;38401.0;Leopoldina;51130.0;51130.0;51145.0;15.0
2684;MG;31.0;38500.0;Liberdade;5346.0;5346.0;4737.0;-609.0
2685;MG;31.0;38609.0;Lima Duarte;16149.0;16149.0;17221.0;1072.0
2686;MG;31.0;38625.0;Limeira do Oeste;6890.0;6890.0;8687.0;1797.0
2687;MG;31.0;38658.0;Lontra;8397.0;8977.0;8790.0;393.0
2688;MG;31.0;38674.0;Luisburgo;6234.0;6234.0;6956.0;722.0
2689;MG;31.0;38682.0;Luislândia;6400.0;6400.0;6210.0;-190.0
2690;MG;31.0;38708.0;Luminárias;5422.0;5422.0;5586.0;164.0
2691;MG;31.0;38807.0;Luz;17486.0;17486.0;17875.0;389.0
2692;MG;31.0;38906.0;Machacalis;6976.0;6976.0;6487.0;-489.0
2693;MG;31.0;39003.0;Machado;38688.0;38688.0;37684.0;-1004.0
2694;MG;31.0;39102.0;Madre de Deus de Minas;4904.0;4904.0;5191.0;287.0
2695;MG;31.0;39201.0;Malacacheta;18776.0;18776.0;17516.0;-1260.0
2696;MG;31.0;39250.0;Mamonas;6321.0;6321.0;5997.0;-324.0
2697;MG;31.0;39300.0;Manga;19813.0;19813.0;18886.0;-927.0
2698;MG;31.0;39409.0;Manhuaçu;79574.0;79574.0;91886.0;12312.0
2699;MG;31.0;39508.0;Manhumirim;21382.0;21382.0;20613.0;-769.0
2700;MG;31.0;39607.0;Mantena;27111.0;27111.0;26535.0;-576.0
2701;MG;31.0;39706.0;Maravilhas;7163.0;7163.0;7333.0;170.0
2702;MG;31.0;39805.0;Mar de Espanha;11749.0;11749.0;12721.0;972.0
2703;MG;31.0;39904.0;Maria da Fé;14216.0;14216.0;14247.0;31.0
2704;MG;31.0;40001.0;Mariana;54219.0;54219.0;61387.0;7168.0
2705;MG;31.0;40100.0;Marilac;4219.0;4219.0;4224.0;5.0
2706;MG;31.0;40159.0;Mário Campos;13192.0;13192.0;15900.0;2708.0
2707;MG;31.0;40209.0;Maripá de Minas;2788.0;2788.0;3387.0;599.0
2708;MG;31.0;40308.0;Marliéria;4012.0;4012.0;4592.0;580.0
2709;MG;31.0;40407.0;Marmelópolis;2968.0;2968.0;3200.0;232.0
2710;MG;31.0;40506.0;Martinho Campos;12611.0;12611.0;14003.0;1392.0
2711;MG;31.0;40530.0;Martins Soares;7173.0;7173.0;8396.0;1223.0
2712;MG;31.0;40555.0;Mata Verde;7874.0;7874.0;9112.0;1238.0
2713;MG;31.0;40605.0;Materlândia;4595.0;4595.0;3963.0;-632.0
2714;MG;31.0;40704.0;Mateus Leme;27856.0;27856.0;37841.0;9985.0
2715;MG;31.0;40803.0;Matias Barbosa;13435.0;13435.0;14121.0;686.0
2716;MG;31.0;40852.0;Matias Cardoso;9979.0;9964.0;8895.0;-1084.0
2717;MG;31.0;40902.0;Matipó;17639.0;17639.0;18552.0;913.0
2718;MG;31.0;41009.0;Mato Verde;12684.0;12684.0;12038.0;-646.0
2719;MG;31.0;41108.0;Matozinhos;33955.0;33958.0;37618.0;3663.0
2720;MG;31.0;41207.0;Matutina;3761.0;3761.0;3814.0;53.0
2721;MG;31.0;41306.0;Medeiros;3444.0;3444.0;3900.0;456.0
2722;MG;31.0;41405.0;Medina;21026.0;21026.0;20156.0;-870.0
2723;MG;31.0;41504.0;Mendes Pimentel;6331.0;6331.0;5606.0;-725.0
2724;MG;31.0;41603.0;Mercês;10368.0;10368.0;10373.0;5.0
2725;MG;31.0;41702.0;Mesquita;6069.0;6069.0;5040.0;-1029.0
2726;MG;31.0;41801.0;Minas Novas;30794.0;30794.0;24405.0;-6389.0
2727;MG;31.0;41900.0;Minduri;3840.0;3840.0;3741.0;-99.0
2728;MG;31.0;42007.0;Mirabela;13042.0;13042.0;13651.0;609.0
2729;MG;31.0;42106.0;Miradouro;10251.0;10251.0;8968.0;-1283.0
2730;MG;31.0;42205.0;Miraí;13808.0;13808.0;13633.0;-175.0
2731;MG;31.0;42254.0;Miravânia;4549.0;4549.0;3985.0;-564.0
2732;MG;31.0;42304.0;Moeda;4689.0;4689.0;5125.0;436.0
2733;MG;31.0;42403.0;Moema;7028.0;7028.0;7548.0;520.0
2734;MG;31.0;42502.0;Monjolos;2360.0;2360.0;2169.0;-191.0
2735;MG;31.0;42601.0;Monsenhor Paulo;8161.0;8161.0;8340.0;179.0
2736;MG;31.0;42700.0;Montalvânia;15862.0;15862.0;14060.0;-1802.0
2737;MG;31.0;42809.0;Monte Alegre de Minas;19619.0;19619.0;20170.0;551.0
2738;MG;31.0;42908.0;Monte Azul;21994.0;21994.0;20328.0;-1666.0
2739;MG;31.0;43005.0;Monte Belo;13061.0;13061.0;13046.0;-15.0
2740;MG;31.0;43104.0;Monte Carmelo;45772.0;45772.0;47692.0;1920.0
2741;MG;31.0;43153.0;Monte Formoso;4656.0;4656.0;4381.0;-275.0
2742;MG;31.0;43203.0;Monte Santo de Minas;21234.0;21234.0;20890.0;-344.0
2743;MG;31.0;43302.0;Montes Claros;361915.0;362148.0;414240.0;52325.0
2744;MG;31.0;43401.0;Monte Sião;21203.0;21203.0;24089.0;2886.0
2745;MG;31.0;43450.0;Montezuma;7464.0;7464.0;6888.0;-576.0
2746;MG;31.0;43500.0;Morada Nova de Minas;8255.0;8255.0;9067.0;812.0
2747;MG;31.0;43609.0;Morro da Garça;2660.0;2660.0;2411.0;-249.0
2748;MG;31.0;43708.0;Morro do Pilar;3399.0;3399.0;3133.0;-266.0
2749;MG;31.0;43807.0;Munhoz;6257.0;6257.0;7451.0;1194.0
2750;MG;31.0;43906.0;Muriaé;100765.0;100765.0;104108.0;3343.0
2751;MG;31.0;44003.0;Mutum;26661.0;26661.0;27635.0;974.0
2752;MG;31.0;44102.0;Muzambinho;20430.0;20430.0;21891.0;1461.0
2753;MG;31.0;44201.0;Nacip Raydan;3154.0;3154.0;2459.0;-695.0
2754;MG;31.0;44300.0;Nanuque;40834.0;40834.0;35038.0;-5796.0
2755;MG;31.0;44359.0;Naque;6341.0;6341.0;6303.0;-38.0
2756;MG;31.0;44375.0;Natalândia;3280.0;3280.0;3520.0;240.0
2757;MG;31.0;44409.0;Natércia;4658.0;4658.0;4691.0;33.0
2758;MG;31.0;44508.0;Nazareno;7954.0;7954.0;8179.0;225.0
2759;MG;31.0;44607.0;Nepomuceno;25733.0;25733.0;25018.0;-715.0
2760;MG;31.0;44656.0;Ninheira;9815.0;9815.0;10588.0;773.0
2761;MG;31.0;44672.0;Nova Belém;3732.0;3732.0;3151.0;-581.0
2762;MG;31.0;44706.0;Nova Era;17528.0;17528.0;17438.0;-90.0
2763;MG;31.0;44805.0;Nova Lima;80998.0;80998.0;111697.0;30699.0
2764;MG;31.0;44904.0;Nova Módica;3790.0;3790.0;3663.0;-127.0
2765;MG;31.0;45000.0;Nova Ponte;12812.0;12812.0;14598.0;1786.0
2766;MG;31.0;45059.0;Nova Porteirinha;7398.0;7398.0;6706.0;-692.0
2767;MG;31.0;45109.0;Nova Resende;15374.0;15374.0;16387.0;1013.0
2768;MG;31.0;45208.0;Nova Serrana;73699.0;73699.0;105552.0;31853.0
2769;MG;31.0;45307.0;Novo Cruzeiro;30725.0;30725.0;26975.0;-3750.0
2770;MG;31.0;45356.0;Novo Oriente de Minas;10339.0;10339.0;10275.0;-64.0
2771;MG;31.0;45372.0;Novorizonte;4963.0;4963.0;4571.0;-392.0
2772;MG;31.0;45406.0;Olaria;1976.0;1976.0;1945.0;-31.0
2773;MG;31.0;45455.0;Olhos-d'Água;5267.0;5267.0;5385.0;118.0
2774;MG;31.0;45505.0;Olímpio Noronha;2533.0;2533.0;2555.0;22.0
2775;MG;31.0;45604.0;Oliveira;39466.0;39466.0;39262.0;-204.0
2776;MG;31.0;45703.0;Oliveira Fortes;2123.0;2123.0;2027.0;-96.0
2777;MG;31.0;45802.0;Onça de Pitangui;3055.0;3055.0;2969.0;-86.0
2778;MG;31.0;45851.0;Oratórios;4493.0;4493.0;4917.0;424.0
2779;MG;31.0;45877.0;Orizânia;7284.0;7284.0;8437.0;1153.0
2780;MG;31.0;45901.0;Ouro Branco;35268.0;35268.0;38724.0;3456.0
2781;MG;31.0;46008.0;Ouro Fino;31568.0;31568.0;32094.0;526.0
2782;MG;31.0;46107.0;Ouro Preto;70281.0;70281.0;74821.0;4540.0
2783;MG;31.0;46206.0;Ouro Verde de Minas;6016.0;6016.0;5757.0;-259.0
2784;MG;31.0;46255.0;Padre Carvalho;5834.0;5834.0;5058.0;-776.0
2785;MG;31.0;46305.0;Padre Paraíso;18849.0;18849.0;17334.0;-1515.0
2786;MG;31.0;46404.0;Paineiras;4631.0;4631.0;4224.0;-407.0
2787;MG;31.0;46503.0;Pains;8014.0;8014.0;8142.0;128.0
2788;MG;31.0;46552.0;Pai Pedro;5934.0;5934.0;5551.0;-383.0
2789;MG;31.0;46602.0;Paiva;1558.0;1558.0;1474.0;-84.0
2790;MG;31.0;46701.0;Palma;6545.0;6545.0;5707.0;-838.0
2791;MG;31.0;46750.0;Palmópolis;6931.0;6931.0;6301.0;-630.0
2792;MG;31.0;46909.0;Papagaios;14175.0;14175.0;13920.0;-255.0
2793;MG;31.0;47006.0;Paracatu;84718.0;84718.0;94023.0;9305.0
2794;MG;31.0;47105.0;Pará de Minas;84215.0;84215.0;97139.0;12924.0
2795;MG;31.0;47204.0;Paraguaçu;20245.0;20245.0;21723.0;1478.0
2796;MG;31.0;47303.0;Paraisópolis;19379.0;19379.0;20445.0;1066.0
2797;MG;31.0;47402.0;Paraopeba;22563.0;22563.0;24107.0;1544.0
2798;MG;31.0;47501.0;Passabém;1766.0;1766.0;1600.0;-166.0
2799;MG;31.0;47600.0;Passa Quatro;15582.0;15582.0;15515.0;-67.0
2800;MG;31.0;47709.0;Passa Tempo;8197.0;8197.0;8473.0;276.0
2801;MG;31.0;47808.0;Passa Vinte;2079.0;2079.0;2233.0;154.0
2802;MG;31.0;47907.0;Passos;106290.0;106290.0;111939.0;5649.0
2803;MG;31.0;47956.0;Patis;5579.0;5579.0;4837.0;-742.0
2804;MG;31.0;48004.0;Patos de Minas;138710.0;139206.0;159235.0;20525.0
2805;MG;31.0;48103.0;Patrocínio;82471.0;82471.0;89826.0;7355.0
2806;MG;31.0;48202.0;Patrocínio do Muriaé;5287.0;5287.0;5576.0;289.0
2807;MG;31.0;48301.0;Paula Cândido;9271.0;9271.0;8659.0;-612.0
2808;MG;31.0;48400.0;Paulistas;4918.0;4918.0;4389.0;-529.0
2809;MG;31.0;48509.0;Pavão;8589.0;8589.0;8047.0;-542.0
2810;MG;31.0;48608.0;Peçanha;17260.0;17260.0;17446.0;186.0
2811;MG;31.0;48707.0;Pedra Azul;23839.0;23839.0;24410.0;571.0
2812;MG;31.0;48756.0;Pedra Bonita;6673.0;6673.0;7320.0;647.0
2813;MG;31.0;48806.0;Pedra do Anta;3365.0;3446.0;3311.0;-54.0
2814;MG;31.0;48905.0;Pedra do Indaiá;3875.0;3875.0;4112.0;237.0
2815;MG;31.0;49002.0;Pedra Dourada;2191.0;2191.0;2757.0;566.0
2816;MG;31.0;49101.0;Pedralva;11467.0;11467.0;10760.0;-707.0
2817;MG;31.0;49150.0;Pedras de Maria da Cruz;10315.0;10876.0;10433.0;118.0
2818;MG;31.0;49200.0;Pedrinópolis;3490.0;3490.0;3344.0;-146.0
2819;MG;31.0;49309.0;Pedro Leopoldo;58740.0;58740.0;62580.0;3840.0
2820;MG;31.0;49408.0;Pedro Teixeira;1785.0;1785.0;1810.0;25.0
2821;MG;31.0;49507.0;Pequeri;3165.0;3165.0;3351.0;186.0
2822;MG;31.0;49606.0;Pequi;4076.0;4076.0;4155.0;79.0
2823;MG;31.0;49705.0;Perdigão;8912.0;8912.0;12268.0;3356.0
2824;MG;31.0;49804.0;Perdizes;14404.0;14404.0;17151.0;2747.0
2825;MG;31.0;49903.0;Perdões;20087.0;20087.0;21384.0;1297.0
2826;MG;31.0;49952.0;Periquito;7036.0;7036.0;6553.0;-483.0
2827;MG;31.0;50000.0;Pescador;4128.0;4128.0;3570.0;-558.0
2828;MG;31.0;50109.0;Piau;2841.0;2841.0;2796.0;-45.0
2829;MG;31.0;50158.0;Piedade de Caratinga;7110.0;7110.0;8529.0;1419.0
2830;MG;31.0;50208.0;Piedade de Ponte Nova;4062.0;4062.0;3976.0;-86.0
2831;MG;31.0;50307.0;Piedade do Rio Grande;4709.0;4709.0;4604.0;-105.0
2832;MG;31.0;50406.0;Piedade dos Gerais;4640.0;4640.0;5019.0;379.0
2833;MG;31.0;50505.0;Pimenta;8236.0;8236.0;8563.0;327.0
2834;MG;31.0;50539.0;Pingo-d'Água;4420.0;4420.0;4706.0;286.0
2835;MG;31.0;50570.0;Pintópolis;7211.0;7211.0;7084.0;-127.0
2836;MG;31.0;50604.0;Piracema;6406.0;6406.0;6700.0;294.0
2837;MG;31.0;50703.0;Pirajuba;4656.0;4656.0;5537.0;881.0
2838;MG;31.0;50802.0;Piranga;17232.0;17232.0;17018.0;-214.0
2839;MG;31.0;50901.0;Piranguçu;5217.0;5217.0;6041.0;824.0
2840;MG;31.0;51008.0;Piranguinho;8016.0;8016.0;9120.0;1104.0
2841;MG;31.0;51107.0;Pirapetinga;10364.0;10364.0;11077.0;713.0
2842;MG;31.0;51206.0;Pirapora;53368.0;53368.0;55606.0;2238.0
2843;MG;31.0;51305.0;Piraúba;10862.0;10862.0;11610.0;748.0
2844;MG;31.0;51404.0;Pitangui;25311.0;25311.0;26685.0;1374.0
2845;MG;31.0;51503.0;Piumhi;31883.0;31883.0;36062.0;4179.0
2846;MG;31.0;51602.0;Planura;10384.0;10384.0;11145.0;761.0
2847;MG;31.0;51701.0;Poço Fundo;15959.0;15959.0;16390.0;431.0
2848;MG;31.0;51800.0;Poços de Caldas;152435.0;152435.0;163742.0;11307.0
2849;MG;31.0;51909.0;Pocrane;8986.0;8986.0;8350.0;-636.0
2850;MG;31.0;52006.0;Pompéu;29105.0;29105.0;31047.0;1942.0
2851;MG;31.0;52105.0;Ponte Nova;57390.0;57390.0;57776.0;386.0
2852;MG;31.0;52131.0;Ponto Chique;3966.0;3966.0;3747.0;-219.0
2853;MG;31.0;52170.0;Ponto dos Volantes;11345.0;11345.0;10883.0;-462.0
2854;MG;31.0;52204.0;Porteirinha;37627.0;37627.0;37438.0;-189.0
2855;MG;31.0;52303.0;Porto Firme;10417.0;10417.0;10569.0;152.0
2856;MG;31.0;52402.0;Poté;15667.0;15667.0;13666.0;-2001.0
2857;MG;31.0;52501.0;Pouso Alegre;130615.0;130615.0;152217.0;21602.0
2858;MG;31.0;52600.0;Pouso Alto;6213.0;6213.0;6566.0;353.0
2859;MG;31.0;52709.0;Prados;8391.0;8391.0;9048.0;657.0
2860;MG;31.0;52808.0;Prata;25802.0;25802.0;28342.0;2540.0
2861;MG;31.0;52907.0;Pratápolis;8807.0;8807.0;8406.0;-401.0
2862;MG;31.0;53004.0;Pratinha;3265.0;3265.0;3559.0;294.0
2863;MG;31.0;53103.0;Presidente Bernardes;5537.0;5537.0;4850.0;-687.0
2864;MG;31.0;53202.0;Presidente Juscelino;3908.0;3908.0;3465.0;-443.0
2865;MG;31.0;53301.0;Presidente Kubitschek;2959.0;2959.0;3071.0;112.0
2866;MG;31.0;53400.0;Presidente Olegário;18577.0;18697.0;18765.0;188.0
2867;MG;31.0;53509.0;Alto Jequitibá;8318.0;8318.0;8397.0;79.0
2868;MG;31.0;53608.0;Prudente de Morais;9573.0;9573.0;11466.0;1893.0
2869;MG;31.0;53707.0;Quartel Geral;3303.0;3303.0;3179.0;-124.0
2870;MG;31.0;53806.0;Queluzito;1861.0;1861.0;1770.0;-91.0
2871;MG;31.0;53905.0;Raposos;15342.0;15342.0;16279.0;937.0
2872;MG;31.0;54002.0;Raul Soares;23818.0;23818.0;23423.0;-395.0
2873;MG;31.0;54101.0;Recreio;10299.0;10299.0;11007.0;708.0
2874;MG;31.0;54150.0;Reduto;6569.0;6569.0;7848.0;1279.0
2875;MG;31.0;54200.0;Resende Costa;10913.0;10913.0;11230.0;317.0
2876;MG;31.0;54309.0;Resplendor;17089.0;17089.0;17226.0;137.0
2877;MG;31.0;54408.0;Ressaquinha;4711.0;4630.0;4548.0;-163.0
2878;MG;31.0;54457.0;Riachinho;8007.0;8007.0;6863.0;-1144.0
2879;MG;31.0;54507.0;Riacho dos Machados;9360.0;9360.0;8756.0;-604.0
2880;MG;31.0;54606.0;Ribeirão das Neves;296317.0;296736.0;329794.0;33477.0
2881;MG;31.0;54705.0;Ribeirão Vermelho;3826.0;3826.0;4080.0;254.0
2882;MG;31.0;54804.0;Rio Acima;9090.0;9087.0;10261.0;1171.0
2883;MG;31.0;54903.0;Rio Casca;14201.0;14201.0;12789.0;-1412.0
2884;MG;31.0;55009.0;Rio Doce;2465.0;2465.0;2484.0;19.0
2885;MG;31.0;55108.0;Rio do Prado;5217.0;5217.0;4639.0;-578.0
2886;MG;31.0;55207.0;Rio Espera;6070.0;6070.0;5429.0;-641.0
2887;MG;31.0;55306.0;Rio Manso;5276.0;5276.0;5568.0;292.0
2888;MG;31.0;55405.0;Rio Novo;8712.0;8712.0;8518.0;-194.0
2889;MG;31.0;55504.0;Rio Paranaíba;11885.0;11885.0;14532.0;2647.0
2890;MG;31.0;55603.0;Rio Pardo de Minas;29099.0;29099.0;28271.0;-828.0
2891;MG;31.0;55702.0;Rio Piracicaba;14149.0;14149.0;14631.0;482.0
2892;MG;31.0;55801.0;Rio Pomba;17110.0;17110.0;17443.0;333.0
2893;MG;31.0;55900.0;Rio Preto;5292.0;5292.0;5141.0;-151.0
2894;MG;31.0;56007.0;Rio Vermelho;13645.0;13645.0;12641.0;-1004.0
2895;MG;31.0;56106.0;Ritápolis;4925.0;4925.0;4994.0;69.0
2896;MG;31.0;56205.0;Rochedo de Minas;2116.0;2116.0;2291.0;175.0
2897;MG;31.0;56304.0;Rodeiro;6867.0;6867.0;8664.0;1797.0
2898;MG;31.0;56403.0;Romaria;3596.0;3596.0;3386.0;-210.0
2899;MG;31.0;56452.0;Rosário da Limeira;4247.0;4247.0;4734.0;487.0
2900;MG;31.0;56502.0;Rubelita;7772.0;7772.0;5679.0;-2093.0
2901;MG;31.0;56601.0;Rubim;9919.0;9919.0;10298.0;379.0
2902;MG;31.0;56700.0;Sabará;126269.0;126384.0;129380.0;3111.0
2903;MG;31.0;56809.0;Sabinópolis;15704.0;15704.0;14240.0;-1464.0
2904;MG;31.0;56908.0;Sacramento;23896.0;23896.0;26670.0;2774.0
2905;MG;31.0;57005.0;Salinas;39178.0;39125.0;40178.0;1000.0
2906;MG;31.0;57104.0;Salto da Divisa;6859.0;6859.0;6110.0;-749.0
2907;MG;31.0;57203.0;Santa Bárbara;27876.0;28077.0;30466.0;2590.0
2908;MG;31.0;57252.0;Santa Bárbara do Leste;7682.0;7682.0;8458.0;776.0
2909;MG;31.0;57278.0;Santa Bárbara do Monte Verde;2788.0;2788.0;3095.0;307.0
2910;MG;31.0;57302.0;Santa Bárbara do Tugúrio;4570.0;4570.0;4208.0;-362.0
2911;MG;31.0;57336.0;Santa Cruz de Minas;7865.0;7865.0;8109.0;244.0
2912;MG;31.0;57377.0;Santa Cruz de Salinas;4397.0;4397.0;3910.0;-487.0
2913;MG;31.0;57401.0;Santa Cruz do Escalvado;4992.0;4992.0;4673.0;-319.0
2914;MG;31.0;57500.0;Santa Efigênia de Minas;4600.0;4600.0;4039.0;-561.0
2915;MG;31.0;57609.0;Santa Fé de Minas;3968.0;3968.0;3522.0;-446.0
2916;MG;31.0;57658.0;Santa Helena de Minas;6055.0;6055.0;5938.0;-117.0
2917;MG;31.0;57708.0;Santa Juliana;11337.0;11337.0;15734.0;4397.0
2918;MG;31.0;57807.0;Santa Luzia;202942.0;202601.0;219132.0;16190.0
2919;MG;31.0;57906.0;Santa Margarida;15011.0;15011.0;16395.0;1384.0
2920;MG;31.0;58003.0;Santa Maria de Itabira;10552.0;10552.0;10485.0;-67.0
2921;MG;31.0;58102.0;Santa Maria do Salto;5284.0;5284.0;4755.0;-529.0
2922;MG;31.0;58201.0;Santa Maria do Suaçuí;14395.0;14395.0;12788.0;-1607.0
2923;MG;31.0;58300.0;Santana da Vargem;7231.0;7231.0;6691.0;-540.0
2924;MG;31.0;58409.0;Santana de Cataguases;3622.0;3622.0;3489.0;-133.0
2925;MG;31.0;58508.0;Santana de Pirapama;8009.0;8009.0;7030.0;-979.0
2926;MG;31.0;58607.0;Santana do Deserto;3860.0;3860.0;3747.0;-113.0
2927;MG;31.0;58706.0;Santana do Garambéu;2234.0;2234.0;2137.0;-97.0
2928;MG;31.0;58805.0;Santana do Jacaré;4607.0;4607.0;4214.0;-393.0
2929;MG;31.0;58904.0;Santana do Manhuaçu;8582.0;8582.0;8987.0;405.0
2930;MG;31.0;58953.0;Santana do Paraíso;27265.0;27265.0;44800.0;17535.0
2931;MG;31.0;59001.0;Santana do Riacho;4023.0;4023.0;5313.0;1290.0
2932;MG;31.0;59100.0;Santana dos Montes;3822.0;3822.0;3469.0;-353.0
2933;MG;31.0;59209.0;Santa Rita de Caldas;9027.0;9027.0;8460.0;-567.0
2934;MG;31.0;59308.0;Santa Rita de Jacutinga;4993.0;4993.0;4755.0;-238.0
2935;MG;31.0;59357.0;Santa Rita de Minas;6547.0;6547.0;6773.0;226.0
2936;MG;31.0;59407.0;Santa Rita de Ibitipoca;3583.0;3583.0;3301.0;-282.0
2937;MG;31.0;59506.0;Santa Rita do Itueto;5697.0;5697.0;5826.0;129.0
2938;MG;31.0;59605.0;Santa Rita do Sapucaí;37754.0;37754.0;40635.0;2881.0
2939;MG;31.0;59704.0;Santa Rosa da Serra;3224.0;3224.0;3382.0;158.0
2940;MG;31.0;59803.0;Santa Vitória;18138.0;18138.0;20973.0;2835.0
2941;MG;31.0;59902.0;Santo Antônio do Amparo;17345.0;17345.0;17285.0;-60.0
2942;MG;31.0;60009.0;Santo Antônio do Aventureiro;3538.0;3538.0;3769.0;231.0
2943;MG;31.0;60108.0;Santo Antônio do Grama;4085.0;4085.0;4229.0;144.0
2944;MG;31.0;60207.0;Santo Antônio do Itambé;4135.0;4135.0;3915.0;-220.0
2945;MG;31.0;60306.0;Santo Antônio do Jacinto;11775.0;11775.0;10327.0;-1448.0
2946;MG;31.0;60405.0;Santo Antônio do Monte;25975.0;25975.0;27295.0;1320.0
2947;MG;31.0;60454.0;Santo Antônio do Retiro;6955.0;6955.0;6629.0;-326.0
2948;MG;31.0;60504.0;Santo Antônio do Rio Abaixo;1777.0;1777.0;1808.0;31.0
2949;MG;31.0;60603.0;Santo Hipólito;3238.0;3238.0;2717.0;-521.0
2950;MG;31.0;60702.0;Santos Dumont;46284.0;46284.0;42406.0;-3878.0
2951;MG;31.0;60801.0;São Bento Abade;4577.0;4577.0;4713.0;136.0
2952;MG;31.0;60900.0;São Brás do Suaçuí;3513.0;3513.0;3989.0;476.0
2953;MG;31.0;60959.0;São Domingos das Dores;5408.0;5408.0;5626.0;218.0
2954;MG;31.0;61007.0;São Domingos do Prata;17357.0;17357.0;17392.0;35.0
2955;MG;31.0;61056.0;São Félix de Minas;3382.0;3382.0;3200.0;-182.0
2956;MG;31.0;61106.0;São Francisco;53828.0;53828.0;52762.0;-1066.0
2957;MG;31.0;61205.0;São Francisco de Paula;6483.0;6483.0;6187.0;-296.0
2958;MG;31.0;61304.0;São Francisco de Sales;5776.0;5776.0;5732.0;-44.0
2959;MG;31.0;61403.0;São Francisco do Glória;5178.0;5178.0;4800.0;-378.0
2960;MG;31.0;61502.0;São Geraldo;10263.0;10263.0;10282.0;19.0
2961;MG;31.0;61601.0;São Geraldo da Piedade;4389.0;4389.0;3305.0;-1084.0
2962;MG;31.0;61650.0;São Geraldo do Baixio;3486.0;3486.0;3143.0;-343.0
2963;MG;31.0;61700.0;São Gonçalo do Abaeté;6264.0;7562.0;7375.0;1111.0
2964;MG;31.0;61809.0;São Gonçalo do Pará;10398.0;10398.0;11770.0;1372.0
2965;MG;31.0;61908.0;São Gonçalo do Rio Abaixo;9777.0;9777.0;11850.0;2073.0
2966;MG;31.0;62005.0;São Gonçalo do Sapucaí;23906.0;23906.0;23959.0;53.0
2967;MG;31.0;62104.0;São Gotardo;31819.0;31819.0;40910.0;9091.0
2968;MG;31.0;62203.0;São João Batista do Glória;6887.0;6887.0;7652.0;765.0
2969;MG;31.0;62252.0;São João da Lagoa;4656.0;4656.0;4822.0;166.0
2970;MG;31.0;62302.0;São João da Mata;2731.0;2731.0;2914.0;183.0
2971;MG;31.0;62401.0;São João da Ponte;25358.0;25358.0;23930.0;-1428.0
2972;MG;31.0;62450.0;São João das Missões;11715.0;11715.0;13024.0;1309.0
2973;MG;31.0;62500.0;São João del Rei;84469.0;84469.0;90225.0;5756.0
2974;MG;31.0;62559.0;São João do Manhuaçu;10245.0;10245.0;11246.0;1001.0
2975;MG;31.0;62575.0;São João do Manteninha;5188.0;5188.0;5331.0;143.0
2976;MG;31.0;62609.0;São João do Oriente;7874.0;7874.0;7070.0;-804.0
2977;MG;31.0;62658.0;São João do Pacuí;4060.0;4060.0;3972.0;-88.0
2978;MG;31.0;62708.0;São João do Paraíso;22319.0;22319.0;23910.0;1591.0
2979;MG;31.0;62807.0;São João Evangelista;15553.0;15553.0;15315.0;-238.0
2980;MG;31.0;62906.0;São João Nepomuceno;25057.0;25057.0;25565.0;508.0
2981;MG;31.0;62922.0;São Joaquim de Bicas;25537.0;25537.0;34348.0;8811.0
2982;MG;31.0;62948.0;São José da Barra;6778.0;6778.0;7793.0;1015.0
2983;MG;31.0;62955.0;São José da Lapa;19799.0;19799.0;26090.0;6291.0
2984;MG;31.0;63003.0;São José da Safira;4075.0;4075.0;3806.0;-269.0
2985;MG;31.0;63102.0;São José da Varginha;4198.0;4198.0;4536.0;338.0
2986;MG;31.0;63201.0;São José do Alegre;3996.0;3996.0;4133.0;137.0
2987;MG;31.0;63300.0;São José do Divino;3834.0;3834.0;3464.0;-370.0
2988;MG;31.0;63409.0;São José do Goiabal;5636.0;5636.0;5396.0;-240.0
2989;MG;31.0;63508.0;São José do Jacuri;6553.0;6553.0;6197.0;-356.0
2990;MG;31.0;63607.0;São José do Mantimento;2592.0;2592.0;2753.0;161.0
2991;MG;31.0;63706.0;São Lourenço;41657.0;41657.0;44798.0;3141.0
2992;MG;31.0;63805.0;São Miguel do Anta;6760.0;6760.0;6334.0;-426.0
2993;MG;31.0;63904.0;São Pedro da União;5040.0;5040.0;4885.0;-155.0
2994;MG;31.0;64001.0;São Pedro dos Ferros;8356.0;8356.0;7166.0;-1190.0
2995;MG;31.0;64100.0;São Pedro do Suaçuí;5570.0;5570.0;5103.0;-467.0
2996;MG;31.0;64209.0;São Romão;10276.0;10276.0;10315.0;39.0
2997;MG;31.0;64308.0;São Roque de Minas;6686.0;6686.0;7129.0;443.0
2998;MG;31.0;64407.0;São Sebastião da Bela Vista;4948.0;4948.0;6387.0;1439.0
2999;MG;31.0;64431.0;São Sebastião da Vargem Alegre;2798.0;2798.0;3113.0;315.0
3000;MG;31.0;64472.0;São Sebastião do Anta;5739.0;5739.0;6194.0;455.0
3001;MG;31.0;64506.0;São Sebastião do Maranhão;10647.0;10647.0;10079.0;-568.0
3002;MG;31.0;64605.0;São Sebastião do Oeste;5805.0;5805.0;8815.0;3010.0
3003;MG;31.0;64704.0;São Sebastião do Paraíso;64980.0;64980.0;71796.0;6816.0
3004;MG;31.0;64803.0;São Sebastião do Rio Preto;1613.0;1613.0;1259.0;-354.0
3005;MG;31.0;64902.0;São Sebastião do Rio Verde;2110.0;2110.0;2300.0;190.0
3006;MG;31.0;65008.0;São Tiago;10561.0;10561.0;11192.0;631.0
3007;MG;31.0;65107.0;São Tomás de Aquino;7093.0;7093.0;6740.0;-353.0
3008;MG;31.0;65206.0;São Tomé das Letras;6655.0;6655.0;6904.0;249.0
3009;MG;31.0;65305.0;São Vicente de Minas;7008.0;7008.0;6804.0;-204.0
3010;MG;31.0;65404.0;Sapucaí-Mirim;6241.0;6241.0;6311.0;70.0
3011;MG;31.0;65503.0;Sardoá;5594.0;5594.0;5104.0;-490.0
3012;MG;31.0;65537.0;Sarzedo;25814.0;25814.0;36844.0;11030.0
3013;MG;31.0;65552.0;Setubinha;10885.0;10885.0;9917.0;-968.0
3014;MG;31.0;65560.0;Sem-Peixe;2847.0;2847.0;2433.0;-414.0
3015;MG;31.0;65578.0;Senador Amaral;5219.0;5219.0;6206.0;987.0
3016;MG;31.0;65602.0;Senador Cortes;1988.0;1988.0;2240.0;252.0
3017;MG;31.0;65701.0;Senador Firmino;7230.0;7230.0;7716.0;486.0
3018;MG;31.0;65800.0;Senador José Bento;1868.0;1868.0;2068.0;200.0
3019;MG;31.0;65909.0;Senador Modestino Gonçalves;4574.0;4574.0;4008.0;-566.0
3020;MG;31.0;66006.0;Senhora de Oliveira;5683.0;5683.0;5483.0;-200.0
3021;MG;31.0;66105.0;Senhora do Porto;3497.0;3497.0;3067.0;-430.0
3022;MG;31.0;66204.0;Senhora dos Remédios;10196.0;10196.0;10384.0;188.0
3023;MG;31.0;66303.0;Sericita;7128.0;7128.0;7345.0;217.0
3024;MG;31.0;66402.0;Seritinga;1789.0;1789.0;1819.0;30.0
3025;MG;31.0;66501.0;Serra Azul de Minas;4220.0;4220.0;3792.0;-428.0
3026;MG;31.0;66600.0;Serra da Saudade;815.0;815.0;833.0;18.0
3027;MG;31.0;66709.0;Serra dos Aimorés;8412.0;8412.0;6944.0;-1468.0
3028;MG;31.0;66808.0;Serra do Salitre;10549.0;10549.0;11801.0;1252.0
3029;MG;31.0;66907.0;Serrania;7542.0;7542.0;7621.0;79.0
3030;MG;31.0;66956.0;Serranópolis de Minas;4425.0;4425.0;4399.0;-26.0
3031;MG;31.0;67004.0;Serranos;1995.0;1995.0;1990.0;-5.0
3032;MG;31.0;67103.0;Serro;20835.0;20835.0;21952.0;1117.0
3033;MG;31.0;67202.0;Sete Lagoas;214152.0;214221.0;227397.0;13245.0
3034;MG;31.0;67301.0;Silveirânia;2192.0;2192.0;2323.0;131.0
3035;MG;31.0;67400.0;Silvianópolis;6027.0;6027.0;6179.0;152.0
3036;MG;31.0;67509.0;Simão Pereira;2537.0;2537.0;2947.0;410.0
3037;MG;31.0;67608.0;Simonésia;18298.0;18298.0;19750.0;1452.0
3038;MG;31.0;67707.0;Sobrália;5830.0;5830.0;5137.0;-693.0
3039;MG;31.0;67806.0;Soledade de Minas;5676.0;5676.0;5613.0;-63.0
3040;MG;31.0;67905.0;Tabuleiro;4079.0;4079.0;4014.0;-65.0
3041;MG;31.0;68002.0;Taiobeiras;30917.0;30970.0;33050.0;2133.0
3042;MG;31.0;68051.0;Taparuba;3137.0;3137.0;3387.0;250.0
3043;MG;31.0;68101.0;Tapira;4112.0;4112.0;4118.0;6.0
3044;MG;31.0;68200.0;Tapiraí;1873.0;1873.0;1690.0;-183.0
3045;MG;31.0;68309.0;Taquaraçu de Minas;3794.0;3794.0;4224.0;430.0
3046;MG;31.0;68408.0;Tarumirim;14293.0;14293.0;14709.0;416.0
3047;MG;31.0;68507.0;Teixeiras;11355.0;11355.0;12255.0;900.0
3048;MG;31.0;68606.0;Teófilo Otoni;134745.0;134745.0;137418.0;2673.0
3049;MG;31.0;68705.0;Timóteo;81243.0;81243.0;81579.0;336.0
3050;MG;31.0;68804.0;Tiradentes;6961.0;6961.0;7744.0;783.0
3051;MG;31.0;68903.0;Tiros;6906.0;6906.0;7883.0;977.0
3052;MG;31.0;69000.0;Tocantins;15823.0;15823.0;16185.0;362.0
3053;MG;31.0;69059.0;Tocos do Moji;3950.0;3950.0;3826.0;-124.0
3054;MG;31.0;69109.0;Toledo;5764.0;5764.0;7214.0;1450.0
3055;MG;31.0;69208.0;Tombos;9537.0;9537.0;8609.0;-928.0
3056;MG;31.0;69307.0;Três Corações;72765.0;72765.0;75485.0;2720.0
3057;MG;31.0;69356.0;Três Marias;28318.0;28318.0;28895.0;577.0
3058;MG;31.0;69406.0;Três Pontas;53860.0;53860.0;55255.0;1395.0
3059;MG;31.0;69505.0;Tumiritinga;6293.0;6293.0;5886.0;-407.0
3060;MG;31.0;69604.0;Tupaciguara;24188.0;24188.0;25470.0;1282.0
3061;MG;31.0;69703.0;Turmalina;18055.0;18055.0;20000.0;1945.0
3062;MG;31.0;69802.0;Turvolândia;4658.0;4658.0;4935.0;277.0
3063;MG;31.0;69901.0;Ubá;101519.0;101519.0;103365.0;1846.0
3064;MG;31.0;70008.0;Ubaí;11681.0;11681.0;11708.0;27.0
3065;MG;31.0;70057.0;Ubaporanga;12040.0;12040.0;13017.0;977.0
3066;MG;31.0;70107.0;Uberaba;295988.0;295988.0;337836.0;41848.0
3067;MG;31.0;70206.0;Uberlândia;604013.0;604013.0;713224.0;109211.0
3068;MG;31.0;70305.0;Umburatiba;2705.0;2705.0;2684.0;-21.0
3069;MG;31.0;70404.0;Unaí;77565.0;77557.0;86619.0;9054.0
3070;MG;31.0;70438.0;União de Minas;4418.0;4418.0;3828.0;-590.0
3071;MG;31.0;70479.0;Uruana de Minas;3235.0;3243.0;3282.0;47.0
3072;MG;31.0;70503.0;Urucânia;10291.0;10291.0;10600.0;309.0
3073;MG;31.0;70529.0;Urucuia;13604.0;13604.0;17479.0;3875.0
3074;MG;31.0;70578.0;Vargem Alegre;6461.0;6461.0;5780.0;-681.0
3075;MG;31.0;70602.0;Vargem Bonita;2163.0;2163.0;2158.0;-5.0
3076;MG;31.0;70651.0;Vargem Grande do Rio Pardo;4733.0;4733.0;4633.0;-100.0
3077;MG;31.0;70701.0;Varginha;123081.0;123081.0;136467.0;13386.0
3078;MG;31.0;70750.0;Varjão de Minas;6054.0;5934.0;6969.0;915.0
3079;MG;31.0;70800.0;Várzea da Palma;35809.0;35809.0;33744.0;-2065.0
3080;MG;31.0;70909.0;Varzelândia;19116.0;19116.0;18840.0;-276.0
3081;MG;31.0;71006.0;Vazante;19723.0;19723.0;19975.0;252.0
3082;MG;31.0;71030.0;Verdelândia;8346.0;8346.0;7672.0;-674.0
3083;MG;31.0;71071.0;Veredinha;5549.0;5549.0;5181.0;-368.0
3084;MG;31.0;71105.0;Veríssimo;3483.0;3483.0;3411.0;-72.0
3085;MG;31.0;71154.0;Vermelho Novo;4689.0;4689.0;4899.0;210.0
3086;MG;31.0;71204.0;Vespasiano;104527.0;104516.0;129246.0;24719.0
3087;MG;31.0;71303.0;Viçosa;72220.0;72220.0;76430.0;4210.0
3088;MG;31.0;71402.0;Vieiras;3731.0;3731.0;3700.0;-31.0
3089;MG;31.0;71501.0;Mathias Lobato;3370.0;3370.0;3038.0;-332.0
3090;MG;31.0;71600.0;Virgem da Lapa;13619.0;13619.0;11804.0;-1815.0
3091;MG;31.0;71709.0;Virgínia;8623.0;8623.0;8908.0;285.0
3092;MG;31.0;71808.0;Virginópolis;10572.0;10572.0;10314.0;-258.0
3093;MG;31.0;71907.0;Virgolândia;5658.0;5658.0;4552.0;-1106.0
3094;MG;31.0;72004.0;Visconde do Rio Branco;37942.0;37942.0;39160.0;1218.0
3095;MG;31.0;72103.0;Volta Grande;5070.0;5070.0;4443.0;-627.0
3096;MG;31.0;72202.0;Wenceslau Braz;2553.0;2553.0;2356.0;-197.0
3097;ES;32.0;102.0;Afonso Cláudio;31091.0;31091.0;30684.0;-407.0
3098;ES;32.0;136.0;Águia Branca;9519.0;9519.0;9711.0;192.0
3099;ES;32.0;169.0;Água Doce do Norte;11771.0;11771.0;12042.0;271.0
3100;ES;32.0;201.0;Alegre;30768.0;30392.0;29177.0;-1591.0
3101;ES;32.0;300.0;Alfredo Chaves;13955.0;13955.0;13836.0;-119.0
3102;ES;32.0;359.0;Alto Rio Novo;7317.0;7317.0;7434.0;117.0
3103;ES;32.0;409.0;Anchieta;23902.0;23902.0;29984.0;6082.0
3104;ES;32.0;508.0;Apiacá;7512.0;7512.0;7223.0;-289.0
3105;ES;32.0;607.0;Aracruz;81832.0;81832.0;94765.0;12933.0
3106;ES;32.0;706.0;Atílio Vivácqua;9850.0;10135.0;10540.0;690.0
3107;ES;32.0;805.0;Baixo Guandu;29081.0;29081.0;30674.0;1593.0
3108;ES;32.0;904.0;Barra de São Francisco;40649.0;40649.0;42498.0;1849.0
3109;ES;32.0;1001.0;Boa Esperança;14199.0;14199.0;13608.0;-591.0
3110;ES;32.0;1100.0;Bom Jesus do Norte;9476.0;9476.0;10254.0;778.0
3111;ES;32.0;1159.0;Brejetuba;11915.0;11915.0;12985.0;1070.0
3112;ES;32.0;1209.0;Cachoeiro de Itapemirim;189889.0;189546.0;185786.0;-4103.0
3113;ES;32.0;1308.0;Cariacica;348738.0;348738.0;353491.0;4753.0
3114;ES;32.0;1407.0;Castelo;34747.0;34747.0;36930.0;2183.0
3115;ES;32.0;1506.0;Colatina;111788.0;111537.0;120033.0;8245.0
3116;ES;32.0;1605.0;Conceição da Barra;28449.0;28449.0;27458.0;-991.0
3117;ES;32.0;1704.0;Conceição do Castelo;11681.0;11681.0;11937.0;256.0
3118;ES;32.0;1803.0;Divino de São Lourenço;4516.0;4516.0;5083.0;567.0
3119;ES;32.0;1902.0;Domingos Martins;31847.0;31847.0;35416.0;3569.0
3120;ES;32.0;2009.0;Dores do Rio Preto;6397.0;6397.0;6596.0;199.0
3121;ES;32.0;2108.0;Ecoporanga;23212.0;23212.0;21992.0;-1220.0
3122;ES;32.0;2207.0;Fundão;17025.0;17025.0;18014.0;989.0
3123;ES;32.0;2256.0;Governador Lindenberg;10869.0;10869.0;11009.0;140.0
3124;ES;32.0;2306.0;Guaçuí;27851.0;27851.0;29358.0;1507.0
3125;ES;32.0;2405.0;Guarapari;105286.0;105286.0;124656.0;19370.0
3126;ES;32.0;2454.0;Ibatiba;22366.0;22366.0;25380.0;3014.0
3127;ES;32.0;2504.0;Ibiraçu;11178.0;11178.0;11723.0;545.0
3128;ES;32.0;2553.0;Ibitirama;8957.0;8957.0;9520.0;563.0
3129;ES;32.0;2603.0;Iconha;12523.0;12523.0;12326.0;-197.0
3130;ES;32.0;2652.0;Irupi;11723.0;11723.0;13710.0;1987.0
3131;ES;32.0;2702.0;Itaguaçu;14134.0;14134.0;13589.0;-545.0
3132;ES;32.0;2801.0;Itapemirim;30988.0;30768.0;39832.0;8844.0
3133;ES;32.0;2900.0;Itarana;10881.0;10881.0;10597.0;-284.0
3134;ES;32.0;3007.0;Iúna;27328.0;27328.0;28590.0;1262.0
3135;ES;32.0;3056.0;Jaguaré;24678.0;24678.0;28931.0;4253.0
3136;ES;32.0;3106.0;Jerônimo Monteiro;10879.0;11255.0;11575.0;696.0
3137;ES;32.0;3130.0;João Neiva;15809.0;15809.0;14079.0;-1730.0
3138;ES;32.0;3163.0;Laranja da Terra;10826.0;10826.0;11094.0;268.0
3139;ES;32.0;3205.0;Linhares;141306.0;141141.0;166786.0;25480.0
3140;ES;32.0;3304.0;Mantenópolis;13612.0;13612.0;12770.0;-842.0
3141;ES;32.0;3320.0;Marataízes;34140.0;34140.0;41929.0;7789.0
3142;ES;32.0;3346.0;Marechal Floriano;14262.0;14262.0;17641.0;3379.0
3143;ES;32.0;3353.0;Marilândia;11107.0;11358.0;12387.0;1280.0
3144;ES;32.0;3403.0;Mimoso do Sul;25902.0;25902.0;24475.0;-1427.0
3145;ES;32.0;3502.0;Montanha;17849.0;17849.0;18900.0;1051.0
3146;ES;32.0;3601.0;Mucurici;5655.0;5655.0;5466.0;-189.0
3147;ES;32.0;3700.0;Muniz Freire;18397.0;18397.0;18153.0;-244.0
3148;ES;32.0;3809.0;Muqui;14396.0;14396.0;13745.0;-651.0
3149;ES;32.0;3908.0;Nova Venécia;46031.0;46031.0;49065.0;3034.0
3150;ES;32.0;4005.0;Pancas;21548.0;21548.0;18893.0;-2655.0
3151;ES;32.0;4054.0;Pedro Canário;23794.0;23794.0;21522.0;-2272.0
3152;ES;32.0;4104.0;Pinheiros;23895.0;23895.0;23915.0;20.0
3153;ES;32.0;4203.0;Piúma;18123.0;18110.0;22300.0;4177.0
3154;ES;32.0;4252.0;Ponto Belo;6979.0;6979.0;6497.0;-482.0
3155;ES;32.0;4302.0;Presidente Kennedy;10314.0;10547.0;13696.0;3382.0
3156;ES;32.0;4351.0;Rio Bananal;17530.0;17530.0;19274.0;1744.0
3157;ES;32.0;4401.0;Rio Novo do Sul;11325.0;11325.0;11069.0;-256.0
3158;ES;32.0;4500.0;Santa Leopoldina;12240.0;12191.0;13106.0;866.0
3159;ES;32.0;4559.0;Santa Maria de Jetibá;34176.0;34197.0;41636.0;7460.0
3160;ES;32.0;4609.0;Santa Teresa;21823.0;21851.0;22808.0;985.0
3161;ES;32.0;4658.0;São Domingos do Norte;8001.0;8001.0;8589.0;588.0
3162;ES;32.0;4708.0;São Gabriel da Palha;31859.0;31859.0;32252.0;393.0
3163;ES;32.0;4807.0;São José do Calçado;10408.0;10408.0;10878.0;470.0
3164;ES;32.0;4906.0;São Mateus;109028.0;109193.0;123752.0;14724.0
3165;ES;32.0;4955.0;São Roque do Canaã;11273.0;11273.0;10886.0;-387.0
3166;ES;32.0;5002.0;Serra;409267.0;417330.0;520653.0;111386.0
3167;ES;32.0;5010.0;Sooretama;23843.0;23843.0;26502.0;2659.0
3168;ES;32.0;5036.0;Vargem Alta;19130.0;19188.0;19563.0;433.0
3169;ES;32.0;5069.0;Venda Nova do Imigrante;20447.0;20447.0;23831.0;3384.0
3170;ES;32.0;5101.0;Viana;65001.0;65001.0;73423.0;8422.0
3171;ES;32.0;5150.0;Vila Pavão;8672.0;8672.0;8911.0;239.0
3172;ES;32.0;5176.0;Vila Valério;13830.0;13830.0;13728.0;-102.0
3173;ES;32.0;5200.0;Vila Velha;414586.0;414586.0;467722.0;53136.0
3174;ES;32.0;5309.0;Vitória;327801.0;319738.0;322869.0;-4932.0
3175;RJ;33.0;100.0;Angra dos Reis;169511.0;169511.0;167434.0;-2077.0
3176;RJ;33.0;159.0;Aperibé;10213.0;10213.0;11034.0;821.0
3177;RJ;33.0;209.0;Araruama;112008.0;112228.0;129671.0;17663.0
3178;RJ;33.0;225.0;Areal;11423.0;11423.0;11828.0;405.0
3179;RJ;33.0;233.0;Armação dos Búzios;27560.0;27560.0;40006.0;12446.0
3180;RJ;33.0;258.0;Arraial do Cabo;27715.0;27496.0;30986.0;3271.0
3181;RJ;33.0;308.0;Barra do Piraí;94778.0;94808.0;92883.0;-1895.0
3182;RJ;33.0;407.0;Barra Mansa;177813.0;176947.0;169894.0;-7919.0
3183;RJ;33.0;456.0;Belford Roxo;469332.0;480487.0;483087.0;13755.0
3184;RJ;33.0;506.0;Bom Jardim;25333.0;25333.0;28102.0;2769.0
3185;RJ;33.0;605.0;Bom Jesus do Itabapoana;35411.0;35385.0;35173.0;-238.0
3186;RJ;33.0;704.0;Cabo Frio;186227.0;186264.0;222161.0;35934.0
3187;RJ;33.0;803.0;Cachoeiras de Macacu;54273.0;54408.0;56943.0;2670.0
3188;RJ;33.0;902.0;Cambuci;14827.0;15128.0;14616.0;-211.0
3189;RJ;33.0;936.0;Carapebus;13359.0;13330.0;13847.0;488.0
3190;RJ;33.0;951.0;Comendador Levy Gasparian;8180.0;8254.0;8741.0;561.0
3191;RJ;33.0;1009.0;Campos dos Goytacazes;463731.0;464066.0;483540.0;19809.0
3192;RJ;33.0;1108.0;Cantagalo;19830.0;19830.0;19390.0;-440.0
3193;RJ;33.0;1157.0;Cardoso Moreira;12600.0;12600.0;12958.0;358.0
3194;RJ;33.0;1207.0;Carmo;17434.0;17269.0;17198.0;-236.0
3195;RJ;33.0;1306.0;Casimiro de Abreu;35347.0;35347.0;46110.0;10763.0
3196;RJ;33.0;1405.0;Conceição de Macabu;21211.0;21200.0;21104.0;-107.0
3197;RJ;33.0;1504.0;Cordeiro;20430.0;20430.0;20783.0;353.0
3198;RJ;33.0;1603.0;Duas Barras;10930.0;10930.0;10980.0;50.0
3199;RJ;33.0;1702.0;Duque de Caxias;855048.0;855088.0;808161.0;-46887.0
3200;RJ;33.0;1801.0;Engenheiro Paulo de Frontin;13237.0;13080.0;12242.0;-995.0
3201;RJ;33.0;1850.0;Guapimirim;51483.0;51233.0;51696.0;213.0
3202;RJ;33.0;1876.0;Iguaba Grande;22851.0;22848.0;27920.0;5069.0
3203;RJ;33.0;1900.0;Itaboraí;218008.0;217790.0;224267.0;6259.0
3204;RJ;33.0;2007.0;Itaguaí;109091.0;113691.0;116841.0;7750.0
3205;RJ;33.0;2056.0;Italva;14063.0;14063.0;14073.0;10.0
3206;RJ;33.0;2106.0;Itaocara;22899.0;22899.0;22919.0;20.0
3207;RJ;33.0;2205.0;Itaperuna;95841.0;95867.0;101041.0;5200.0
3208;RJ;33.0;2254.0;Itatiaia;28783.0;28783.0;30908.0;2125.0
3209;RJ;33.0;2270.0;Japeri;95492.0;95492.0;96289.0;797.0
3210;RJ;33.0;2304.0;Laje do Muriaé;7487.0;7487.0;7336.0;-151.0
3211;RJ;33.0;2403.0;Macaé;206728.0;206753.0;246391.0;39663.0
3212;RJ;33.0;2452.0;Macuco;5269.0;5269.0;5415.0;146.0
3213;RJ;33.0;2502.0;Magé;227322.0;227667.0;228127.0;805.0
3214;RJ;33.0;2601.0;Mangaratiba;36456.0;36610.0;41220.0;4764.0
3215;RJ;33.0;2700.0;Maricá;127461.0;127397.0;197277.0;69816.0
3216;RJ;33.0;2809.0;Mendes;17935.0;17935.0;17502.0;-433.0
3217;RJ;33.0;2858.0;Mesquita;168376.0;168376.0;167127.0;-1249.0
3218;RJ;33.0;2908.0;Miguel Pereira;24642.0;24646.0;26582.0;1940.0
3219;RJ;33.0;3005.0;Miracema;26843.0;26843.0;26881.0;38.0
3220;RJ;33.0;3104.0;Natividade;15082.0;15082.0;15074.0;-8.0
3221;RJ;33.0;3203.0;Nilópolis;157425.0;157425.0;146774.0;-10651.0
3222;RJ;33.0;3302.0;Niterói;487562.0;487562.0;481749.0;-5813.0
3223;RJ;33.0;3401.0;Nova Friburgo;182082.0;182057.0;189939.0;7857.0
3224;RJ;33.0;3500.0;Nova Iguaçu;796257.0;785102.0;785867.0;-10390.0
3225;RJ;33.0;3609.0;Paracambi;47124.0;47281.0;41375.0;-5749.0
3226;RJ;33.0;3708.0;Paraíba do Sul;41084.0;41269.0;42063.0;979.0
3227;RJ;33.0;3807.0;Paraty;37533.0;37533.0;45243.0;7710.0
3228;RJ;33.0;3856.0;Paty do Alferes;26359.0;26416.0;29619.0;3260.0
3229;RJ;33.0;3906.0;Petrópolis;295917.0;295774.0;278881.0;-17036.0
3230;RJ;33.0;3955.0;Pinheiral;22719.0;22740.0;24298.0;1579.0
3231;RJ;33.0;4003.0;Piraí;26314.0;26214.0;27474.0;1160.0
3232;RJ;33.0;4102.0;Porciúncula;17760.0;17437.0;17288.0;-472.0
3233;RJ;33.0;4110.0;Porto Real;16592.0;16592.0;20373.0;3781.0
3234;RJ;33.0;4128.0;Quatis;12793.0;12793.0;13682.0;889.0
3235;RJ;33.0;4144.0;Queimados;137962.0;137962.0;140523.0;2561.0
3236;RJ;33.0;4151.0;Quissamã;20242.0;20253.0;22393.0;2151.0
3237;RJ;33.0;4201.0;Resende;119769.0;119769.0;129612.0;9843.0
3238;RJ;33.0;4300.0;Rio Bonito;55551.0;55576.0;56276.0;725.0
3239;RJ;33.0;4409.0;Rio Claro;17425.0;17473.0;17401.0;-24.0
3240;RJ;33.0;4508.0;Rio das Flores;8561.0;8552.0;8954.0;393.0
3241;RJ;33.0;4524.0;Rio das Ostras;105676.0;105680.0;156491.0;50815.0
3242;RJ;33.0;4557.0;Rio de Janeiro;6320446.0;6320446.0;6211223.0;-109223.0
3243;RJ;33.0;4607.0;Santa Maria Madalena;10321.0;10321.0;10232.0;-89.0
3244;RJ;33.0;4706.0;Santo Antônio de Pádua;40589.0;40589.0;41325.0;736.0
3245;RJ;33.0;4755.0;São Francisco de Itabapoana;41354.0;41354.0;45059.0;3705.0
3246;RJ;33.0;4805.0;São Fidélis;37543.0;37543.0;38961.0;1418.0
3247;RJ;33.0;4904.0;São Gonçalo;999728.0;999728.0;896744.0;-102984.0
3248;RJ;33.0;5000.0;São João da Barra;32747.0;32412.0;36573.0;3826.0
3249;RJ;33.0;5109.0;São João de Meriti;458673.0;458673.0;440962.0;-17711.0
3250;RJ;33.0;5133.0;São José de Ubá;7003.0;6702.0;7070.0;67.0
3251;RJ;33.0;5158.0;São José do Vale do Rio Preto;20251.0;20251.0;22080.0;1829.0
3252;RJ;33.0;5208.0;São Pedro da Aldeia;87875.0;87820.0;104029.0;16154.0
3253;RJ;33.0;5307.0;São Sebastião do Alto;8895.0;8895.0;7750.0;-1145.0
3254;RJ;33.0;5406.0;Sapucaia;17525.0;17679.0;17729.0;204.0
3255;RJ;33.0;5505.0;Saquarema;74234.0;74293.0;89559.0;15325.0
3256;RJ;33.0;5554.0;Seropédica;78186.0;73463.0;80596.0;2410.0
3257;RJ;33.0;5604.0;Silva Jardim;21349.0;21349.0;21352.0;3.0
3258;RJ;33.0;5703.0;Sumidouro;14900.0;14911.0;15206.0;306.0
3259;RJ;33.0;5752.0;Tanguá;30732.0;30848.0;31086.0;354.0
3260;RJ;33.0;5802.0;Teresópolis;163746.0;163746.0;165123.0;1377.0
3261;RJ;33.0;5901.0;Trajano de Moraes;10289.0;10289.0;10302.0;13.0
3262;RJ;33.0;6008.0;Três Rios;77432.0;77075.0;78346.0;914.0
3263;RJ;33.0;6107.0;Valença;71843.0;71822.0;68088.0;-3755.0
3264;RJ;33.0;6156.0;Varre-Sai;9475.0;9798.0;10207.0;732.0
3265;RJ;33.0;6206.0;Vassouras;34410.0;34447.0;33976.0;-434.0
3266;RJ;33.0;6305.0;Volta Redonda;257803.0;258669.0;261563.0;3760.0
3267;SP;35.0;105.0;Adamantina;33797.0;33797.0;34687.0;890.0
3268;SP;35.0;204.0;Adolfo;3557.0;3557.0;4351.0;794.0
3269;SP;35.0;303.0;Aguaí;32148.0;32148.0;32072.0;-76.0
3270;SP;35.0;402.0;Águas da Prata;7584.0;7584.0;7369.0;-215.0
3271;SP;35.0;501.0;Águas de Lindóia;17266.0;17266.0;17930.0;664.0
3272;SP;35.0;550.0;Águas de Santa Bárbara;5601.0;5601.0;7177.0;1576.0
3273;SP;35.0;600.0;Águas de São Pedro;2707.0;2707.0;2780.0;73.0
3274;SP;35.0;709.0;Agudos;34524.0;34524.0;37680.0;3156.0
3275;SP;35.0;758.0;Alambari;4884.0;4884.0;6141.0;1257.0
3276;SP;35.0;808.0;Alfredo Marcondes;3891.0;3891.0;4445.0;554.0
3277;SP;35.0;907.0;Altair;3815.0;3815.0;3451.0;-364.0
3278;SP;35.0;1004.0;Altinópolis;15607.0;15607.0;16818.0;1211.0
3279;SP;35.0;1103.0;Alto Alegre;4102.0;4102.0;3841.0;-261.0
3280;SP;35.0;1152.0;Alumínio;16839.0;16839.0;17301.0;462.0
3281;SP;35.0;1202.0;Álvares Florence;3897.0;3897.0;3915.0;18.0
3282;SP;35.0;1301.0;Álvares Machado;23513.0;23513.0;27255.0;3742.0
3283;SP;35.0;1400.0;Álvaro de Carvalho;4650.0;4650.0;4808.0;158.0
3284;SP;35.0;1509.0;Alvinlândia;3000.0;3000.0;2885.0;-115.0
3285;SP;35.0;1608.0;Americana;210638.0;210638.0;237240.0;26602.0
3286;SP;35.0;1707.0;Américo Brasiliense;34478.0;34478.0;33019.0;-1459.0
3287;SP;35.0;1806.0;Américo de Campos;5706.0;5706.0;5870.0;164.0
3288;SP;35.0;1905.0;Amparo;65829.0;65829.0;68008.0;2179.0
3289;SP;35.0;2002.0;Analândia;4293.0;4293.0;4589.0;296.0
3290;SP;35.0;2101.0;Andradina;55334.0;55334.0;59783.0;4449.0
3291;SP;35.0;2200.0;Angatuba;22210.0;22210.0;24022.0;1812.0
3292;SP;35.0;2309.0;Anhembi;5653.0;5653.0;5674.0;21.0
3293;SP;35.0;2408.0;Anhumas;3738.0;3738.0;4023.0;285.0
3294;SP;35.0;2507.0;Aparecida;35007.0;35007.0;32569.0;-2438.0
3295;SP;35.0;2606.0;Aparecida d'Oeste;4450.0;4450.0;4086.0;-364.0
3296;SP;35.0;2705.0;Apiaí;25191.0;25191.0;24585.0;-606.0
3297;SP;35.0;2754.0;Araçariguama;17080.0;17080.0;21522.0;4442.0
3298;SP;35.0;2804.0;Araçatuba;181579.0;181579.0;200124.0;18545.0
3299;SP;35.0;2903.0;Araçoiaba da Serra;27299.0;27299.0;32443.0;5144.0
3300;SP;35.0;3000.0;Aramina;5152.0;5152.0;5420.0;268.0
3301;SP;35.0;3109.0;Arandu;6123.0;6123.0;6885.0;762.0
3302;SP;35.0;3158.0;Arapeí;2493.0;2493.0;2330.0;-163.0
3303;SP;35.0;3208.0;Araraquara;208662.0;208662.0;242228.0;33566.0
3304;SP;35.0;3307.0;Araras;118843.0;118843.0;130866.0;12023.0
3305;SP;35.0;3356.0;Arco-Íris;1925.0;1925.0;2044.0;119.0
3306;SP;35.0;3406.0;Arealva;7841.0;7841.0;8130.0;289.0
3307;SP;35.0;3505.0;Areias;3696.0;3696.0;3577.0;-119.0
3308;SP;35.0;3604.0;Areiópolis;10579.0;10579.0;10130.0;-449.0
3309;SP;35.0;3703.0;Ariranha;8547.0;8547.0;7602.0;-945.0
3310;SP;35.0;3802.0;Artur Nogueira;44177.0;44177.0;51456.0;7279.0
3311;SP;35.0;3901.0;Arujá;74905.0;74905.0;86678.0;11773.0
3312;SP;35.0;3950.0;Aspásia;1809.0;1809.0;1842.0;33.0
3313;SP;35.0;4008.0;Assis;95144.0;95144.0;101409.0;6265.0
3314;SP;35.0;4107.0;Atibaia;126603.0;126603.0;158647.0;32044.0
3315;SP;35.0;4206.0;Auriflama;14202.0;14202.0;13692.0;-510.0
3316;SP;35.0;4305.0;Avaí;4959.0;4959.0;4483.0;-476.0
3317;SP;35.0;4404.0;Avanhandava;11310.0;11310.0;11263.0;-47.0
3318;SP;35.0;4503.0;Avaré;82934.0;82934.0;92805.0;9871.0
3319;SP;35.0;4602.0;Bady Bassitt;14603.0;14603.0;27260.0;12657.0
3320;SP;35.0;4701.0;Balbinos;3702.0;3702.0;3887.0;185.0
3321;SP;35.0;4800.0;Bálsamo;8160.0;8160.0;9596.0;1436.0
3322;SP;35.0;4909.0;Bananal;10223.0;10223.0;9969.0;-254.0
3323;SP;35.0;5005.0;Barão de Antonina;3116.0;3116.0;3531.0;415.0
3324;SP;35.0;5104.0;Barbosa;6593.0;6593.0;5640.0;-953.0
3325;SP;35.0;5203.0;Bariri;31593.0;31593.0;31595.0;2.0
3326;SP;35.0;5302.0;Barra Bonita;35246.0;35246.0;34346.0;-900.0
3327;SP;35.0;5351.0;Barra do Chapéu;5244.0;5244.0;5179.0;-65.0
3328;SP;35.0;5401.0;Barra do Turvo;7729.0;7729.0;6876.0;-853.0
3329;SP;35.0;5500.0;Barretos;112101.0;112101.0;122485.0;10384.0
3330;SP;35.0;5609.0;Barrinha;28496.0;28496.0;32092.0;3596.0
3331;SP;35.0;5708.0;Barueri;240749.0;240749.0;316473.0;75724.0
3332;SP;35.0;5807.0;Bastos;20445.0;20445.0;21503.0;1058.0
3333;SP;35.0;5906.0;Batatais;56476.0;56476.0;58402.0;1926.0
3334;SP;35.0;6003.0;Bauru;343937.0;343937.0;379146.0;35209.0
3335;SP;35.0;6102.0;Bebedouro;75035.0;75035.0;76373.0;1338.0
3336;SP;35.0;6201.0;Bento de Abreu;2674.0;2674.0;2606.0;-68.0
3337;SP;35.0;6300.0;Bernardino de Campos;10775.0;10775.0;11607.0;832.0
3338;SP;35.0;6359.0;Bertioga;47645.0;47645.0;64188.0;16543.0
3339;SP;35.0;6409.0;Bilac;7048.0;7048.0;7319.0;271.0
3340;SP;35.0;6508.0;Birigui;108728.0;108728.0;118979.0;10251.0
3341;SP;35.0;6607.0;Biritiba Mirim;28575.0;28575.0;29683.0;1108.0
3342;SP;35.0;6706.0;Boa Esperança do Sul;13645.0;13645.0;12978.0;-667.0
3343;SP;35.0;6805.0;Bocaina;10859.0;10859.0;11259.0;400.0
3344;SP;35.0;6904.0;Bofete;9618.0;9618.0;10460.0;842.0
3345;SP;35.0;7001.0;Boituva;48314.0;48314.0;61081.0;12767.0
3346;SP;35.0;7100.0;Bom Jesus dos Perdões;19708.0;19708.0;22006.0;2298.0
3347;SP;35.0;7159.0;Bom Sucesso de Itararé;3571.0;3571.0;3555.0;-16.0
3348;SP;35.0;7209.0;Borá;805.0;805.0;907.0;102.0
3349;SP;35.0;7308.0;Boracéia;4268.0;4268.0;4715.0;447.0
3350;SP;35.0;7407.0;Borborema;14529.0;14529.0;14226.0;-303.0
3351;SP;35.0;7456.0;Borebi;2293.0;2293.0;2713.0;420.0
3352;SP;35.0;7506.0;Botucatu;127328.0;127328.0;145155.0;17827.0
3353;SP;35.0;7605.0;Bragança Paulista;146744.0;146744.0;176811.0;30067.0
3354;SP;35.0;7704.0;Braúna;5021.0;5021.0;5356.0;335.0
3355;SP;35.0;7753.0;Brejo Alegre;2573.0;2573.0;2565.0;-8.0
3356;SP;35.0;7803.0;Brodowski;21107.0;21107.0;25201.0;4094.0
3357;SP;35.0;7902.0;Brotas;21580.0;21580.0;23898.0;2318.0
3358;SP;35.0;8009.0;Buri;18563.0;18563.0;20250.0;1687.0
3359;SP;35.0;8108.0;Buritama;15418.0;15418.0;17210.0;1792.0
3360;SP;35.0;8207.0;Buritizal;4053.0;4053.0;4356.0;303.0
3361;SP;35.0;8306.0;Cabrália Paulista;4365.0;4365.0;4299.0;-66.0
3362;SP;35.0;8405.0;Cabreúva;41604.0;41604.0;47011.0;5407.0
3363;SP;35.0;8504.0;Caçapava;84752.0;84752.0;96202.0;11450.0
3364;SP;35.0;8603.0;Cachoeira Paulista;30091.0;30091.0;31564.0;1473.0
3365;SP;35.0;8702.0;Caconde;18538.0;18301.0;17101.0;-1437.0
3366;SP;35.0;8801.0;Cafelândia;16607.0;16607.0;16654.0;47.0
3367;SP;35.0;8900.0;Caiabu;4072.0;4072.0;3712.0;-360.0
3368;SP;35.0;9007.0;Caieiras;86529.0;86529.0;95032.0;8503.0
3369;SP;35.0;9106.0;Caiuá;5039.0;5039.0;5466.0;427.0
3370;SP;35.0;9205.0;Cajamar;64114.0;64114.0;92689.0;28575.0
3371;SP;35.0;9254.0;Cajati;28372.0;28372.0;28515.0;143.0
3372;SP;35.0;9304.0;Cajobi;9768.0;9768.0;9133.0;-635.0
3373;SP;35.0;9403.0;Cajuru;23371.0;23371.0;23830.0;459.0
3374;SP;35.0;9452.0;Campina do Monte Alegre;5567.0;5567.0;5954.0;387.0
3375;SP;35.0;9502.0;Campinas;1080113.0;1081862.0;1139047.0;58934.0
3376;SP;35.0;9601.0;Campo Limpo Paulista;74074.0;74074.0;77632.0;3558.0
3377;SP;35.0;9700.0;Campos do Jordão;47789.0;47789.0;46974.0;-815.0
3378;SP;35.0;9809.0;Campos Novos Paulista;4539.0;4539.0;4888.0;349.0
3379;SP;35.0;9908.0;Cananéia;12226.0;12226.0;12289.0;63.0
3380;SP;35.0;9957.0;Canas;4385.0;4385.0;4931.0;546.0
3381;SP;35.0;10005.0;Cândido Mota;29884.0;29884.0;29449.0;-435.0
3382;SP;35.0;10104.0;Cândido Rodrigues;2668.0;2668.0;2889.0;221.0
3383;SP;35.0;10153.0;Canitar;4369.0;4369.0;6283.0;1914.0
3384;SP;35.0;10203.0;Capão Bonito;46178.0;46178.0;46337.0;159.0
3385;SP;35.0;10302.0;Capela do Alto;17532.0;17532.0;22866.0;5334.0
3386;SP;35.0;10401.0;Capivari;48576.0;48576.0;50068.0;1492.0
3387;SP;35.0;10500.0;Caraguatatuba;100840.0;100840.0;134873.0;34033.0
3388;SP;35.0;10609.0;Carapicuíba;369584.0;369584.0;386984.0;17400.0
3389;SP;35.0;10708.0;Cardoso;11805.0;11805.0;11345.0;-460.0
3390;SP;35.0;10807.0;Casa Branca;28307.0;28307.0;28083.0;-224.0
3391;SP;35.0;10906.0;Cássia dos Coqueiros;2634.0;2634.0;2799.0;165.0
3392;SP;35.0;11003.0;Castilho;18003.0;18003.0;19977.0;1974.0
3393;SP;35.0;11102.0;Catanduva;112820.0;112820.0;115791.0;2971.0
3394;SP;35.0;11201.0;Catiguá;7127.0;7127.0;7003.0;-124.0
3395;SP;35.0;11300.0;Cedral;7972.0;7972.0;12618.0;4646.0
3396;SP;35.0;11409.0;Cerqueira César;17532.0;17532.0;21469.0;3937.0
3397;SP;35.0;11508.0;Cerquilho;39617.0;39617.0;44695.0;5078.0
3398;SP;35.0;11607.0;Cesário Lange;15540.0;15540.0;19048.0;3508.0
3399;SP;35.0;11706.0;Charqueada;15085.0;15085.0;15535.0;450.0
3400;SP;35.0;11904.0;Clementina;7065.0;7065.0;6982.0;-83.0
3401;SP;35.0;12001.0;Colina;17371.0;17371.0;18486.0;1115.0
3402;SP;35.0;12100.0;Colômbia;5994.0;5994.0;6629.0;635.0
3403;SP;35.0;12209.0;Conchal;25229.0;25229.0;28101.0;2872.0
3404;SP;35.0;12308.0;Conchas;16288.0;16288.0;15232.0;-1056.0
3405;SP;35.0;12407.0;Cordeirópolis;21080.0;21080.0;24514.0;3434.0
3406;SP;35.0;12506.0;Coroados;5238.0;5238.0;5400.0;162.0
3407;SP;35.0;12605.0;Coronel Macedo;5001.0;5001.0;4280.0;-721.0
3408;SP;35.0;12704.0;Corumbataí;3874.0;3874.0;4195.0;321.0
3409;SP;35.0;12803.0;Cosmópolis;58827.0;58827.0;59773.0;946.0
3410;SP;35.0;12902.0;Cosmorama;7214.0;7214.0;8719.0;1505.0
3411;SP;35.0;13009.0;Cotia;201150.0;201150.0;274413.0;73263.0
3412;SP;35.0;13108.0;Cravinhos;31691.0;31691.0;33281.0;1590.0
3413;SP;35.0;13207.0;Cristais Paulista;7588.0;7588.0;9272.0;1684.0
3414;SP;35.0;13306.0;Cruzália;2274.0;2274.0;2108.0;-166.0
3415;SP;35.0;13405.0;Cruzeiro;77039.0;77039.0;74961.0;-2078.0
3416;SP;35.0;13504.0;Cubatão;118720.0;118720.0;112476.0;-6244.0
3417;SP;35.0;13603.0;Cunha;21866.0;21866.0;22110.0;244.0
3418;SP;35.0;13702.0;Descalvado;31056.0;31056.0;31756.0;700.0
3419;SP;35.0;13801.0;Diadema;386089.0;386089.0;393237.0;7148.0
3420;SP;35.0;13850.0;Dirce Reis;1689.0;1689.0;1620.0;-69.0
3421;SP;35.0;13900.0;Divinolândia;11208.0;11445.0;11158.0;-50.0
3422;SP;35.0;14007.0;Dobrada;7939.0;7939.0;8759.0;820.0
3423;SP;35.0;14106.0;Dois Córregos;24761.0;24761.0;24510.0;-251.0
3424;SP;35.0;14205.0;Dolcinópolis;2096.0;2096.0;2207.0;111.0
3425;SP;35.0;14304.0;Dourado;8609.0;8609.0;8096.0;-513.0
3426;SP;35.0;14403.0;Dracena;43258.0;43258.0;45474.0;2216.0
3427;SP;35.0;14502.0;Duartina;12251.0;12251.0;12328.0;77.0
3428;SP;35.0;14601.0;Dumont;8143.0;8143.0;9471.0;1328.0
3429;SP;35.0;14700.0;Echaporã;6318.0;6318.0;6205.0;-113.0
3430;SP;35.0;14809.0;Eldorado;14641.0;14641.0;13069.0;-1572.0
3431;SP;35.0;14908.0;Elias Fausto;15775.0;15775.0;17699.0;1924.0
3432;SP;35.0;14924.0;Elisiário;3120.0;3120.0;3138.0;18.0
3433;SP;35.0;14957.0;Embaúba;2423.0;2423.0;2323.0;-100.0
3434;SP;35.0;15004.0;Embu das Artes;240230.0;240230.0;250691.0;10461.0
3435;SP;35.0;15103.0;Embu-Guaçu;62769.0;62769.0;66970.0;4201.0
3436;SP;35.0;15129.0;Emilianópolis;3020.0;3020.0;3014.0;-6.0
3437;SP;35.0;15152.0;Engenheiro Coelho;15721.0;15721.0;19566.0;3845.0
3438;SP;35.0;15186.0;Espírito Santo do Pinhal;41907.0;41907.0;39816.0;-2091.0
3439;SP;35.0;15194.0;Espírito Santo do Turvo;4244.0;4244.0;4157.0;-87.0
3440;SP;35.0;15202.0;Estrela d'Oeste;8208.0;8208.0;9417.0;1209.0
3441;SP;35.0;15301.0;Estrela do Norte;2658.0;2658.0;2703.0;45.0
3442;SP;35.0;15350.0;Euclides da Cunha Paulista;9585.0;9585.0;7924.0;-1661.0
3443;SP;35.0;15400.0;Fartura;15320.0;15320.0;16641.0;1321.0
3444;SP;35.0;15509.0;Fernandópolis;64696.0;64696.0;71186.0;6490.0
3445;SP;35.0;15608.0;Fernando Prestes;5534.0;5534.0;5942.0;408.0
3446;SP;35.0;15657.0;Fernão;1563.0;1563.0;1656.0;93.0
3447;SP;35.0;15707.0;Ferraz de Vasconcelos;168306.0;168306.0;179198.0;10892.0
3448;SP;35.0;15806.0;Flora Rica;1752.0;1752.0;1487.0;-265.0
3449;SP;35.0;15905.0;Floreal;3003.0;3003.0;2733.0;-270.0
3450;SP;35.0;16002.0;Flórida Paulista;12848.0;12848.0;12958.0;110.0
3451;SP;35.0;16101.0;Florínea;2829.0;2829.0;3851.0;1022.0
3452;SP;35.0;16200.0;Franca;318640.0;318640.0;352536.0;33896.0
3453;SP;35.0;16309.0;Francisco Morato;154472.0;154472.0;165139.0;10667.0
3454;SP;35.0;16408.0;Franco da Rocha;131604.0;131604.0;144849.0;13245.0
3455;SP;35.0;16507.0;Gabriel Monteiro;2708.0;2708.0;2763.0;55.0
3456;SP;35.0;16606.0;Gália;7011.0;7011.0;6380.0;-631.0
3457;SP;35.0;16705.0;Garça;43115.0;43115.0;42110.0;-1005.0
3458;SP;35.0;16804.0;Gastão Vidigal;4193.0;4193.0;3252.0;-941.0
3459;SP;35.0;16853.0;Gavião Peixoto;4419.0;4419.0;4702.0;283.0
3460;SP;35.0;16903.0;General Salgado;10669.0;10669.0;10312.0;-357.0
3461;SP;35.0;17000.0;Getulina;10765.0;10765.0;10232.0;-533.0
3462;SP;35.0;17109.0;Glicério;4565.0;4565.0;4138.0;-427.0
3463;SP;35.0;17208.0;Guaiçara;10670.0;10670.0;11239.0;569.0
3464;SP;35.0;17307.0;Guaimbê;5425.0;5425.0;5512.0;87.0
3465;SP;35.0;17406.0;Guaíra;37404.0;37404.0;39279.0;1875.0
3466;SP;35.0;17505.0;Guapiaçu;17869.0;17869.0;21711.0;3842.0
3467;SP;35.0;17604.0;Guapiara;17998.0;17998.0;17071.0;-927.0
3468;SP;35.0;17703.0;Guará;19858.0;19858.0;18606.0;-1252.0
3469;SP;35.0;17802.0;Guaraçaí;8435.0;8435.0;7441.0;-994.0
3470;SP;35.0;17901.0;Guaraci;9976.0;9976.0;10350.0;374.0
3471;SP;35.0;18008.0;Guarani d'Oeste;1970.0;1970.0;1968.0;-2.0
3472;SP;35.0;18107.0;Guarantã;6404.0;6404.0;6427.0;23.0
3473;SP;35.0;18206.0;Guararapes;30597.0;30597.0;31043.0;446.0
3474;SP;35.0;18305.0;Guararema;25844.0;25844.0;31236.0;5392.0
3475;SP;35.0;18404.0;Guaratinguetá;112072.0;112072.0;118044.0;5972.0
3476;SP;35.0;18503.0;Guareí;14565.0;14565.0;15013.0;448.0
3477;SP;35.0;18602.0;Guariba;35486.0;35486.0;37498.0;2012.0
3478;SP;35.0;18701.0;Guarujá;290752.0;290752.0;287634.0;-3118.0
3479;SP;35.0;18800.0;Guarulhos;1221979.0;1221979.0;1291771.0;69792.0
3480;SP;35.0;18859.0;Guatapará;6966.0;6966.0;7320.0;354.0
3481;SP;35.0;18909.0;Guzolândia;4754.0;4754.0;4246.0;-508.0
3482;SP;35.0;19006.0;Herculândia;8696.0;8696.0;9125.0;429.0
3483;SP;35.0;19055.0;Holambra;11299.0;11299.0;15094.0;3795.0
3484;SP;35.0;19071.0;Hortolândia;192692.0;192692.0;236641.0;43949.0
3485;SP;35.0;19105.0;Iacanga;10013.0;10013.0;10437.0;424.0
3486;SP;35.0;19204.0;Iacri;6419.0;6419.0;6131.0;-288.0
3487;SP;35.0;19253.0;Iaras;6376.0;6376.0;8010.0;1634.0
3488;SP;35.0;19303.0;Ibaté;30734.0;30734.0;32178.0;1444.0
3489;SP;35.0;19402.0;Ibirá;10896.0;10896.0;11690.0;794.0
3490;SP;35.0;19501.0;Ibirarema;6725.0;6725.0;6385.0;-340.0
3491;SP;35.0;19600.0;Ibitinga;53158.0;53158.0;60033.0;6875.0
3492;SP;35.0;19709.0;Ibiúna;71217.0;71217.0;75605.0;4388.0
3493;SP;35.0;19808.0;Icém;7462.0;7462.0;7819.0;357.0
3494;SP;35.0;19907.0;Iepê;7628.0;7628.0;7619.0;-9.0
3495;SP;35.0;20004.0;Igaraçu do Tietê;23362.0;23362.0;23106.0;-256.0
3496;SP;35.0;20103.0;Igarapava;27952.0;27952.0;26212.0;-1740.0
3497;SP;35.0;20202.0;Igaratá;8831.0;8831.0;10605.0;1774.0
3498;SP;35.0;20301.0;Iguape;28841.0;28841.0;29115.0;274.0
3499;SP;35.0;20400.0;Ilhabela;28196.0;28196.0;34934.0;6738.0
3500;SP;35.0;20426.0;Ilha Comprida;9025.0;9025.0;13419.0;4394.0
3501;SP;35.0;20442.0;Ilha Solteira;25064.0;25064.0;25549.0;485.0
3502;SP;35.0;20509.0;Indaiatuba;201619.0;201619.0;255748.0;54129.0
3503;SP;35.0;20608.0;Indiana;4825.0;4825.0;5090.0;265.0
3504;SP;35.0;20707.0;Indiaporã;3903.0;3903.0;4035.0;132.0
3505;SP;35.0;20806.0;Inúbia Paulista;3630.0;3630.0;3615.0;-15.0
3506;SP;35.0;20905.0;Ipaussu;13663.0;13663.0;13712.0;49.0
3507;SP;35.0;21002.0;Iperó;28300.0;28300.0;36459.0;8159.0
3508;SP;35.0;21101.0;Ipeúna;6016.0;6016.0;6831.0;815.0
3509;SP;35.0;21150.0;Ipiguá;4463.0;4463.0;6761.0;2298.0
3510;SP;35.0;21200.0;Iporanga;4299.0;4299.0;4046.0;-253.0
3511;SP;35.0;21309.0;Ipuã;14148.0;14148.0;14454.0;306.0
3512;SP;35.0;21408.0;Iracemápolis;20029.0;20029.0;21967.0;1938.0
3513;SP;35.0;21507.0;Irapuã;7275.0;7275.0;6867.0;-408.0
3514;SP;35.0;21606.0;Irapuru;7789.0;7789.0;7085.0;-704.0
3515;SP;35.0;21705.0;Itaberá;17858.0;17858.0;17983.0;125.0
3516;SP;35.0;21804.0;Itaí;24008.0;24008.0;25180.0;1172.0
3517;SP;35.0;21903.0;Itajobi;14556.0;14556.0;16989.0;2433.0
3518;SP;35.0;22000.0;Itaju;3246.0;3246.0;3618.0;372.0
3519;SP;35.0;22109.0;Itanhaém;87057.0;87057.0;112476.0;25419.0
3520;SP;35.0;22158.0;Itaoca;3228.0;3228.0;3422.0;194.0
3521;SP;35.0;22208.0;Itapecerica da Serra;152614.0;152614.0;158522.0;5908.0
3522;SP;35.0;22307.0;Itapetininga;144377.0;144377.0;157790.0;13413.0
3523;SP;35.0;22406.0;Itapeva;87753.0;87753.0;89728.0;1975.0
3524;SP;35.0;22505.0;Itapevi;200769.0;200769.0;232297.0;31528.0
3525;SP;35.0;22604.0;Itapira;68537.0;68537.0;72022.0;3485.0
3526;SP;35.0;22653.0;Itapirapuã Paulista;3880.0;3880.0;4306.0;426.0
3527;SP;35.0;22703.0;Itápolis;40051.0;40051.0;39493.0;-558.0
3528;SP;35.0;22802.0;Itaporanga;14549.0;14549.0;14085.0;-464.0
3529;SP;35.0;22901.0;Itapuí;12173.0;12173.0;13659.0;1486.0
3530;SP;35.0;23008.0;Itapura;4357.0;4357.0;3979.0;-378.0
3531;SP;35.0;23107.0;Itaquaquecetuba;321770.0;321770.0;369275.0;47505.0
3532;SP;35.0;23206.0;Itararé;47934.0;47934.0;44438.0;-3496.0
3533;SP;35.0;23305.0;Itariri;15471.0;15471.0;15528.0;57.0
3534;SP;35.0;23404.0;Itatiba;101471.0;101471.0;121590.0;20119.0
3535;SP;35.0;23503.0;Itatinga;18052.0;18052.0;19070.0;1018.0
3536;SP;35.0;23602.0;Itirapina;15524.0;15524.0;16148.0;624.0
3537;SP;35.0;23701.0;Itirapuã;5914.0;5914.0;5779.0;-135.0
3538;SP;35.0;23800.0;Itobi;7546.0;7546.0;8046.0;500.0
3539;SP;35.0;23909.0;Itu;154147.0;154147.0;168240.0;14093.0
3540;SP;35.0;24006.0;Itupeva;44859.0;44859.0;70616.0;25757.0
3541;SP;35.0;24105.0;Ituverava;38695.0;38695.0;37571.0;-1124.0
3542;SP;35.0;24204.0;Jaborandi;6592.0;6592.0;6221.0;-371.0
3543;SP;35.0;24303.0;Jaboticabal;71662.0;71662.0;71821.0;159.0
3544;SP;35.0;24402.0;Jacareí;211214.0;211214.0;240275.0;29061.0
3545;SP;35.0;24501.0;Jaci;5657.0;5657.0;7613.0;1956.0
3546;SP;35.0;24600.0;Jacupiranga;17208.0;17208.0;16097.0;-1111.0
3547;SP;35.0;24709.0;Jaguariúna;44311.0;44311.0;59347.0;15036.0
3548;SP;35.0;24808.0;Jales;47012.0;47012.0;48776.0;1764.0
3549;SP;35.0;24907.0;Jambeiro;5349.0;5349.0;6397.0;1048.0
3550;SP;35.0;25003.0;Jandira;108344.0;108344.0;118045.0;9701.0
3551;SP;35.0;25102.0;Jardinópolis;37661.0;37661.0;45282.0;7621.0
3552;SP;35.0;25201.0;Jarinu;23847.0;23847.0;37535.0;13688.0
3553;SP;35.0;25300.0;Jaú;131040.0;131040.0;133497.0;2457.0
3554;SP;35.0;25409.0;Jeriquara;3160.0;3160.0;3863.0;703.0
3555;SP;35.0;25508.0;Joanópolis;11768.0;11768.0;12815.0;1047.0
3556;SP;35.0;25607.0;João Ramalho;4150.0;4150.0;4371.0;221.0
3557;SP;35.0;25706.0;José Bonifácio;32763.0;32763.0;36633.0;3870.0
3558;SP;35.0;25805.0;Júlio Mesquita;4430.0;4430.0;4254.0;-176.0
3559;SP;35.0;25854.0;Jumirim;2798.0;2798.0;3056.0;258.0
3560;SP;35.0;25904.0;Jundiaí;370126.0;370126.0;443221.0;73095.0
3561;SP;35.0;26001.0;Junqueirópolis;18726.0;18726.0;20448.0;1722.0
3562;SP;35.0;26100.0;Juquiá;19246.0;19246.0;17154.0;-2092.0
3563;SP;35.0;26209.0;Juquitiba;28737.0;28737.0;27404.0;-1333.0
3564;SP;35.0;26308.0;Lagoinha;4841.0;4841.0;5083.0;242.0
3565;SP;35.0;26407.0;Laranjal Paulista;25251.0;25251.0;26261.0;1010.0
3566;SP;35.0;26506.0;Lavínia;8779.0;8779.0;9689.0;910.0
3567;SP;35.0;26605.0;Lavrinhas;6590.0;6590.0;7171.0;581.0
3568;SP;35.0;26704.0;Leme;91756.0;91756.0;98161.0;6405.0
3569;SP;35.0;26803.0;Lençóis Paulista;61428.0;61428.0;66505.0;5077.0
3570;SP;35.0;26902.0;Limeira;276022.0;276022.0;291869.0;15847.0
3571;SP;35.0;27009.0;Lindóia;6712.0;6712.0;7014.0;302.0
3572;SP;35.0;27108.0;Lins;71432.0;71432.0;74779.0;3347.0
3573;SP;35.0;27207.0;Lorena;82537.0;82537.0;84855.0;2318.0
3574;SP;35.0;27256.0;Lourdes;2128.0;2128.0;1950.0;-178.0
3575;SP;35.0;27306.0;Louveira;37125.0;37080.0;51847.0;14722.0
3576;SP;35.0;27405.0;Lucélia;19882.0;19882.0;20061.0;179.0
3577;SP;35.0;27504.0;Lucianópolis;2249.0;2249.0;2372.0;123.0
3578;SP;35.0;27603.0;Luís Antônio;11286.0;11286.0;12265.0;979.0
3579;SP;35.0;27702.0;Luiziânia;5030.0;5030.0;4701.0;-329.0
3580;SP;35.0;27801.0;Lupércio;4353.0;4353.0;3981.0;-372.0
3581;SP;35.0;27900.0;Lutécia;2714.0;2714.0;2661.0;-53.0
3582;SP;35.0;28007.0;Macatuba;16259.0;16259.0;16829.0;570.0
3583;SP;35.0;28106.0;Macaubal;7663.0;7663.0;7481.0;-182.0
3584;SP;35.0;28205.0;Macedônia;3664.0;3664.0;3963.0;299.0
3585;SP;35.0;28304.0;Magda;3200.0;3200.0;3165.0;-35.0
3586;SP;35.0;28403.0;Mairinque;43223.0;43223.0;50027.0;6804.0
3587;SP;35.0;28502.0;Mairiporã;80956.0;80956.0;93853.0;12897.0
3588;SP;35.0;28601.0;Manduri;8992.0;8992.0;9871.0;879.0
3589;SP;35.0;28700.0;Marabá Paulista;4812.0;4812.0;4573.0;-239.0
3590;SP;35.0;28809.0;Maracaí;13332.0;13332.0;12673.0;-659.0
3591;SP;35.0;28858.0;Marapoama;2633.0;2633.0;3292.0;659.0
3592;SP;35.0;28908.0;Mariápolis;3916.0;3916.0;3513.0;-403.0
3593;SP;35.0;29005.0;Marília;216745.0;216745.0;237627.0;20882.0
3594;SP;35.0;29104.0;Marinópolis;2113.0;2113.0;1860.0;-253.0
3595;SP;35.0;29203.0;Martinópolis;24219.0;24219.0;24881.0;662.0
3596;SP;35.0;29302.0;Matão;76786.0;76786.0;79033.0;2247.0
3597;SP;35.0;29401.0;Mauá;417064.0;416778.0;418261.0;1197.0
3598;SP;35.0;29500.0;Mendonça;4640.0;4640.0;6159.0;1519.0
3599;SP;35.0;29609.0;Meridiano;3855.0;3855.0;4572.0;717.0
3600;SP;35.0;29658.0;Mesópolis;1886.0;1886.0;1952.0;66.0
3601;SP;35.0;29708.0;Miguelópolis;20451.0;20451.0;19441.0;-1010.0
3602;SP;35.0;29807.0;Mineiros do Tietê;12038.0;12038.0;11230.0;-808.0
3603;SP;35.0;29906.0;Miracatu;20592.0;20592.0;18553.0;-2039.0
3604;SP;35.0;30003.0;Mira Estrela;2820.0;2820.0;3126.0;306.0
3605;SP;35.0;30102.0;Mirandópolis;27483.0;27483.0;27983.0;500.0
3606;SP;35.0;30201.0;Mirante do Paranapanema;17059.0;17059.0;15917.0;-1142.0
3607;SP;35.0;30300.0;Mirassol;53792.0;53792.0;63337.0;9545.0
3608;SP;35.0;30409.0;Mirassolândia;4295.0;4295.0;4669.0;374.0
3609;SP;35.0;30508.0;Mococa;66290.0;66290.0;67681.0;1391.0
3610;SP;35.0;30607.0;Mogi das Cruzes;387779.0;387779.0;451505.0;63726.0
3611;SP;35.0;30706.0;Mogi Guaçu;137245.0;137245.0;153658.0;16413.0
3612;SP;35.0;30805.0;Mogi Mirim;86505.0;86505.0;92558.0;6053.0
3613;SP;35.0;30904.0;Mombuca;3266.0;3266.0;3722.0;456.0
3614;SP;35.0;31001.0;Monções;2132.0;2132.0;1937.0;-195.0
3615;SP;35.0;31100.0;Mongaguá;46293.0;46293.0;61951.0;15658.0
3616;SP;35.0;31209.0;Monte Alegre do Sul;7152.0;7152.0;8627.0;1475.0
3617;SP;35.0;31308.0;Monte Alto;46642.0;46642.0;47574.0;932.0
3618;SP;35.0;31407.0;Monte Aprazível;21746.0;21746.0;22280.0;534.0
3619;SP;35.0;31506.0;Monte Azul Paulista;18931.0;18931.0;18151.0;-780.0
3620;SP;35.0;31605.0;Monte Castelo;4063.0;4063.0;4222.0;159.0
3621;SP;35.0;31704.0;Monteiro Lobato;4120.0;4120.0;4138.0;18.0
3622;SP;35.0;31803.0;Monte Mor;48949.0;48949.0;64662.0;15713.0
3623;SP;35.0;31902.0;Morro Agudo;29116.0;29116.0;27933.0;-1183.0
3624;SP;35.0;32009.0;Morungaba;11769.0;11769.0;13720.0;1951.0
3625;SP;35.0;32058.0;Motuca;4290.0;4290.0;4034.0;-256.0
3626;SP;35.0;32108.0;Murutinga do Sul;4186.0;4186.0;3737.0;-449.0
3627;SP;35.0;32157.0;Nantes;2707.0;2707.0;2660.0;-47.0
3628;SP;35.0;32207.0;Narandiba;4288.0;4288.0;5713.0;1425.0
3629;SP;35.0;32306.0;Natividade da Serra;6678.0;6678.0;6999.0;321.0
3630;SP;35.0;32405.0;Nazaré Paulista;16414.0;16414.0;18217.0;1803.0
3631;SP;35.0;32504.0;Neves Paulista;8772.0;8772.0;9699.0;927.0
3632;SP;35.0;32603.0;Nhandeara;10725.0;10725.0;9852.0;-873.0
3633;SP;35.0;32702.0;Nipoã;4274.0;4274.0;4750.0;476.0
3634;SP;35.0;32801.0;Nova Aliança;5891.0;5891.0;6693.0;802.0
3635;SP;35.0;32827.0;Nova Campina;8515.0;8515.0;8497.0;-18.0
3636;SP;35.0;32843.0;Nova Canaã Paulista;2114.0;2114.0;2032.0;-82.0
3637;SP;35.0;32868.0;Nova Castilho;1125.0;1125.0;1062.0;-63.0
3638;SP;35.0;32900.0;Nova Europa;9300.0;9300.0;9311.0;11.0
3639;SP;35.0;33007.0;Nova Granada;19180.0;19180.0;19419.0;239.0
3640;SP;35.0;33106.0;Nova Guataporanga;2177.0;2177.0;2156.0;-21.0
3641;SP;35.0;33205.0;Nova Independência;3068.0;3068.0;4609.0;1541.0
3642;SP;35.0;33254.0;Novais;4592.0;4592.0;4412.0;-180.0
3643;SP;35.0;33304.0;Nova Luzitânia;3441.0;3441.0;2837.0;-604.0
3644;SP;35.0;33403.0;Nova Odessa;51242.0;51242.0;62019.0;10777.0
3645;SP;35.0;33502.0;Novo Horizonte;36593.0;36593.0;38324.0;1731.0
3646;SP;35.0;33601.0;Nuporanga;6817.0;6817.0;7391.0;574.0
3647;SP;35.0;33700.0;Ocauçu;4163.0;4163.0;4331.0;168.0
3648;SP;35.0;33809.0;Óleo;2673.0;2673.0;2512.0;-161.0
3649;SP;35.0;33908.0;Olímpia;50024.0;50024.0;55074.0;5050.0
3650;SP;35.0;34005.0;Onda Verde;3884.0;3884.0;4771.0;887.0
3651;SP;35.0;34104.0;Oriente;6097.0;6097.0;6085.0;-12.0
3652;SP;35.0;34203.0;Orindiúva;5675.0;5675.0;6024.0;349.0
3653;SP;35.0;34302.0;Orlândia;39781.0;39781.0;38319.0;-1462.0
3654;SP;35.0;34401.0;Osasco;666740.0;666740.0;728615.0;61875.0
3655;SP;35.0;34500.0;Oscar Bressane;2537.0;2537.0;2470.0;-67.0
3656;SP;35.0;34609.0;Osvaldo Cruz;30917.0;30917.0;31272.0;355.0
3657;SP;35.0;34708.0;Ourinhos;103035.0;103035.0;103970.0;935.0
3658;SP;35.0;34757.0;Ouroeste;8405.0;8405.0;10294.0;1889.0
3659;SP;35.0;34807.0;Ouro Verde;7800.0;7800.0;7779.0;-21.0
3660;SP;35.0;34906.0;Pacaembu;13226.0;13226.0;14877.0;1651.0
3661;SP;35.0;35002.0;Palestina;11051.0;11051.0;11476.0;425.0
3662;SP;35.0;35101.0;Palmares Paulista;10934.0;10934.0;9650.0;-1284.0
3663;SP;35.0;35200.0;Palmeira d'Oeste;9584.0;9584.0;8903.0;-681.0
3664;SP;35.0;35309.0;Palmital;21186.0;21186.0;19594.0;-1592.0
3665;SP;35.0;35408.0;Panorama;14583.0;14583.0;14964.0;381.0
3666;SP;35.0;35507.0;Paraguaçu Paulista;42278.0;42278.0;41120.0;-1158.0
3667;SP;35.0;35606.0;Paraibuna;17388.0;17388.0;17667.0;279.0
3668;SP;35.0;35705.0;Paraíso;5898.0;5898.0;6099.0;201.0
3669;SP;35.0;35804.0;Paranapanema;17808.0;17808.0;19395.0;1587.0
3670;SP;35.0;35903.0;Paranapuã;3815.0;3815.0;4031.0;216.0
3671;SP;35.0;36000.0;Parapuã;10844.0;10844.0;10580.0;-264.0
3672;SP;35.0;36109.0;Pardinho;5582.0;5582.0;7153.0;1571.0
3673;SP;35.0;36208.0;Pariquera-Açu;18446.0;18446.0;19233.0;787.0
3674;SP;35.0;36257.0;Parisi;2032.0;2032.0;2892.0;860.0
3675;SP;35.0;36307.0;Patrocínio Paulista;13000.0;13000.0;14512.0;1512.0
3676;SP;35.0;36406.0;Paulicéia;6339.0;6339.0;7955.0;1616.0
3677;SP;35.0;36505.0;Paulínia;82146.0;82146.0;110537.0;28391.0
3678;SP;35.0;36570.0;Paulistânia;1779.0;1779.0;2090.0;311.0
3679;SP;35.0;36604.0;Paulo de Faria;8589.0;8589.0;7400.0;-1189.0
3680;SP;35.0;36703.0;Pederneiras;41497.0;41497.0;44827.0;3330.0
3681;SP;35.0;36802.0;Pedra Bela;5780.0;5780.0;6557.0;777.0
3682;SP;35.0;36901.0;Pedranópolis;2558.0;2558.0;2787.0;229.0
3683;SP;35.0;37008.0;Pedregulho;15700.0;15700.0;15525.0;-175.0
3684;SP;35.0;37107.0;Pedreira;41558.0;41558.0;43112.0;1554.0
3685;SP;35.0;37156.0;Pedrinhas Paulista;2940.0;2940.0;2804.0;-136.0
3686;SP;35.0;37206.0;Pedro de Toledo;10204.0;10204.0;11281.0;1077.0
3687;SP;35.0;37305.0;Penápolis;58510.0;58510.0;61679.0;3169.0
3688;SP;35.0;37404.0;Pereira Barreto;24962.0;24962.0;24095.0;-867.0
3689;SP;35.0;37503.0;Pereiras;7454.0;7454.0;8737.0;1283.0
3690;SP;35.0;37602.0;Peruíbe;59773.0;59773.0;68352.0;8579.0
3691;SP;35.0;37701.0;Piacatu;5287.0;5287.0;5519.0;232.0
3692;SP;35.0;37800.0;Piedade;52143.0;52143.0;52970.0;827.0
3693;SP;35.0;37909.0;Pilar do Sul;26406.0;26406.0;27619.0;1213.0
3694;SP;35.0;38006.0;Pindamonhangaba;146995.0;146995.0;165428.0;18433.0
3695;SP;35.0;38105.0;Pindorama;15039.0;15039.0;14542.0;-497.0
3696;SP;35.0;38204.0;Pinhalzinho;13105.0;13105.0;15224.0;2119.0
3697;SP;35.0;38303.0;Piquerobi;3537.0;3537.0;3264.0;-273.0
3698;SP;35.0;38501.0;Piquete;14107.0;14107.0;12490.0;-1617.0
3699;SP;35.0;38600.0;Piracaia;25116.0;25116.0;26029.0;913.0
3700;SP;35.0;38709.0;Piracicaba;364571.0;364571.0;423323.0;58752.0
3701;SP;35.0;38808.0;Piraju;28475.0;28475.0;29436.0;961.0
3702;SP;35.0;38907.0;Pirajuí;22704.0;22704.0;22431.0;-273.0
3703;SP;35.0;39004.0;Pirangi;10623.0;10623.0;10885.0;262.0
3704;SP;35.0;39103.0;Pirapora do Bom Jesus;15733.0;15733.0;18370.0;2637.0
3705;SP;35.0;39202.0;Pirapozinho;24694.0;24694.0;25348.0;654.0
3706;SP;35.0;39301.0;Pirassununga;70081.0;70081.0;73545.0;3464.0
3707;SP;35.0;39400.0;Piratininga;12072.0;12072.0;15108.0;3036.0
3708;SP;35.0;39509.0;Pitangueiras;35307.0;35307.0;33674.0;-1633.0
3709;SP;35.0;39608.0;Planalto;4463.0;4463.0;4389.0;-74.0
3710;SP;35.0;39707.0;Platina;3192.0;3192.0;3025.0;-167.0
3711;SP;35.0;39806.0;Poá;106013.0;106013.0;103765.0;-2248.0
3712;SP;35.0;39905.0;Poloni;5395.0;5395.0;5592.0;197.0
3713;SP;35.0;40002.0;Pompéia;19964.0;19964.0;20196.0;232.0
3714;SP;35.0;40101.0;Pongaí;3481.0;3481.0;3395.0;-86.0
3715;SP;35.0;40200.0;Pontal;40244.0;40244.0;37607.0;-2637.0
3716;SP;35.0;40259.0;Pontalinda;4074.0;4074.0;4127.0;53.0
3717;SP;35.0;40309.0;Pontes Gestal;2518.0;2518.0;2387.0;-131.0
3718;SP;35.0;40408.0;Populina;4223.0;4223.0;4127.0;-96.0
3719;SP;35.0;40507.0;Porangaba;8326.0;8326.0;10451.0;2125.0
3720;SP;35.0;40606.0;Porto Feliz;48893.0;48893.0;56497.0;7604.0
3721;SP;35.0;40705.0;Porto Ferreira;51400.0;51400.0;52649.0;1249.0
3722;SP;35.0;40754.0;Potim;19397.0;19397.0;20392.0;995.0
3723;SP;35.0;40804.0;Potirendaba;15449.0;15449.0;18496.0;3047.0
3724;SP;35.0;40853.0;Pracinha;2858.0;2858.0;2578.0;-280.0
3725;SP;35.0;40903.0;Pradópolis;17377.0;17377.0;17078.0;-299.0
3726;SP;35.0;41000.0;Praia Grande;262051.0;262051.0;349935.0;87884.0
3727;SP;35.0;41059.0;Pratânia;4599.0;4599.0;5126.0;527.0
3728;SP;35.0;41109.0;Presidente Alves;4123.0;4123.0;3804.0;-319.0
3729;SP;35.0;41208.0;Presidente Bernardes;13570.0;13570.0;14490.0;920.0
3730;SP;35.0;41307.0;Presidente Epitácio;41318.0;41318.0;39505.0;-1813.0
3731;SP;35.0;41406.0;Presidente Prudente;207610.0;207610.0;225668.0;18058.0
3732;SP;35.0;41505.0;Presidente Venceslau;37910.0;37910.0;35201.0;-2709.0
3733;SP;35.0;41604.0;Promissão;35674.0;35674.0;35131.0;-543.0
3734;SP;35.0;41653.0;Quadra;3236.0;3236.0;3405.0;169.0
3735;SP;35.0;41703.0;Quatá;12799.0;12799.0;13163.0;364.0
3736;SP;35.0;41802.0;Queiroz;2808.0;2808.0;3265.0;457.0
3737;SP;35.0;41901.0;Queluz;11309.0;11309.0;9159.0;-2150.0
3738;SP;35.0;42008.0;Quintana;6004.0;6004.0;7038.0;1034.0
3739;SP;35.0;42107.0;Rafard;8612.0;8612.0;8965.0;353.0
3740;SP;35.0;42206.0;Rancharia;28804.0;28804.0;28588.0;-216.0
3741;SP;35.0;42305.0;Redenção da Serra;3873.0;3873.0;4494.0;621.0
3742;SP;35.0;42404.0;Regente Feijó;18494.0;18494.0;20145.0;1651.0
3743;SP;35.0;42503.0;Reginópolis;7323.0;7323.0;7662.0;339.0
3744;SP;35.0;42602.0;Registro;54261.0;54261.0;59947.0;5686.0
3745;SP;35.0;42701.0;Restinga;6587.0;6587.0;6404.0;-183.0
3746;SP;35.0;42800.0;Ribeira;3358.0;3358.0;3132.0;-226.0
3747;SP;35.0;42909.0;Ribeirão Bonito;12135.0;12135.0;10989.0;-1146.0
3748;SP;35.0;43006.0;Ribeirão Branco;18269.0;18269.0;18627.0;358.0
3749;SP;35.0;43105.0;Ribeirão Corrente;4273.0;4273.0;4608.0;335.0
3750;SP;35.0;43204.0;Ribeirão do Sul;4446.0;4446.0;4677.0;231.0
3751;SP;35.0;43238.0;Ribeirão dos Índios;2187.0;2187.0;2025.0;-162.0
3752;SP;35.0;43253.0;Ribeirão Grande;7422.0;7422.0;7450.0;28.0
3753;SP;35.0;43303.0;Ribeirão Pires;113068.0;113354.0;115559.0;2491.0
3754;SP;35.0;43402.0;Ribeirão Preto;604682.0;604682.0;698642.0;93960.0
3755;SP;35.0;43501.0;Riversul;6163.0;6163.0;5599.0;-564.0
3756;SP;35.0;43600.0;Rifaina;3436.0;3436.0;4049.0;613.0
3757;SP;35.0;43709.0;Rincão;10414.0;10414.0;9098.0;-1316.0
3758;SP;35.0;43808.0;Rinópolis;9935.0;9935.0;9259.0;-676.0
3759;SP;35.0;43907.0;Rio Claro;186253.0;186253.0;201418.0;15165.0
3760;SP;35.0;44004.0;Rio das Pedras;29501.0;29501.0;31328.0;1827.0
3761;SP;35.0;44103.0;Rio Grande da Serra;43974.0;43974.0;44170.0;196.0
3762;SP;35.0;44202.0;Riolândia;10575.0;10575.0;10309.0;-266.0
3763;SP;35.0;44251.0;Rosana;19691.0;19691.0;17440.0;-2251.0
3764;SP;35.0;44301.0;Roseira;9599.0;9599.0;10832.0;1233.0
3765;SP;35.0;44400.0;Rubiácea;2729.0;2729.0;2700.0;-29.0
3766;SP;35.0;44509.0;Rubinéia;2862.0;2862.0;3833.0;971.0
3767;SP;35.0;44608.0;Sabino;5217.0;5217.0;5112.0;-105.0
3768;SP;35.0;44707.0;Sagres;2395.0;2395.0;2474.0;79.0
3769;SP;35.0;44806.0;Sales;5451.0;5451.0;6437.0;986.0
3770;SP;35.0;44905.0;Sales Oliveira;10568.0;10568.0;11411.0;843.0
3771;SP;35.0;45001.0;Salesópolis;15635.0;15635.0;15202.0;-433.0
3772;SP;35.0;45100.0;Salmourão;4818.0;4818.0;4808.0;-10.0
3773;SP;35.0;45159.0;Saltinho;7059.0;7059.0;8161.0;1102.0
3774;SP;35.0;45209.0;Salto;105516.0;105516.0;134319.0;28803.0
3775;SP;35.0;45308.0;Salto de Pirapora;40132.0;40132.0;43748.0;3616.0
3776;SP;35.0;45407.0;Salto Grande;8787.0;8787.0;9050.0;263.0
3777;SP;35.0;45506.0;Sandovalina;3699.0;3699.0;3645.0;-54.0
3778;SP;35.0;45605.0;Santa Adélia;14333.0;14333.0;14018.0;-315.0
3779;SP;35.0;45704.0;Santa Albertina;5723.0;5723.0;6393.0;670.0
3780;SP;35.0;45803.0;Santa Bárbara d'Oeste;180009.0;180009.0;183347.0;3338.0
3781;SP;35.0;46009.0;Santa Branca;13763.0;13763.0;13975.0;212.0
3782;SP;35.0;46108.0;Santa Clara d'Oeste;2084.0;2084.0;2598.0;514.0
3783;SP;35.0;46207.0;Santa Cruz da Conceição;4002.0;4002.0;4277.0;275.0
3784;SP;35.0;46256.0;Santa Cruz da Esperança;1953.0;1953.0;2116.0;163.0
3785;SP;35.0;46306.0;Santa Cruz das Palmeiras;29932.0;29932.0;28864.0;-1068.0
3786;SP;35.0;46405.0;Santa Cruz do Rio Pardo;43921.0;43921.0;46442.0;2521.0
3787;SP;35.0;46504.0;Santa Ernestina;5568.0;5568.0;6118.0;550.0
3788;SP;35.0;46603.0;Santa Fé do Sul;29239.0;29239.0;34794.0;5555.0
3789;SP;35.0;46702.0;Santa Gertrudes;21634.0;21634.0;23611.0;1977.0
3790;SP;35.0;46801.0;Santa Isabel;50453.0;50453.0;53174.0;2721.0
3791;SP;35.0;46900.0;Santa Lúcia;8248.0;8248.0;7149.0;-1099.0
3792;SP;35.0;47007.0;Santa Maria da Serra;5413.0;5413.0;5243.0;-170.0
3793;SP;35.0;47106.0;Santa Mercedes;2831.0;2831.0;2956.0;125.0
3794;SP;35.0;47205.0;Santana da Ponte Pensa;1641.0;1641.0;1670.0;29.0
3795;SP;35.0;47304.0;Santana de Parnaíba;108813.0;108813.0;154105.0;45292.0
3796;SP;35.0;47403.0;Santa Rita d'Oeste;2543.0;2543.0;2733.0;190.0
3797;SP;35.0;47502.0;Santa Rita do Passa Quatro;26478.0;26478.0;24833.0;-1645.0
3798;SP;35.0;47601.0;Santa Rosa de Viterbo;23862.0;23862.0;23411.0;-451.0
3799;SP;35.0;47650.0;Santa Salete;1447.0;1447.0;1645.0;198.0
3800;SP;35.0;47700.0;Santo Anastácio;20475.0;20475.0;17963.0;-2512.0
3801;SP;35.0;47809.0;Santo André;676407.0;676407.0;748919.0;72512.0
3802;SP;35.0;47908.0;Santo Antônio da Alegria;6304.0;6304.0;6775.0;471.0
3803;SP;35.0;48005.0;Santo Antônio de Posse;20650.0;20650.0;23244.0;2594.0
3804;SP;35.0;48054.0;Santo Antônio do Aracanguá;7626.0;7626.0;8379.0;753.0
3805;SP;35.0;48104.0;Santo Antônio do Jardim;5943.0;5943.0;6126.0;183.0
3806;SP;35.0;48203.0;Santo Antônio do Pinhal;6486.0;6486.0;7133.0;647.0
3807;SP;35.0;48302.0;Santo Expedito;2803.0;2803.0;3000.0;197.0
3808;SP;35.0;48401.0;Santópolis do Aguapeí;4277.0;4277.0;3899.0;-378.0
3809;SP;35.0;48500.0;Santos;419400.0;419400.0;418608.0;-792.0
3810;SP;35.0;48609.0;São Bento do Sapucaí;10468.0;10468.0;11674.0;1206.0
3811;SP;35.0;48708.0;São Bernardo do Campo;765463.0;765463.0;810729.0;45266.0
3812;SP;35.0;48807.0;São Caetano do Sul;149263.0;149263.0;165655.0;16392.0
3813;SP;35.0;48906.0;São Carlos;221950.0;221950.0;254857.0;32907.0
3814;SP;35.0;49003.0;São Francisco;2793.0;2793.0;2602.0;-191.0
3815;SP;35.0;49102.0;São João da Boa Vista;83639.0;83639.0;92547.0;8908.0
3816;SP;35.0;49201.0;São João das Duas Pontes;2566.0;2566.0;2580.0;14.0
3817;SP;35.0;49250.0;São João de Iracema;1780.0;1780.0;1846.0;66.0
3818;SP;35.0;49300.0;São João do Pau d'Alho;2103.0;2103.0;2242.0;139.0
3819;SP;35.0;49409.0;São Joaquim da Barra;46512.0;46512.0;48558.0;2046.0
3820;SP;35.0;49508.0;São José da Bela Vista;8406.0;8406.0;7626.0;-780.0
3821;SP;35.0;49607.0;São José do Barreiro;4077.0;4077.0;3853.0;-224.0
3822;SP;35.0;49706.0;São José do Rio Pardo;51900.0;51900.0;52205.0;305.0
3823;SP;35.0;49805.0;São José do Rio Preto;408258.0;408258.0;480393.0;72135.0
3824;SP;35.0;49904.0;São José dos Campos;629921.0;629921.0;697054.0;67133.0
3825;SP;35.0;49953.0;São Lourenço da Serra;13973.0;13973.0;16067.0;2094.0
3826;SP;35.0;50001.0;São Luiz do Paraitinga;10397.0;10397.0;10337.0;-60.0
3827;SP;35.0;50100.0;São Manuel;38342.0;38342.0;37289.0;-1053.0
3828;SP;35.0;50209.0;São Miguel Arcanjo;31450.0;31450.0;32039.0;589.0
3829;SP;35.0;50308.0;São Paulo;11253503.0;11253503.0;11451999.0;198496.0
3830;SP;35.0;50407.0;São Pedro;31662.0;31662.0;38256.0;6594.0
3831;SP;35.0;50506.0;São Pedro do Turvo;7198.0;7198.0;7217.0;19.0
3832;SP;35.0;50605.0;São Roque;78821.0;78821.0;79484.0;663.0
3833;SP;35.0;50704.0;São Sebastião;73942.0;73942.0;81595.0;7653.0
3834;SP;35.0;50803.0;São Sebastião da Grama;12099.0;12099.0;10441.0;-1658.0
3835;SP;35.0;50902.0;São Simão;14346.0;14346.0;13442.0;-904.0
3836;SP;35.0;51009.0;São Vicente;332445.0;332445.0;329911.0;-2534.0
3837;SP;35.0;51108.0;Sarapuí;9027.0;9027.0;10369.0;1342.0
3838;SP;35.0;51207.0;Sarutaiá;3622.0;3622.0;3704.0;82.0
3839;SP;35.0;51306.0;Sebastianópolis do Sul;3031.0;3031.0;3130.0;99.0
3840;SP;35.0;51405.0;Serra Azul;11256.0;11256.0;12746.0;1490.0
3841;SP;35.0;51504.0;Serrana;38878.0;38878.0;43909.0;5031.0
3842;SP;35.0;51603.0;Serra Negra;26387.0;26387.0;29894.0;3507.0
3843;SP;35.0;51702.0;Sertãozinho;110074.0;110074.0;126887.0;16813.0
3844;SP;35.0;51801.0;Sete Barras;13005.0;13005.0;12730.0;-275.0
3845;SP;35.0;51900.0;Severínia;15501.0;15501.0;14576.0;-925.0
3846;SP;35.0;52007.0;Silveiras;5792.0;5792.0;6186.0;394.0
3847;SP;35.0;52106.0;Socorro;36686.0;36686.0;40122.0;3436.0
3848;SP;35.0;52205.0;Sorocaba;586625.0;586816.0;723682.0;137057.0
3849;SP;35.0;52304.0;Sud Mennucci;7435.0;7435.0;7355.0;-80.0
3850;SP;35.0;52403.0;Sumaré;241311.0;239562.0;279545.0;38234.0
3851;SP;35.0;52502.0;Suzano;262480.0;262480.0;307429.0;44949.0
3852;SP;35.0;52551.0;Suzanápolis;3383.0;3383.0;3408.0;25.0
3853;SP;35.0;52601.0;Tabapuã;11363.0;11363.0;11323.0;-40.0
3854;SP;35.0;52700.0;Tabatinga;14686.0;14686.0;14769.0;83.0
3855;SP;35.0;52809.0;Taboão da Serra;244528.0;244528.0;273542.0;29014.0
3856;SP;35.0;52908.0;Taciba;5714.0;5714.0;6260.0;546.0
3857;SP;35.0;53005.0;Taguaí;10828.0;10828.0;12669.0;1841.0
3858;SP;35.0;53104.0;Taiaçu;5894.0;5894.0;5677.0;-217.0
3859;SP;35.0;53203.0;Taiúva;5447.0;5447.0;6548.0;1101.0
3860;SP;35.0;53302.0;Tambaú;22406.0;22406.0;21435.0;-971.0
3861;SP;35.0;53401.0;Tanabi;24055.0;24055.0;25265.0;1210.0
3862;SP;35.0;53500.0;Tapiraí;8012.0;8012.0;7996.0;-16.0
3863;SP;35.0;53609.0;Tapiratiba;12737.0;12737.0;11816.0;-921.0
3864;SP;35.0;53658.0;Taquaral;2726.0;2726.0;2619.0;-107.0
3865;SP;35.0;53708.0;Taquaritinga;53988.0;53988.0;52260.0;-1728.0
3866;SP;35.0;53807.0;Taquarituba;22291.0;22291.0;24350.0;2059.0
3867;SP;35.0;53856.0;Taquarivaí;5151.0;5151.0;6876.0;1725.0
3868;SP;35.0;53906.0;Tarabai;6607.0;6607.0;6536.0;-71.0
3869;SP;35.0;53955.0;Tarumã;12885.0;12885.0;14882.0;1997.0
3870;SP;35.0;54003.0;Tatuí;107326.0;107326.0;123942.0;16616.0
3871;SP;35.0;54102.0;Taubaté;278686.0;278686.0;310739.0;32053.0
3872;SP;35.0;54201.0;Tejupá;4809.0;4809.0;4127.0;-682.0
3873;SP;35.0;54300.0;Teodoro Sampaio;21386.0;21386.0;22173.0;787.0
3874;SP;35.0;54409.0;Terra Roxa;8505.0;8505.0;7904.0;-601.0
3875;SP;35.0;54508.0;Tietê;36835.0;36835.0;37663.0;828.0
3876;SP;35.0;54607.0;Timburi;2646.0;2646.0;2464.0;-182.0
3877;SP;35.0;54656.0;Torre de Pedra;2254.0;2254.0;2046.0;-208.0
3878;SP;35.0;54706.0;Torrinha;9330.0;9330.0;9335.0;5.0
3879;SP;35.0;54755.0;Trabiju;1544.0;1544.0;1682.0;138.0
3880;SP;35.0;54805.0;Tremembé;40984.0;40984.0;51173.0;10189.0
3881;SP;35.0;54904.0;Três Fronteiras;5427.0;5427.0;6804.0;1377.0
3882;SP;35.0;54953.0;Tuiuti;5930.0;5930.0;6778.0;848.0
3883;SP;35.0;55000.0;Tupã;63476.0;63476.0;63928.0;452.0
3884;SP;35.0;55109.0;Tupi Paulista;14269.0;14269.0;15854.0;1585.0
3885;SP;35.0;55208.0;Turiúba;1930.0;1930.0;1818.0;-112.0
3886;SP;35.0;55307.0;Turmalina;1978.0;1978.0;1669.0;-309.0
3887;SP;35.0;55356.0;Ubarana;5289.0;5289.0;5365.0;76.0
3888;SP;35.0;55406.0;Ubatuba;78801.0;78801.0;92981.0;14180.0
3889;SP;35.0;55505.0;Ubirajara;4427.0;4427.0;5132.0;705.0
3890;SP;35.0;55604.0;Uchoa;9471.0;9471.0;10394.0;923.0
3891;SP;35.0;55703.0;União Paulista;1599.0;1599.0;1603.0;4.0
3892;SP;35.0;55802.0;Urânia;8836.0;8836.0;8833.0;-3.0
3893;SP;35.0;55901.0;Uru;1251.0;1251.0;1387.0;136.0
3894;SP;35.0;56008.0;Urupês;12714.0;12714.0;13744.0;1030.0
3895;SP;35.0;56107.0;Valentim Gentil;11036.0;11036.0;14098.0;3062.0
3896;SP;35.0;56206.0;Valinhos;106793.0;106793.0;126373.0;19580.0
3897;SP;35.0;56305.0;Valparaíso;22576.0;22576.0;24241.0;1665.0
3898;SP;35.0;56354.0;Vargem;8801.0;8801.0;10512.0;1711.0
3899;SP;35.0;56404.0;Vargem Grande do Sul;39266.0;39266.0;40133.0;867.0
3900;SP;35.0;56453.0;Vargem Grande Paulista;42997.0;42997.0;50415.0;7418.0
3901;SP;35.0;56503.0;Várzea Paulista;107089.0;107089.0;115771.0;8682.0
3902;SP;35.0;56602.0;Vera Cruz;10769.0;10769.0;10176.0;-593.0
3903;SP;35.0;56701.0;Vinhedo;63611.0;63656.0;76540.0;12929.0
3904;SP;35.0;56800.0;Viradouro;17297.0;17297.0;17414.0;117.0
3905;SP;35.0;56909.0;Vista Alegre do Alto;6886.0;6886.0;8109.0;1223.0
3906;SP;35.0;56958.0;Vitória Brasil;1737.0;1737.0;1794.0;57.0
3907;SP;35.0;57006.0;Votorantim;108809.0;108618.0;127923.0;19114.0
3908;SP;35.0;57105.0;Votuporanga;84692.0;84692.0;96634.0;11942.0
3909;SP;35.0;57154.0;Zacarias;2335.0;2335.0;2692.0;357.0
3910;SP;35.0;57204.0;Chavantes;12114.0;12114.0;12211.0;97.0
3911;SP;35.0;57303.0;Estiva Gerbi;10044.0;10044.0;11295.0;1251.0
3912;PR;41.0;103.0;Abatiá;7764.0;7764.0;7241.0;-523.0
3913;PR;41.0;202.0;Adrianópolis;6376.0;6376.0;6256.0;-120.0
3914;PR;41.0;301.0;Agudos do Sul;8270.0;8270.0;10233.0;1963.0
3915;PR;41.0;400.0;Almirante Tamandaré;103204.0;103217.0;119825.0;16621.0
3916;PR;41.0;459.0;Altamira do Paraná;4306.0;4306.0;3590.0;-716.0
3917;PR;41.0;509.0;Altônia;20516.0;20516.0;18742.0;-1774.0
3918;PR;41.0;608.0;Alto Paraná;13663.0;13663.0;13909.0;246.0
3919;PR;41.0;707.0;Alto Piquiri;10179.0;10179.0;9727.0;-452.0
3920;PR;41.0;806.0;Alvorada do Sul;10283.0;10283.0;10326.0;43.0
3921;PR;41.0;905.0;Amaporã;5443.0;5443.0;4762.0;-681.0
3922;PR;41.0;1002.0;Ampére;17308.0;17308.0;19620.0;2312.0
3923;PR;41.0;1051.0;Anahy;2874.0;2874.0;2918.0;44.0
3924;PR;41.0;1101.0;Andirá;20610.0;20610.0;19878.0;-732.0
3925;PR;41.0;1150.0;Ângulo;2859.0;2859.0;3235.0;376.0
3926;PR;41.0;1200.0;Antonina;18891.0;18891.0;18091.0;-800.0
3927;PR;41.0;1309.0;Antônio Olinto;7351.0;7351.0;7018.0;-333.0
3928;PR;41.0;1408.0;Apucarana;120919.0;120919.0;130134.0;9215.0
3929;PR;41.0;1507.0;Arapongas;104150.0;104150.0;119138.0;14988.0
3930;PR;41.0;1606.0;Arapoti;25855.0;25855.0;25777.0;-78.0
3931;PR;41.0;1655.0;Arapuã;3561.0;3557.0;3527.0;-34.0
3932;PR;41.0;1705.0;Araruna;13419.0;13419.0;14485.0;1066.0
3933;PR;41.0;1804.0;Araucária;119123.0;119123.0;151666.0;32543.0
3934;PR;41.0;1853.0;Ariranha do Ivaí;2453.0;2413.0;2329.0;-124.0
3935;PR;41.0;1903.0;Assaí;16354.0;16354.0;13797.0;-2557.0
3936;PR;41.0;2000.0;Assis Chateaubriand;33025.0;33037.0;36808.0;3783.0
3937;PR;41.0;2109.0;Astorga;24698.0;24698.0;25475.0;777.0
3938;PR;41.0;2208.0;Atalaia;3913.0;3913.0;3980.0;67.0
3939;PR;41.0;2307.0;Balsa Nova;11300.0;11300.0;13395.0;2095.0
3940;PR;41.0;2406.0;Bandeirantes;32184.0;32184.0;31273.0;-911.0
3941;PR;41.0;2505.0;Barbosa Ferraz;12656.0;12656.0;10795.0;-1861.0
3942;PR;41.0;2604.0;Barracão;9735.0;9735.0;9759.0;24.0
3943;PR;41.0;2703.0;Barra do Jacaré;2727.0;2727.0;2814.0;87.0
3944;PR;41.0;2752.0;Bela Vista da Caroba;3945.0;3945.0;4031.0;86.0
3945;PR;41.0;2802.0;Bela Vista do Paraíso;15079.0;15079.0;14833.0;-246.0
3946;PR;41.0;2901.0;Bituruna;15880.0;16096.0;15533.0;-347.0
3947;PR;41.0;3008.0;Boa Esperança;4568.0;4560.0;4558.0;-10.0
3948;PR;41.0;3024.0;Boa Esperança do Iguaçu;2764.0;2764.0;2455.0;-309.0
3949;PR;41.0;3040.0;Boa Ventura de São Roque;6554.0;6472.0;6378.0;-176.0
3950;PR;41.0;3057.0;Boa Vista da Aparecida;7911.0;7939.0;7924.0;13.0
3951;PR;41.0;3107.0;Bocaiúva do Sul;10987.0;10987.0;13299.0;2312.0
3952;PR;41.0;3156.0;Bom Jesus do Sul;3796.0;3796.0;3980.0;184.0
3953;PR;41.0;3206.0;Bom Sucesso;6561.0;6561.0;6581.0;20.0
3954;PR;41.0;3222.0;Bom Sucesso do Sul;3293.0;3293.0;3202.0;-91.0
3955;PR;41.0;3305.0;Borrazópolis;7878.0;7878.0;7735.0;-143.0
3956;PR;41.0;3354.0;Braganey;5735.0;5735.0;4854.0;-881.0
3957;PR;41.0;3370.0;Brasilândia do Sul;3209.0;3209.0;3708.0;499.0
3958;PR;41.0;3404.0;Cafeara;2695.0;2695.0;2627.0;-68.0
3959;PR;41.0;3453.0;Cafelândia;14662.0;14662.0;18997.0;4335.0
3960;PR;41.0;3479.0;Cafezal do Sul;4290.0;4290.0;4473.0;183.0
3961;PR;41.0;3503.0;Califórnia;8069.0;8069.0;8710.0;641.0
3962;PR;41.0;3602.0;Cambará;23886.0;23886.0;23212.0;-674.0
3963;PR;41.0;3701.0;Cambé;96733.0;96987.0;107208.0;10475.0
3964;PR;41.0;3800.0;Cambira;7236.0;7236.0;9460.0;2224.0
3965;PR;41.0;3909.0;Campina da Lagoa;15394.0;15394.0;15723.0;329.0
3966;PR;41.0;3958.0;Campina do Simão;4076.0;4076.0;3936.0;-140.0
3967;PR;41.0;4006.0;Campina Grande do Sul;38769.0;38769.0;47825.0;9056.0
3968;PR;41.0;4055.0;Campo Bonito;4407.0;4407.0;4027.0;-380.0
3969;PR;41.0;4105.0;Campo do Tenente;7125.0;7125.0;7508.0;383.0
3970;PR;41.0;4204.0;Campo Largo;112377.0;112213.0;136327.0;23950.0
3971;PR;41.0;4253.0;Campo Magro;24843.0;24843.0;30160.0;5317.0
3972;PR;41.0;4303.0;Campo Mourão;87194.0;87177.0;99432.0;12238.0
3973;PR;41.0;4402.0;Cândido de Abreu;16655.0;16655.0;15244.0;-1411.0
3974;PR;41.0;4428.0;Candói;14983.0;14983.0;14973.0;-10.0
3975;PR;41.0;4451.0;Cantagalo;12952.0;12952.0;10933.0;-2019.0
3976;PR;41.0;4501.0;Capanema;18526.0;18526.0;20481.0;1955.0
3977;PR;41.0;4600.0;Capitão Leônidas Marques;14970.0;14998.0;14648.0;-322.0
3978;PR;41.0;4659.0;Carambeí;19163.0;19163.0;23283.0;4120.0
3979;PR;41.0;4709.0;Carlópolis;13706.0;13706.0;16905.0;3199.0
3980;PR;41.0;4808.0;Cascavel;286205.0;286177.0;348051.0;61846.0
3981;PR;41.0;4907.0;Castro;67084.0;67084.0;73075.0;5991.0
3982;PR;41.0;5003.0;Catanduvas;10202.0;10202.0;10446.0;244.0
3983;PR;41.0;5102.0;Centenário do Sul;11190.0;11190.0;10832.0;-358.0
3984;PR;41.0;5201.0;Cerro Azul;16938.0;16938.0;16134.0;-804.0
3985;PR;41.0;5300.0;Céu Azul;11032.0;11032.0;11087.0;55.0
3986;PR;41.0;5409.0;Chopinzinho;19679.0;19679.0;21085.0;1406.0
3987;PR;41.0;5508.0;Cianorte;69958.0;69958.0;79527.0;9569.0
3988;PR;41.0;5607.0;Cidade Gaúcha;11062.0;11062.0;11467.0;405.0
3989;PR;41.0;5706.0;Clevelândia;17240.0;17240.0;15070.0;-2170.0
3990;PR;41.0;5805.0;Colombo;212967.0;212994.0;232212.0;19245.0
3991;PR;41.0;5904.0;Colorado;22345.0;22349.0;22896.0;551.0
3992;PR;41.0;6001.0;Congonhinhas;8279.0;8279.0;8320.0;41.0
3993;PR;41.0;6100.0;Conselheiro Mairinck;3636.0;3636.0;3461.0;-175.0
3994;PR;41.0;6209.0;Contenda;15891.0;15891.0;19128.0;3237.0
3995;PR;41.0;6308.0;Corbélia;16312.0;16312.0;17470.0;1158.0
3996;PR;41.0;6407.0;Cornélio Procópio;46928.0;46928.0;45206.0;-1722.0
3997;PR;41.0;6456.0;Coronel Domingos Soares;7238.0;7022.0;5649.0;-1589.0
3998;PR;41.0;6506.0;Coronel Vivida;21749.0;21749.0;23331.0;1582.0
3999;PR;41.0;6555.0;Corumbataí do Sul;4002.0;4002.0;3760.0;-242.0
4000;PR;41.0;6571.0;Cruzeiro do Iguaçu;4278.0;4278.0;4133.0;-145.0
4001;PR;41.0;6605.0;Cruzeiro do Oeste;20416.0;20384.0;23831.0;3415.0
4002;PR;41.0;6704.0;Cruzeiro do Sul;4563.0;4563.0;4494.0;-69.0
4003;PR;41.0;6803.0;Cruz Machado;18040.0;18040.0;15978.0;-2062.0
4004;PR;41.0;6852.0;Cruzmaltina;3162.0;3162.0;2892.0;-270.0
4005;PR;41.0;6902.0;Curitiba;1751907.0;1751907.0;1773718.0;21811.0
4006;PR;41.0;7009.0;Curiúva;13923.0;13923.0;13647.0;-276.0
4007;PR;41.0;7108.0;Diamante do Norte;5516.0;5516.0;5142.0;-374.0
4008;PR;41.0;7124.0;Diamante do Sul;3510.0;3510.0;3171.0;-339.0
4009;PR;41.0;7157.0;Diamante D'Oeste;5027.0;5027.0;4557.0;-470.0
4010;PR;41.0;7207.0;Dois Vizinhos;36179.0;36179.0;44869.0;8690.0
4011;PR;41.0;7256.0;Douradina;7445.0;7445.0;9161.0;1716.0
4012;PR;41.0;7306.0;Doutor Camargo;5828.0;5828.0;6327.0;499.0
4013;PR;41.0;7405.0;Enéas Marques;6103.0;6103.0;5999.0;-104.0
4014;PR;41.0;7504.0;Engenheiro Beltrão;13906.0;13906.0;12454.0;-1452.0
4015;PR;41.0;7520.0;Esperança Nova;1970.0;1970.0;1849.0;-121.0
4016;PR;41.0;7538.0;Entre Rios do Oeste;3926.0;3926.0;4575.0;649.0
4017;PR;41.0;7546.0;Espigão Alto do Iguaçu;4677.0;4677.0;4797.0;120.0
4018;PR;41.0;7553.0;Farol;3472.0;3472.0;3039.0;-433.0
4019;PR;41.0;7603.0;Faxinal;16314.0;16314.0;16389.0;75.0
4020;PR;41.0;7652.0;Fazenda Rio Grande;81675.0;81675.0;148873.0;67198.0
4021;PR;41.0;7702.0;Fênix;4802.0;4802.0;4492.0;-310.0
4022;PR;41.0;7736.0;Fernandes Pinheiro;5932.0;5932.0;6255.0;323.0
4023;PR;41.0;7751.0;Figueira;8293.0;8293.0;8062.0;-231.0
4024;PR;41.0;7801.0;Floraí;5050.0;5050.0;4792.0;-258.0
4025;PR;41.0;7850.0;Flor da Serra do Sul;4726.0;4798.0;4364.0;-362.0
4026;PR;41.0;7900.0;Floresta;5931.0;5931.0;10458.0;4527.0
4027;PR;41.0;8007.0;Florestópolis;11222.0;11222.0;11446.0;224.0
4028;PR;41.0;8106.0;Flórida;2543.0;2543.0;2652.0;109.0
4029;PR;41.0;8205.0;Formosa do Oeste;7541.0;7541.0;7635.0;94.0
4030;PR;41.0;8304.0;Foz do Iguaçu;256088.0;256088.0;285415.0;29327.0
4031;PR;41.0;8320.0;Francisco Alves;6418.0;6418.0;8116.0;1698.0
4032;PR;41.0;8403.0;Francisco Beltrão;78943.0;78943.0;96666.0;17723.0
4033;PR;41.0;8452.0;Foz do Jordão;5420.0;5420.0;4926.0;-494.0
4034;PR;41.0;8502.0;General Carneiro;13669.0;13669.0;11062.0;-2607.0
4035;PR;41.0;8551.0;Godoy Moreira;3337.0;3337.0;2977.0;-360.0
4036;PR;41.0;8601.0;Goioerê;29018.0;29018.0;28437.0;-581.0
4037;PR;41.0;8650.0;Goioxim;7503.0;7503.0;6566.0;-937.0
4038;PR;41.0;8700.0;Grandes Rios;6625.0;6625.0;5641.0;-984.0
4039;PR;41.0;8809.0;Guaíra;30704.0;30704.0;32097.0;1393.0
4040;PR;41.0;8908.0;Guairaçá;6197.0;6197.0;6587.0;390.0
4041;PR;41.0;8957.0;Guamiranga;7900.0;7900.0;7856.0;-44.0
4042;PR;41.0;9005.0;Guapirama;3891.0;3891.0;4626.0;735.0
4043;PR;41.0;9104.0;Guaporema;2219.0;2226.0;2191.0;-28.0
4044;PR;41.0;9203.0;Guaraci;5227.0;5135.0;4748.0;-479.0
4045;PR;41.0;9302.0;Guaraniaçu;14582.0;14582.0;13735.0;-847.0
4046;PR;41.0;9401.0;Guarapuava;167328.0;167414.0;182093.0;14765.0
4047;PR;41.0;9500.0;Guaraqueçaba;7871.0;7871.0;7430.0;-441.0
4048;PR;41.0;9609.0;Guaratuba;32095.0;32095.0;42062.0;9967.0
4049;PR;41.0;9658.0;Honório Serpa;5955.0;5955.0;4941.0;-1014.0
4050;PR;41.0;9708.0;Ibaiti;28751.0;28813.0;28830.0;79.0
4051;PR;41.0;9757.0;Ibema;6066.0;6066.0;6218.0;152.0
4052;PR;41.0;9807.0;Ibiporã;48198.0;48198.0;51603.0;3405.0
4053;PR;41.0;9906.0;Icaraíma;8839.0;8839.0;8991.0;152.0
4054;PR;41.0;10003.0;Iguaraçu;3982.0;3982.0;5338.0;1356.0
4055;PR;41.0;10052.0;Iguatu;2234.0;2234.0;2144.0;-90.0
4056;PR;41.0;10078.0;Imbaú;11274.0;11503.0;14249.0;2975.0
4057;PR;41.0;10102.0;Imbituva;28455.0;28455.0;29924.0;1469.0
4058;PR;41.0;10201.0;Inácio Martins;10943.0;10943.0;9670.0;-1273.0
4059;PR;41.0;10300.0;Inajá;2988.0;2988.0;2536.0;-452.0
4060;PR;41.0;10409.0;Indianópolis;4299.0;4299.0;4448.0;149.0
4061;PR;41.0;10508.0;Ipiranga;14150.0;14091.0;14142.0;-8.0
4062;PR;41.0;10607.0;Iporã;14981.0;14981.0;15746.0;765.0
4063;PR;41.0;10656.0;Iracema do Oeste;2578.0;2578.0;2343.0;-235.0
4064;PR;41.0;10706.0;Irati;56207.0;56207.0;59250.0;3043.0
4065;PR;41.0;10805.0;Iretama;10622.0;10622.0;10684.0;62.0
4066;PR;41.0;10904.0;Itaguajé;4568.0;4568.0;4481.0;-87.0
4067;PR;41.0;10953.0;Itaipulândia;9026.0;9026.0;11485.0;2459.0
4068;PR;41.0;11001.0;Itambaracá;6759.0;6759.0;5908.0;-851.0
4069;PR;41.0;11100.0;Itambé;5979.0;5979.0;6111.0;132.0
4070;PR;41.0;11209.0;Itapejara d'Oeste;10531.0;10531.0;12344.0;1813.0
4071;PR;41.0;11258.0;Itaperuçu;23887.0;24044.0;31217.0;7330.0
4072;PR;41.0;11308.0;Itaúna do Sul;3583.0;3583.0;3572.0;-11.0
4073;PR;41.0;11407.0;Ivaí;12815.0;12815.0;13229.0;414.0
4074;PR;41.0;11506.0;Ivaiporã;31816.0;31856.0;32720.0;904.0
4075;PR;41.0;11555.0;Ivaté;7514.0;7514.0;6831.0;-683.0
4076;PR;41.0;11605.0;Ivatuba;3010.0;3010.0;2708.0;-302.0
4077;PR;41.0;11704.0;Jaboti;4902.0;4902.0;5427.0;525.0
4078;PR;41.0;11803.0;Jacarezinho;39121.0;39121.0;40375.0;1254.0
4079;PR;41.0;11902.0;Jaguapitã;12225.0;12225.0;15122.0;2897.0
4080;PR;41.0;12009.0;Jaguariaíva;32606.0;32606.0;35141.0;2535.0
4081;PR;41.0;12108.0;Jandaia do Sul;20269.0;20269.0;21408.0;1139.0
4082;PR;41.0;12207.0;Janiópolis;6532.0;6532.0;5870.0;-662.0
4083;PR;41.0;12306.0;Japira;4903.0;4841.0;4972.0;69.0
4084;PR;41.0;12405.0;Japurá;8549.0;8549.0;9144.0;595.0
4085;PR;41.0;12504.0;Jardim Alegre;12324.0;12328.0;12004.0;-320.0
4086;PR;41.0;12603.0;Jardim Olinda;1409.0;1409.0;1343.0;-66.0
4087;PR;41.0;12702.0;Jataizinho;11875.0;11875.0;11813.0;-62.0
4088;PR;41.0;12751.0;Jesuítas;9001.0;9001.0;10506.0;1505.0
4089;PR;41.0;12801.0;Joaquim Távora;10736.0;10736.0;11945.0;1209.0
4090;PR;41.0;12900.0;Jundiaí do Sul;3433.0;3433.0;3333.0;-100.0
4091;PR;41.0;12959.0;Juranda;7641.0;7649.0;7771.0;130.0
4092;PR;41.0;13007.0;Jussara;6610.0;6610.0;6690.0;80.0
4093;PR;41.0;13106.0;Kaloré;4506.0;4506.0;4582.0;76.0
4094;PR;41.0;13205.0;Lapa;44932.0;44932.0;45003.0;71.0
4095;PR;41.0;13254.0;Laranjal;6360.0;6360.0;5600.0;-760.0
4096;PR;41.0;13304.0;Laranjeiras do Sul;30777.0;30801.0;32227.0;1450.0
4097;PR;41.0;13403.0;Leópolis;4145.0;4145.0;3752.0;-393.0
4098;PR;41.0;13429.0;Lidianópolis;3973.0;3973.0;3938.0;-35.0
4099;PR;41.0;13452.0;Lindoeste;5361.0;5335.0;5175.0;-186.0
4100;PR;41.0;13502.0;Loanda;21201.0;21201.0;23225.0;2024.0
4101;PR;41.0;13601.0;Lobato;4401.0;4401.0;4601.0;200.0
4102;PR;41.0;13700.0;Londrina;506701.0;506447.0;555965.0;49264.0
4103;PR;41.0;13734.0;Luiziana;7315.0;7332.0;6690.0;-625.0
4104;PR;41.0;13759.0;Lunardelli;5160.0;5160.0;4872.0;-288.0
4105;PR;41.0;13809.0;Lupionópolis;4592.0;4592.0;4813.0;221.0
4106;PR;41.0;13908.0;Mallet;12973.0;13156.0;13428.0;455.0
4107;PR;41.0;14005.0;Mamborê;13961.0;13961.0;13452.0;-509.0
4108;PR;41.0;14104.0;Mandaguaçu;19781.0;19781.0;31457.0;11676.0
4109;PR;41.0;14203.0;Mandaguari;32658.0;32658.0;36716.0;4058.0
4110;PR;41.0;14302.0;Mandirituba;22220.0;22220.0;27439.0;5219.0
4111;PR;41.0;14351.0;Manfrinópolis;3127.0;3120.0;2770.0;-357.0
4112;PR;41.0;14401.0;Mangueirinha;17048.0;17048.0;16603.0;-445.0
4113;PR;41.0;14500.0;Manoel Ribas;13169.0;13169.0;14240.0;1071.0
4114;PR;41.0;14609.0;Marechal Cândido Rondon;46819.0;46819.0;55836.0;9017.0
4115;PR;41.0;14708.0;Maria Helena;5956.0;5956.0;5865.0;-91.0
4116;PR;41.0;14807.0;Marialva;31959.0;31959.0;41851.0;9892.0
4117;PR;41.0;14906.0;Marilândia do Sul;8863.0;8863.0;8677.0;-186.0
4118;PR;41.0;15002.0;Marilena;6858.0;6858.0;7253.0;395.0
4119;PR;41.0;15101.0;Mariluz;10224.0;10224.0;9847.0;-377.0
4120;PR;41.0;15200.0;Maringá;357077.0;355432.0;409657.0;52580.0
4121;PR;41.0;15309.0;Mariópolis;6268.0;6268.0;6371.0;103.0
4122;PR;41.0;15358.0;Maripá;5684.0;5684.0;6555.0;871.0
4123;PR;41.0;15408.0;Marmeleiro;13900.0;13900.0;15901.0;2001.0
4124;PR;41.0;15457.0;Marquinho;4981.0;4928.0;4504.0;-477.0
4125;PR;41.0;15507.0;Marumbi;4603.0;4603.0;4699.0;96.0
4126;PR;41.0;15606.0;Matelândia;16078.0;16078.0;18450.0;2372.0
4127;PR;41.0;15705.0;Matinhos;29428.0;29428.0;39259.0;9831.0
4128;PR;41.0;15739.0;Mato Rico;3818.0;3818.0;3267.0;-551.0
4129;PR;41.0;15754.0;Mauá da Serra;8555.0;8555.0;9383.0;828.0
4130;PR;41.0;15804.0;Medianeira;41817.0;41817.0;54369.0;12552.0
4131;PR;41.0;15853.0;Mercedes;5046.0;5046.0;5931.0;885.0
4132;PR;41.0;15903.0;Mirador;2327.0;2327.0;2238.0;-89.0
4133;PR;41.0;16000.0;Miraselva;1862.0;1862.0;1966.0;104.0
4134;PR;41.0;16059.0;Missal;10474.0;10474.0;11064.0;590.0
4135;PR;41.0;16109.0;Moreira Sales;12606.0;12606.0;11175.0;-1431.0
4136;PR;41.0;16208.0;Morretes;15718.0;15718.0;18309.0;2591.0
4137;PR;41.0;16307.0;Munhoz de Melo;3672.0;3672.0;3951.0;279.0
4138;PR;41.0;16406.0;Nossa Senhora das Graças;3836.0;3928.0;3669.0;-167.0
4139;PR;41.0;16505.0;Nova Aliança do Ivaí;1431.0;1431.0;1323.0;-108.0
4140;PR;41.0;16604.0;Nova América da Colina;3478.0;3478.0;3280.0;-198.0
4141;PR;41.0;16703.0;Nova Aurora;11866.0;11866.0;13765.0;1899.0
4142;PR;41.0;16802.0;Nova Cantu;7425.0;7425.0;6790.0;-635.0
4143;PR;41.0;16901.0;Nova Esperança;26615.0;26615.0;26585.0;-30.0
4144;PR;41.0;16950.0;Nova Esperança do Sudoeste;5098.0;5098.0;5597.0;499.0
4145;PR;41.0;17008.0;Nova Fátima;8147.0;8147.0;7225.0;-922.0
4146;PR;41.0;17057.0;Nova Laranjeiras;11241.0;11759.0;12074.0;833.0
4147;PR;41.0;17107.0;Nova Londrina;13067.0;13067.0;12923.0;-144.0
4148;PR;41.0;17206.0;Nova Olímpia;5503.0;5503.0;5833.0;330.0
4149;PR;41.0;17214.0;Nova Santa Bárbara;3908.0;3912.0;4184.0;276.0
4150;PR;41.0;17222.0;Nova Santa Rosa;7626.0;7626.0;8322.0;696.0
4151;PR;41.0;17255.0;Nova Prata do Iguaçu;10377.0;10377.0;12699.0;2322.0
4152;PR;41.0;17271.0;Nova Tebas;7398.0;7398.0;6848.0;-550.0
4153;PR;41.0;17297.0;Novo Itacolomi;2827.0;2827.0;3125.0;298.0
4154;PR;41.0;17305.0;Ortigueira;23380.0;23380.0;24192.0;812.0
4155;PR;41.0;17404.0;Ourizona;3380.0;3380.0;3187.0;-193.0
4156;PR;41.0;17453.0;Ouro Verde do Oeste;5692.0;5692.0;6785.0;1093.0
4157;PR;41.0;17503.0;Paiçandu;35936.0;35936.0;45962.0;10026.0
4158;PR;41.0;17602.0;Palmas;42888.0;42888.0;48247.0;5359.0
4159;PR;41.0;17701.0;Palmeira;32123.0;32133.0;33855.0;1732.0
4160;PR;41.0;17800.0;Palmital;14865.0;14865.0;13033.0;-1832.0
4161;PR;41.0;17909.0;Palotina;28683.0;28683.0;35011.0;6328.0
4162;PR;41.0;18006.0;Paraíso do Norte;11772.0;11772.0;13245.0;1473.0
4163;PR;41.0;18105.0;Paranacity;10250.0;10250.0;9557.0;-693.0
4164;PR;41.0;18204.0;Paranaguá;140469.0;140469.0;145829.0;5360.0
4165;PR;41.0;18303.0;Paranapoema;2791.0;2791.0;2398.0;-393.0
4166;PR;41.0;18402.0;Paranavaí;81590.0;81590.0;92001.0;10411.0
4167;PR;41.0;18451.0;Pato Bragado;4822.0;4822.0;5733.0;911.0
4168;PR;41.0;18501.0;Pato Branco;72370.0;72370.0;91836.0;19466.0
4169;PR;41.0;18600.0;Paula Freitas;5434.0;5434.0;5666.0;232.0
4170;PR;41.0;18709.0;Paulo Frontin;6913.0;6808.0;6343.0;-570.0
4171;PR;41.0;18808.0;Peabiru;13624.0;13624.0;13346.0;-278.0
4172;PR;41.0;18857.0;Perobal;5653.0;5691.0;7189.0;1536.0
4173;PR;41.0;18907.0;Pérola;10208.0;10208.0;11878.0;1670.0
4174;PR;41.0;19004.0;Pérola d'Oeste;6761.0;6761.0;6221.0;-540.0
4175;PR;41.0;19103.0;Piên;11236.0;11236.0;13655.0;2419.0
4176;PR;41.0;19152.0;Pinhais;117008.0;117253.0;127019.0;10011.0
4177;PR;41.0;19202.0;Pinhalão;6215.0;6215.0;6566.0;351.0
4178;PR;41.0;19251.0;Pinhal de São Bento;2625.0;2625.0;2761.0;136.0
4179;PR;41.0;19301.0;Pinhão;30208.0;30208.0;29886.0;-322.0
4180;PR;41.0;19400.0;Piraí do Sul;23424.0;23413.0;23651.0;227.0
4181;PR;41.0;19509.0;Piraquara;93207.0;92962.0;118730.0;25523.0
4182;PR;41.0;19608.0;Pitanga;32638.0;32638.0;33567.0;929.0
4183;PR;41.0;19657.0;Pitangueiras;2814.0;2814.0;3046.0;232.0
4184;PR;41.0;19707.0;Planaltina do Paraná;4095.0;4095.0;4070.0;-25.0
4185;PR;41.0;19806.0;Planalto;13654.0;13654.0;14374.0;720.0
4186;PR;41.0;19905.0;Ponta Grossa;311611.0;311601.0;358371.0;46760.0
4187;PR;41.0;19954.0;Pontal do Paraná;20920.0;20920.0;30425.0;9505.0
4188;PR;41.0;20002.0;Porecatu;14189.0;14189.0;11624.0;-2565.0
4189;PR;41.0;20101.0;Porto Amazonas;4514.0;4514.0;4098.0;-416.0
4190;PR;41.0;20150.0;Porto Barreiro;3663.0;3663.0;3110.0;-553.0
4191;PR;41.0;20200.0;Porto Rico;2530.0;2530.0;3182.0;652.0
4192;PR;41.0;20309.0;Porto Vitória;4020.0;4020.0;3562.0;-458.0
4193;PR;41.0;20333.0;Prado Ferreira;3434.0;3434.0;3709.0;275.0
4194;PR;41.0;20358.0;Pranchita;5628.0;5628.0;5737.0;109.0
4195;PR;41.0;20408.0;Presidente Castelo Branco;4784.0;4784.0;4336.0;-448.0
4196;PR;41.0;20507.0;Primeiro de Maio;10832.0;10832.0;10082.0;-750.0
4197;PR;41.0;20606.0;Prudentópolis;48792.0;48709.0;49393.0;601.0
4198;PR;41.0;20655.0;Quarto Centenário;4856.0;4856.0;4201.0;-655.0
4199;PR;41.0;20705.0;Quatiguá;7045.0;7045.0;8099.0;1054.0
4200;PR;41.0;20804.0;Quatro Barras;19851.0;19851.0;24191.0;4340.0
4201;PR;41.0;20853.0;Quatro Pontes;3803.0;3803.0;4480.0;677.0
4202;PR;41.0;20903.0;Quedas do Iguaçu;30605.0;30605.0;30738.0;133.0
4203;PR;41.0;21000.0;Querência do Norte;11729.0;11729.0;10685.0;-1044.0
4204;PR;41.0;21109.0;Quinta do Sol;5088.0;5088.0;5001.0;-87.0
4205;PR;41.0;21208.0;Quitandinha;17089.0;17089.0;18398.0;1309.0
4206;PR;41.0;21257.0;Ramilândia;4134.0;4134.0;4221.0;87.0
4207;PR;41.0;21307.0;Rancho Alegre;3955.0;3955.0;3512.0;-443.0
4208;PR;41.0;21356.0;Rancho Alegre D'Oeste;2847.0;2847.0;2618.0;-229.0
4209;PR;41.0;21406.0;Realeza;16338.0;16338.0;19247.0;2909.0
4210;PR;41.0;21505.0;Rebouças;14176.0;14176.0;14514.0;338.0
4211;PR;41.0;21604.0;Renascença;6812.0;6812.0;6845.0;33.0
4212;PR;41.0;21703.0;Reserva;25172.0;24943.0;24573.0;-599.0
4213;PR;41.0;21752.0;Reserva do Iguaçu;7307.0;7307.0;6553.0;-754.0
4214;PR;41.0;21802.0;Ribeirão Claro;10678.0;10678.0;12364.0;1686.0
4215;PR;41.0;21901.0;Ribeirão do Pinhal;13524.0;13524.0;13060.0;-464.0
4216;PR;41.0;22008.0;Rio Azul;14093.0;14015.0;14025.0;-68.0
4217;PR;41.0;22107.0;Rio Bom;3334.0;3334.0;3197.0;-137.0
4218;PR;41.0;22156.0;Rio Bonito do Iguaçu;13661.0;13143.0;13929.0;268.0
4219;PR;41.0;22172.0;Rio Branco do Ivaí;3898.0;3898.0;3808.0;-90.0
4220;PR;41.0;22206.0;Rio Branco do Sul;30650.0;30617.0;37558.0;6908.0
4221;PR;41.0;22305.0;Rio Negro;31274.0;31274.0;31324.0;50.0
4222;PR;41.0;22404.0;Rolândia;57862.0;57862.0;71670.0;13808.0
4223;PR;41.0;22503.0;Roncador;11537.0;11537.0;11251.0;-286.0
4224;PR;41.0;22602.0;Rondon;8996.0;8989.0;9097.0;101.0
4225;PR;41.0;22651.0;Rosário do Ivaí;5588.0;5588.0;5435.0;-153.0
4226;PR;41.0;22701.0;Sabáudia;6096.0;6096.0;8822.0;2726.0
4227;PR;41.0;22800.0;Salgado Filho;4403.0;4338.0;4075.0;-328.0
4228;PR;41.0;22909.0;Salto do Itararé;5178.0;5178.0;5192.0;14.0
4229;PR;41.0;23006.0;Salto do Lontra;13689.0;13689.0;15223.0;1534.0
4230;PR;41.0;23105.0;Santa Amélia;3803.0;3803.0;3394.0;-409.0
4231;PR;41.0;23204.0;Santa Cecília do Pavão;3646.0;3642.0;3365.0;-281.0
4232;PR;41.0;23303.0;Santa Cruz de Monte Castelo;8092.0;8092.0;8613.0;521.0
4233;PR;41.0;23402.0;Santa Fé;10432.0;10432.0;11378.0;946.0
4234;PR;41.0;23501.0;Santa Helena;23413.0;23413.0;25492.0;2079.0
4235;PR;41.0;23600.0;Santa Inês;1818.0;1842.0;1748.0;-70.0
4236;PR;41.0;23709.0;Santa Isabel do Ivaí;8760.0;8760.0;8912.0;152.0
4237;PR;41.0;23808.0;Santa Izabel do Oeste;13132.0;13132.0;14070.0;938.0
4238;PR;41.0;23824.0;Santa Lúcia;3925.0;3923.0;3644.0;-281.0
4239;PR;41.0;23857.0;Santa Maria do Oeste;11500.0;11316.0;9934.0;-1566.0
4240;PR;41.0;23907.0;Santa Mariana;12435.0;12435.0;11066.0;-1369.0
4241;PR;41.0;23956.0;Santa Mônica;3571.0;3571.0;3356.0;-215.0
4242;PR;41.0;24004.0;Santana do Itararé;5249.0;5249.0;5514.0;265.0
4243;PR;41.0;24020.0;Santa Tereza do Oeste;10332.0;10332.0;13174.0;2842.0
4244;PR;41.0;24053.0;Santa Terezinha de Itaipu;20841.0;20841.0;24262.0;3421.0
4245;PR;41.0;24103.0;Santo Antônio da Platina;42707.0;42707.0;44369.0;1662.0
4246;PR;41.0;24202.0;Santo Antônio do Caiuá;2727.0;2727.0;2493.0;-234.0
4247;PR;41.0;24301.0;Santo Antônio do Paraíso;2408.0;2408.0;2125.0;-283.0
4248;PR;41.0;24400.0;Santo Antônio do Sudoeste;18893.0;18893.0;23673.0;4780.0
4249;PR;41.0;24509.0;Santo Inácio;5269.0;5241.0;6181.0;912.0
4250;PR;41.0;24608.0;São Carlos do Ivaí;6354.0;6354.0;6587.0;233.0
4251;PR;41.0;24707.0;São Jerônimo da Serra;11337.0;11337.0;10830.0;-507.0
4252;PR;41.0;24806.0;São João;10599.0;10599.0;11886.0;1287.0
4253;PR;41.0;24905.0;São João do Caiuá;5911.0;5911.0;5586.0;-325.0
4254;PR;41.0;25001.0;São João do Ivaí;11525.0;11525.0;10667.0;-858.0
4255;PR;41.0;25100.0;São João do Triunfo;13704.0;13704.0;13726.0;22.0
4256;PR;41.0;25209.0;São Jorge d'Oeste;9085.0;9085.0;9378.0;293.0
4257;PR;41.0;25308.0;São Jorge do Ivaí;5517.0;5517.0;5168.0;-349.0
4258;PR;41.0;25357.0;São Jorge do Patrocínio;6041.0;6041.0;6504.0;463.0
4259;PR;41.0;25407.0;São José da Boa Vista;6511.0;6511.0;6040.0;-471.0
4260;PR;41.0;25456.0;São José das Palmeiras;3830.0;3830.0;3957.0;127.0
4261;PR;41.0;25506.0;São José dos Pinhais;264210.0;264210.0;329628.0;65418.0
4262;PR;41.0;25555.0;São Manoel do Paraná;2098.0;2098.0;2138.0;40.0
4263;PR;41.0;25605.0;São Mateus do Sul;41257.0;41257.0;42366.0;1109.0
4264;PR;41.0;25704.0;São Miguel do Iguaçu;25769.0;25769.0;29122.0;3353.0
4265;PR;41.0;25753.0;São Pedro do Iguaçu;6491.0;6491.0;5784.0;-707.0
4266;PR;41.0;25803.0;São Pedro do Ivaí;10167.0;10167.0;8690.0;-1477.0
4267;PR;41.0;25902.0;São Pedro do Paraná;2491.0;2491.0;2661.0;170.0
4268;PR;41.0;26009.0;São Sebastião da Amoreira;8626.0;8626.0;8063.0;-563.0
4269;PR;41.0;26108.0;São Tomé;5349.0;5349.0;5232.0;-117.0
4270;PR;41.0;26207.0;Sapopema;6736.0;6736.0;6695.0;-41.0
4271;PR;41.0;26256.0;Sarandi;82847.0;84492.0;118455.0;35608.0
4272;PR;41.0;26272.0;Saudade do Iguaçu;5028.0;5028.0;6108.0;1080.0
4273;PR;41.0;26306.0;Sengés;18414.0;18414.0;17270.0;-1144.0
4274;PR;41.0;26355.0;Serranópolis do Iguaçu;4568.0;4568.0;5007.0;439.0
4275;PR;41.0;26405.0;Sertaneja;5817.0;5817.0;5616.0;-201.0
4276;PR;41.0;26504.0;Sertanópolis;15638.0;15638.0;15930.0;292.0
4277;PR;41.0;26603.0;Siqueira Campos;18454.0;18454.0;22811.0;4357.0
4278;PR;41.0;26652.0;Sulina;3394.0;3394.0;3440.0;46.0
4279;PR;41.0;26678.0;Tamarana;12262.0;12262.0;10707.0;-1555.0
4280;PR;41.0;26702.0;Tamboara;4664.0;4664.0;4880.0;216.0
4281;PR;41.0;26801.0;Tapejara;14598.0;14598.0;15869.0;1271.0
4282;PR;41.0;26900.0;Tapira;5836.0;5836.0;5745.0;-91.0
4283;PR;41.0;27007.0;Teixeira Soares;10283.0;10283.0;9547.0;-736.0
4284;PR;41.0;27106.0;Telêmaco Borba;69872.0;69872.0;75042.0;5170.0
4285;PR;41.0;27205.0;Terra Boa;15776.0;15776.0;17568.0;1792.0
4286;PR;41.0;27304.0;Terra Rica;15221.0;15221.0;14842.0;-379.0
4287;PR;41.0;27403.0;Terra Roxa;16759.0;16759.0;18119.0;1360.0
4288;PR;41.0;27502.0;Tibagi;19344.0;19403.0;19961.0;617.0
4289;PR;41.0;27601.0;Tijucas do Sul;14537.0;14537.0;17621.0;3084.0
4290;PR;41.0;27700.0;Toledo;119313.0;119313.0;150470.0;31157.0
4291;PR;41.0;27809.0;Tomazina;8791.0;8791.0;8426.0;-365.0
4292;PR;41.0;27858.0;Três Barras do Paraná;11824.0;11824.0;11135.0;-689.0
4293;PR;41.0;27882.0;Tunas do Paraná;6256.0;6256.0;6219.0;-37.0
4294;PR;41.0;27908.0;Tuneiras do Oeste;8695.0;8695.0;8067.0;-628.0
4295;PR;41.0;27957.0;Tupãssi;7997.0;7985.0;8077.0;80.0
4296;PR;41.0;27965.0;Turvo;13811.0;14074.0;14231.0;420.0
4297;PR;41.0;28005.0;Ubiratã;21558.0;21558.0;24749.0;3191.0
4298;PR;41.0;28104.0;Umuarama;100676.0;100670.0;117095.0;16419.0
4299;PR;41.0;28203.0;União da Vitória;52735.0;52735.0;55033.0;2298.0
4300;PR;41.0;28302.0;Uniflor;2466.0;2466.0;2136.0;-330.0
4301;PR;41.0;28401.0;Uraí;11472.0;11472.0;10406.0;-1066.0
4302;PR;41.0;28500.0;Wenceslau Braz;19298.0;19298.0;19188.0;-110.0
4303;PR;41.0;28534.0;Ventania;9957.0;9968.0;9681.0;-276.0
4304;PR;41.0;28559.0;Vera Cruz do Oeste;8973.0;8973.0;8215.0;-758.0
4305;PR;41.0;28609.0;Verê;7878.0;7878.0;7932.0;54.0
4306;PR;41.0;28625.0;Alto Paraíso;3206.0;3206.0;3055.0;-151.0
4307;PR;41.0;28633.0;Doutor Ulysses;5727.0;5727.0;5697.0;-30.0
4308;PR;41.0;28658.0;Virmond;3950.0;3979.0;3811.0;-139.0
4309;PR;41.0;28708.0;Vitorino;6513.0;6513.0;9706.0;3193.0
4310;PR;41.0;28807.0;Xambrê;6012.0;6012.0;5798.0;-214.0
4311;SC;42.0;51.0;Abdon Batista;2653.0;2653.0;2598.0;-55.0
4312;SC;42.0;101.0;Abelardo Luz;17100.0;17100.0;17392.0;292.0
4313;SC;42.0;200.0;Agrolândia;9323.0;9323.0;10990.0;1667.0
4314;SC;42.0;309.0;Agronômica;4904.0;4794.0;6055.0;1151.0
4315;SC;42.0;408.0;Água Doce;6961.0;6961.0;6508.0;-453.0
4316;SC;42.0;507.0;Águas de Chapecó;6110.0;6110.0;6036.0;-74.0
4317;SC;42.0;556.0;Águas Frias;2424.0;2439.0;2839.0;415.0
4318;SC;42.0;606.0;Águas Mornas;5548.0;5548.0;6743.0;1195.0
4319;SC;42.0;705.0;Alfredo Wagner;9410.0;9410.0;10481.0;1071.0
4320;SC;42.0;754.0;Alto Bela Vista;2005.0;2005.0;1856.0;-149.0
4321;SC;42.0;804.0;Anchieta;6380.0;6283.0;5943.0;-437.0
4322;SC;42.0;903.0;Angelina;5250.0;5250.0;5358.0;108.0
4323;SC;42.0;1000.0;Anita Garibaldi;8623.0;8623.0;8285.0;-338.0
4324;SC;42.0;1109.0;Anitápolis;3214.0;3218.0;3593.0;379.0
4325;SC;42.0;1208.0;Antônio Carlos;7458.0;7458.0;11224.0;3766.0
4326;SC;42.0;1257.0;Apiúna;9600.0;9611.0;9811.0;211.0
4327;SC;42.0;1273.0;Arabutã;4193.0;4193.0;4378.0;185.0
4328;SC;42.0;1307.0;Araquari;24810.0;24810.0;45283.0;20473.0
4329;SC;42.0;1406.0;Araranguá;61310.0;61292.0;71922.0;10612.0
4330;SC;42.0;1505.0;Armazém;7753.0;7753.0;8834.0;1081.0
4331;SC;42.0;1604.0;Arroio Trinta;3502.0;3502.0;3556.0;54.0
4332;SC;42.0;1653.0;Arvoredo;2260.0;2260.0;2510.0;250.0
4333;SC;42.0;1703.0;Ascurra;7412.0;7403.0;8319.0;907.0
4334;SC;42.0;1802.0;Atalanta;3300.0;3300.0;3227.0;-73.0
4335;SC;42.0;1901.0;Aurora;5549.0;5551.0;6780.0;1231.0
4336;SC;42.0;1950.0;Balneário Arroio do Silva;9586.0;9586.0;15820.0;6234.0
4337;SC;42.0;2008.0;Balneário Camboriú;108089.0;108089.0;139155.0;31066.0
4338;SC;42.0;2057.0;Balneário Barra do Sul;8430.0;8430.0;14912.0;6482.0
4339;SC;42.0;2073.0;Balneário Gaivota;8234.0;8234.0;15669.0;7435.0
4340;SC;42.0;2081.0;Bandeirante;2906.0;2906.0;3144.0;238.0
4341;SC;42.0;2099.0;Barra Bonita;1878.0;1889.0;1668.0;-210.0
4342;SC;42.0;2107.0;Barra Velha;22386.0;22386.0;45369.0;22983.0
4343;SC;42.0;2131.0;Bela Vista do Toldo;6004.0;6004.0;5872.0;-132.0
4344;SC;42.0;2156.0;Belmonte;2635.0;2635.0;2658.0;23.0
4345;SC;42.0;2206.0;Benedito Novo;10336.0;10338.0;10520.0;184.0
4346;SC;42.0;2305.0;Biguaçu;58206.0;58206.0;76773.0;18567.0
4347;SC;42.0;2404.0;Blumenau;309011.0;308943.0;361261.0;52250.0
4348;SC;42.0;2438.0;Bocaina do Sul;3290.0;3290.0;3515.0;225.0
4349;SC;42.0;2453.0;Bombinhas;14293.0;14293.0;25058.0;10765.0
4350;SC;42.0;2503.0;Bom Jardim da Serra;4395.0;4395.0;4026.0;-369.0
4351;SC;42.0;2537.0;Bom Jesus;2526.0;2526.0;2777.0;251.0
4352;SC;42.0;2578.0;Bom Jesus do Oeste;2132.0;2138.0;2187.0;55.0
4353;SC;42.0;2602.0;Bom Retiro;8942.0;8942.0;8418.0;-524.0
4354;SC;42.0;2701.0;Botuverá;4468.0;4470.0;5363.0;895.0
4355;SC;42.0;2800.0;Braço do Norte;29018.0;29019.0;33773.0;4755.0
4356;SC;42.0;2859.0;Braço do Trombudo;3457.0;3451.0;4026.0;569.0
4357;SC;42.0;2875.0;Brunópolis;2850.0;2850.0;2489.0;-361.0
4358;SC;42.0;2909.0;Brusque;105503.0;105503.0;141385.0;35882.0
4359;SC;42.0;3006.0;Caçador;70762.0;70762.0;73720.0;2958.0
4360;SC;42.0;3105.0;Caibi;6219.0;6214.0;6304.0;85.0
4361;SC;42.0;3154.0;Calmon;3387.0;3387.0;3443.0;56.0
4362;SC;42.0;3204.0;Camboriú;62361.0;62361.0;103074.0;40713.0
4363;SC;42.0;3253.0;Capão Alto;2753.0;2753.0;2625.0;-128.0
4364;SC;42.0;3303.0;Campo Alegre;11748.0;11748.0;12501.0;753.0
4365;SC;42.0;3402.0;Campo Belo do Sul;7483.0;7483.0;7257.0;-226.0
4366;SC;42.0;3501.0;Campo Erê;9370.0;9370.0;9623.0;253.0
4367;SC;42.0;3600.0;Campos Novos;32824.0;32819.0;36932.0;4108.0
4368;SC;42.0;3709.0;Canelinha;10603.0;10603.0;12821.0;2218.0
4369;SC;42.0;3808.0;Canoinhas;52765.0;52779.0;55016.0;2251.0
4370;SC;42.0;3907.0;Capinzal;20769.0;20769.0;23314.0;2545.0
4371;SC;42.0;3956.0;Capivari de Baixo;21674.0;21674.0;23975.0;2301.0
4372;SC;42.0;4004.0;Catanduvas;9555.0;9555.0;10566.0;1011.0
4373;SC;42.0;4103.0;Caxambu do Sul;4411.0;4411.0;4614.0;203.0
4374;SC;42.0;4152.0;Celso Ramos;2771.0;2771.0;2805.0;34.0
4375;SC;42.0;4178.0;Cerro Negro;3581.0;3581.0;3317.0;-264.0
4376;SC;42.0;4194.0;Chapadão do Lageado;2762.0;2767.0;2950.0;188.0
4377;SC;42.0;4202.0;Chapecó;183530.0;183548.0;254785.0;71255.0
4378;SC;42.0;4251.0;Cocal do Sul;15159.0;15159.0;17240.0;2081.0
4379;SC;42.0;4301.0;Concórdia;68621.0;68625.0;81646.0;13025.0
4380;SC;42.0;4350.0;Cordilheira Alta;3767.0;3771.0;4781.0;1014.0
4381;SC;42.0;4400.0;Coronel Freitas;10213.0;10184.0;10388.0;175.0
4382;SC;42.0;4459.0;Coronel Martins;2458.0;2458.0;2065.0;-393.0
4383;SC;42.0;4509.0;Corupá;13852.0;13852.0;15267.0;1415.0
4384;SC;42.0;4558.0;Correia Pinto;14785.0;14785.0;15727.0;942.0
4385;SC;42.0;4608.0;Criciúma;192308.0;192305.0;214493.0;22185.0
4386;SC;42.0;4707.0;Cunha Porã;10613.0;10609.0;10953.0;340.0
4387;SC;42.0;4756.0;Cunhataí;1882.0;1884.0;1968.0;86.0
4388;SC;42.0;4806.0;Curitibanos;37748.0;37748.0;40045.0;2297.0
4389;SC;42.0;4905.0;Descanso;8634.0;8634.0;8530.0;-104.0
4390;SC;42.0;5001.0;Dionísio Cerqueira;14811.0;14811.0;15008.0;197.0
4391;SC;42.0;5100.0;Dona Emma;3721.0;3715.0;4221.0;500.0
4392;SC;42.0;5159.0;Doutor Pedrinho;3604.0;3539.0;3637.0;33.0
4393;SC;42.0;5175.0;Entre Rios;3018.0;3018.0;3402.0;384.0
4394;SC;42.0;5191.0;Ermo;2050.0;2050.0;2269.0;219.0
4395;SC;42.0;5209.0;Erval Velho;4352.0;4290.0;4885.0;533.0
4396;SC;42.0;5308.0;Faxinal dos Guedes;10661.0;10661.0;11192.0;531.0
4397;SC;42.0;5357.0;Flor do Sertão;1588.0;1588.0;1783.0;195.0
4398;SC;42.0;5407.0;Florianópolis;421240.0;421240.0;537211.0;115971.0
4399;SC;42.0;5431.0;Formosa do Sul;2601.0;2601.0;2682.0;81.0
4400;SC;42.0;5456.0;Forquilhinha;22548.0;22548.0;31431.0;8883.0
4401;SC;42.0;5506.0;Fraiburgo;34553.0;34556.0;33481.0;-1072.0
4402;SC;42.0;5555.0;Frei Rogério;2474.0;2474.0;2411.0;-63.0
4403;SC;42.0;5605.0;Galvão;3472.0;3567.0;3210.0;-262.0
4404;SC;42.0;5704.0;Garopaba;18138.0;18138.0;29959.0;11821.0
4405;SC;42.0;5803.0;Garuva;14761.0;14761.0;18545.0;3784.0
4406;SC;42.0;5902.0;Gaspar;57981.0;57990.0;72570.0;14589.0
4407;SC;42.0;6009.0;Governador Celso Ramos;12999.0;12999.0;16915.0;3916.0
4408;SC;42.0;6108.0;Grão-Pará;6223.0;6223.0;6277.0;54.0
4409;SC;42.0;6207.0;Gravatal;10635.0;10618.0;12435.0;1800.0
4410;SC;42.0;6306.0;Guabiruba;18430.0;18430.0;24543.0;6113.0
4411;SC;42.0;6405.0;Guaraciaba;10498.0;10498.0;10796.0;298.0
4412;SC;42.0;6504.0;Guaramirim;35172.0;35172.0;46711.0;11539.0
4413;SC;42.0;6603.0;Guarujá do Sul;4908.0;4908.0;4829.0;-79.0
4414;SC;42.0;6652.0;Guatambú;4679.0;4679.0;8425.0;3746.0
4415;SC;42.0;6702.0;Herval d'Oeste;21239.0;21246.0;21724.0;485.0
4416;SC;42.0;6751.0;Ibiam;1945.0;1945.0;2008.0;63.0
4417;SC;42.0;6801.0;Ibicaré;3373.0;3373.0;3269.0;-104.0
4418;SC;42.0;6900.0;Ibirama;17330.0;17315.0;19862.0;2532.0
4419;SC;42.0;7007.0;Içara;58833.0;47982.0;59035.0;202.0
4420;SC;42.0;7106.0;Ilhota;12355.0;12355.0;17046.0;4691.0
4421;SC;42.0;7205.0;Imaruí;11672.0;11673.0;11881.0;209.0
4422;SC;42.0;7304.0;Imbituba;40170.0;40170.0;52579.0;12409.0
4423;SC;42.0;7403.0;Imbuia;5707.0;5699.0;5982.0;275.0
4424;SC;42.0;7502.0;Indaial;54854.0;54854.0;71549.0;16695.0
4425;SC;42.0;7577.0;Iomerê;2739.0;2739.0;2877.0;138.0
4426;SC;42.0;7601.0;Ipira;4752.0;4735.0;4578.0;-174.0
4427;SC;42.0;7650.0;Iporã do Oeste;8409.0;8400.0;9335.0;926.0
4428;SC;42.0;7684.0;Ipuaçu;6798.0;6798.0;7730.0;932.0
4429;SC;42.0;7700.0;Ipumirim;7220.0;7220.0;7816.0;596.0
4430;SC;42.0;7759.0;Iraceminha;4253.0;4257.0;3986.0;-267.0
4431;SC;42.0;7809.0;Irani;9531.0;9531.0;10195.0;664.0
4432;SC;42.0;7858.0;Irati;2096.0;2096.0;2069.0;-27.0
4433;SC;42.0;7908.0;Irineópolis;10448.0;10434.0;10285.0;-163.0
4434;SC;42.0;8005.0;Itá;6426.0;6426.0;7067.0;641.0
4435;SC;42.0;8104.0;Itaiópolis;20301.0;20301.0;22051.0;1750.0
4436;SC;42.0;8203.0;Itajaí;183373.0;183373.0;264054.0;80681.0
4437;SC;42.0;8302.0;Itapema;45797.0;45797.0;75940.0;30143.0
4438;SC;42.0;8401.0;Itapiranga;15409.0;15371.0;16638.0;1229.0
4439;SC;42.0;8450.0;Itapoá;14763.0;14763.0;30750.0;15987.0
4440;SC;42.0;8500.0;Ituporanga;22250.0;22226.0;26525.0;4275.0
4441;SC;42.0;8609.0;Jaborá;4041.0;4041.0;4310.0;269.0
4442;SC;42.0;8708.0;Jacinto Machado;10609.0;10608.0;10624.0;15.0
4443;SC;42.0;8807.0;Jaguaruna;17290.0;17290.0;20375.0;3085.0
4444;SC;42.0;8906.0;Jaraguá do Sul;143123.0;143132.0;182660.0;39537.0
4445;SC;42.0;8955.0;Jardinópolis;1766.0;1769.0;1776.0;10.0
4446;SC;42.0;9003.0;Joaçaba;27020.0;27020.0;30146.0;3126.0
4447;SC;42.0;9102.0;Joinville;515288.0;515288.0;616317.0;101029.0
4448;SC;42.0;9151.0;José Boiteux;4721.0;4812.0;5985.0;1264.0
4449;SC;42.0;9177.0;Jupiá;2148.0;2148.0;2555.0;407.0
4450;SC;42.0;9201.0;Lacerdópolis;2199.0;2199.0;2248.0;49.0
4451;SC;42.0;9300.0;Lages;156727.0;156727.0;164981.0;8254.0
4452;SC;42.0;9409.0;Laguna;51562.0;42255.0;42785.0;-8777.0
4453;SC;42.0;9458.0;Lajeado Grande;1490.0;1490.0;1702.0;212.0
4454;SC;42.0;9508.0;Laurentino;6004.0;6007.0;7932.0;1928.0
4455;SC;42.0;9607.0;Lauro Müller;14367.0;14367.0;14381.0;14.0
4456;SC;42.0;9706.0;Lebon Régis;11838.0;11838.0;11472.0;-366.0
4457;SC;42.0;9805.0;Leoberto Leal;3365.0;3365.0;3330.0;-35.0
4458;SC;42.0;9854.0;Lindóia do Sul;4642.0;4642.0;4549.0;-93.0
4459;SC;42.0;9904.0;Lontras;10244.0;10244.0;12873.0;2629.0
4460;SC;42.0;10001.0;Luiz Alves;10438.0;10405.0;11684.0;1246.0
4461;SC;42.0;10035.0;Luzerna;5600.0;5600.0;5794.0;194.0
4462;SC;42.0;10050.0;Macieira;1826.0;1826.0;1778.0;-48.0
4463;SC;42.0;10100.0;Mafra;52912.0;52912.0;55286.0;2374.0
4464;SC;42.0;10209.0;Major Gercino;3279.0;3279.0;3214.0;-65.0
4465;SC;42.0;10308.0;Major Vieira;7479.0;7479.0;7425.0;-54.0
4466;SC;42.0;10407.0;Maracajá;6404.0;6404.0;7815.0;1411.0
4467;SC;42.0;10506.0;Maravilha;22101.0;22116.0;28251.0;6150.0
4468;SC;42.0;10555.0;Marema;2203.0;2203.0;2184.0;-19.0
4469;SC;42.0;10605.0;Massaranduba;14674.0;14736.0;17162.0;2488.0
4470;SC;42.0;10704.0;Matos Costa;2839.0;2839.0;2761.0;-78.0
4471;SC;42.0;10803.0;Meleiro;7000.0;7018.0;7006.0;6.0
4472;SC;42.0;10852.0;Mirim Doce;2513.0;2513.0;2511.0;-2.0
4473;SC;42.0;10902.0;Modelo;4045.0;4057.0;4080.0;35.0
4474;SC;42.0;11009.0;Mondaí;10231.0;10205.0;10066.0;-165.0
4475;SC;42.0;11058.0;Monte Carlo;9312.0;9337.0;9117.0;-195.0
4476;SC;42.0;11108.0;Monte Castelo;8346.0;8194.0;7736.0;-610.0
4477;SC;42.0;11207.0;Morro da Fumaça;16126.0;16126.0;18537.0;2411.0
4478;SC;42.0;11256.0;Morro Grande;2890.0;2890.0;3010.0;120.0
4479;SC;42.0;11306.0;Navegantes;60556.0;60556.0;86401.0;25845.0
4480;SC;42.0;11405.0;Nova Erechim;4275.0;4275.0;5155.0;880.0
4481;SC;42.0;11454.0;Nova Itaberaba;4267.0;4278.0;4536.0;269.0
4482;SC;42.0;11504.0;Nova Trento;12190.0;12190.0;13727.0;1537.0
4483;SC;42.0;11603.0;Nova Veneza;13309.0;13312.0;13664.0;355.0
4484;SC;42.0;11652.0;Novo Horizonte;2750.0;2750.0;2643.0;-107.0
4485;SC;42.0;11702.0;Orleans;21393.0;21393.0;23661.0;2268.0
4486;SC;42.0;11751.0;Otacílio Costa;16337.0;16337.0;17312.0;975.0
4487;SC;42.0;11801.0;Ouro;7372.0;7376.0;7032.0;-340.0
4488;SC;42.0;11850.0;Ouro Verde;2271.0;2271.0;2181.0;-90.0
4489;SC;42.0;11876.0;Paial;1763.0;1763.0;1927.0;164.0
4490;SC;42.0;11892.0;Painel;2353.0;2353.0;2215.0;-138.0
4491;SC;42.0;11900.0;Palhoça;137334.0;137334.0;222598.0;85264.0
4492;SC;42.0;12007.0;Palma Sola;7765.0;7765.0;7605.0;-160.0
4493;SC;42.0;12056.0;Palmeira;2373.0;2373.0;2561.0;188.0
4494;SC;42.0;12106.0;Palmitos;16020.0;16020.0;15626.0;-394.0
4495;SC;42.0;12205.0;Papanduva;17928.0;18080.0;19150.0;1222.0
4496;SC;42.0;12239.0;Paraíso;4080.0;4080.0;4267.0;187.0
4497;SC;42.0;12254.0;Passo de Torres;6627.0;6627.0;12897.0;6270.0
4498;SC;42.0;12270.0;Passos Maia;4425.0;4425.0;4034.0;-391.0
4499;SC;42.0;12304.0;Paulo Lopes;6692.0;6692.0;9063.0;2371.0
4500;SC;42.0;12403.0;Pedras Grandes;4107.0;4120.0;4245.0;138.0
4501;SC;42.0;12502.0;Penha;25141.0;25141.0;33663.0;8522.0
4502;SC;42.0;12601.0;Peritiba;2988.0;2988.0;2992.0;4.0
4503;SC;42.0;12650.0;Pescaria Brava;0.0;9307.0;10190.0;10190.0
4504;SC;42.0;12700.0;Petrolândia;6131.0;6136.0;6716.0;585.0
4505;SC;42.0;12809.0;Balneário Piçarras;17078.0;17078.0;27127.0;10049.0
4506;SC;42.0;12908.0;Pinhalzinho;16332.0;16346.0;21972.0;5640.0
4507;SC;42.0;13005.0;Pinheiro Preto;3147.0;3127.0;3473.0;326.0
4508;SC;42.0;13104.0;Piratuba;4786.0;4786.0;5769.0;983.0
4509;SC;42.0;13153.0;Planalto Alegre;2654.0;2650.0;2946.0;292.0
4510;SC;42.0;13203.0;Pomerode;27759.0;27778.0;34289.0;6530.0
4511;SC;42.0;13302.0;Ponte Alta;4894.0;4894.0;4437.0;-457.0
4512;SC;42.0;13351.0;Ponte Alta do Norte;3303.0;3303.0;3210.0;-93.0
4513;SC;42.0;13401.0;Ponte Serrada;11031.0;11031.0;10649.0;-382.0
4514;SC;42.0;13500.0;Porto Belo;16083.0;16083.0;27688.0;11605.0
4515;SC;42.0;13609.0;Porto União;33493.0;33493.0;32970.0;-523.0
4516;SC;42.0;13708.0;Pouso Redondo;14810.0;14810.0;17123.0;2313.0
4517;SC;42.0;13807.0;Praia Grande;7267.0;7262.0;8270.0;1003.0
4518;SC;42.0;13906.0;Presidente Castello Branco;1725.0;1734.0;1689.0;-36.0
4519;SC;42.0;14003.0;Presidente Getúlio;14887.0;14883.0;20010.0;5123.0
4520;SC;42.0;14102.0;Presidente Nereu;2284.0;2284.0;2301.0;17.0
4521;SC;42.0;14151.0;Princesa;2758.0;2758.0;2964.0;206.0
4522;SC;42.0;14201.0;Quilombo;10248.0;10248.0;11022.0;774.0
4523;SC;42.0;14300.0;Rancho Queimado;2748.0;2744.0;3279.0;531.0
4524;SC;42.0;14409.0;Rio das Antas;6143.0;6129.0;6253.0;110.0
4525;SC;42.0;14508.0;Rio do Campo;6192.0;6192.0;6452.0;260.0
4526;SC;42.0;14607.0;Rio do Oeste;7090.0;7072.0;7747.0;657.0
4527;SC;42.0;14706.0;Rio dos Cedros;10284.0;10286.0;10865.0;581.0
4528;SC;42.0;14805.0;Rio do Sul;61198.0;61297.0;72587.0;11389.0
4529;SC;42.0;14904.0;Rio Fortuna;4446.0;4446.0;4847.0;401.0
4530;SC;42.0;15000.0;Rio Negrinho;39846.0;39851.0;39261.0;-585.0
4531;SC;42.0;15059.0;Rio Rufino;2436.0;2436.0;2397.0;-39.0
4532;SC;42.0;15075.0;Riqueza;4838.0;4860.0;4768.0;-70.0
4533;SC;42.0;15109.0;Rodeio;10922.0;10922.0;12757.0;1835.0
4534;SC;42.0;15208.0;Romelândia;5551.0;5637.0;4823.0;-728.0
4535;SC;42.0;15307.0;Salete;7370.0;7370.0;7489.0;119.0
4536;SC;42.0;15356.0;Saltinho;3961.0;3966.0;3632.0;-329.0
4537;SC;42.0;15406.0;Salto Veloso;4301.0;4301.0;4390.0;89.0
4538;SC;42.0;15455.0;Sangão;10400.0;10400.0;12882.0;2482.0
4539;SC;42.0;15505.0;Santa Cecília;15757.0;15757.0;15546.0;-211.0
4540;SC;42.0;15554.0;Santa Helena;2382.0;2395.0;2425.0;43.0
4541;SC;42.0;15604.0;Santa Rosa de Lima;2065.0;2065.0;2088.0;23.0
4542;SC;42.0;15653.0;Santa Rosa do Sul;8054.0;8043.0;9792.0;1738.0
4543;SC;42.0;15679.0;Santa Terezinha;8767.0;8767.0;8066.0;-701.0
4544;SC;42.0;15687.0;Santa Terezinha do Progresso;2896.0;2896.0;2576.0;-320.0
4545;SC;42.0;15695.0;Santiago do Sul;1465.0;1465.0;1651.0;186.0
4546;SC;42.0;15703.0;Santo Amaro da Imperatriz;19823.0;19823.0;27272.0;7449.0
4547;SC;42.0;15752.0;São Bernardino;2677.0;2744.0;2684.0;7.0
4548;SC;42.0;15802.0;São Bento do Sul;74801.0;74796.0;83277.0;8476.0
4549;SC;42.0;15901.0;São Bonifácio;3008.0;3008.0;2946.0;-62.0
4550;SC;42.0;16008.0;São Carlos;10291.0;10291.0;10282.0;-9.0
4551;SC;42.0;16057.0;São Cristóvão do Sul;5012.0;5012.0;6084.0;1072.0
4552;SC;42.0;16107.0;São Domingos;9491.0;9396.0;9226.0;-265.0
4553;SC;42.0;16206.0;São Francisco do Sul;42520.0;42520.0;52674.0;10154.0
4554;SC;42.0;16255.0;São João do Oeste;6036.0;6080.0;6295.0;259.0
4555;SC;42.0;16305.0;São João Batista;26260.0;26260.0;32687.0;6427.0
4556;SC;42.0;16354.0;São João do Itaperiú;3435.0;3435.0;4463.0;1028.0
4557;SC;42.0;16404.0;São João do Sul;7002.0;7018.0;8668.0;1666.0
4558;SC;42.0;16503.0;São Joaquim;24812.0;24812.0;25939.0;1127.0
4559;SC;42.0;16602.0;São José;209804.0;209804.0;270299.0;60495.0
4560;SC;42.0;16701.0;São José do Cedro;13684.0;13684.0;14167.0;483.0
4561;SC;42.0;16800.0;São José do Cerrito;9273.0;9273.0;8708.0;-565.0
4562;SC;42.0;16909.0;São Lourenço do Oeste;21792.0;21725.0;24791.0;2999.0
4563;SC;42.0;17006.0;São Ludgero;10993.0;10998.0;13509.0;2516.0
4564;SC;42.0;17105.0;São Martinho;3209.0;3209.0;3405.0;196.0
4565;SC;42.0;17154.0;São Miguel da Boa Vista;1904.0;1909.0;1781.0;-123.0
4566;SC;42.0;17204.0;São Miguel do Oeste;36306.0;36306.0;44330.0;8024.0
4567;SC;42.0;17253.0;São Pedro de Alcântara;4704.0;4704.0;5776.0;1072.0
4568;SC;42.0;17303.0;Saudades;9016.0;8994.0;10265.0;1249.0
4569;SC;42.0;17402.0;Schroeder;15316.0;15316.0;20061.0;4745.0
4570;SC;42.0;17501.0;Seara;16936.0;16936.0;18620.0;1684.0
4571;SC;42.0;17550.0;Serra Alta;3285.0;3272.0;3303.0;18.0
4572;SC;42.0;17600.0;Siderópolis;12998.0;12998.0;13714.0;716.0
4573;SC;42.0;17709.0;Sombrio;26613.0;26613.0;29991.0;3378.0
4574;SC;42.0;17758.0;Sul Brasil;2766.0;2768.0;2832.0;66.0
4575;SC;42.0;17808.0;Taió;17260.0;17260.0;18310.0;1050.0
4576;SC;42.0;17907.0;Tangará;8674.0;8665.0;8143.0;-531.0
4577;SC;42.0;17956.0;Tigrinhos;1757.0;1730.0;2329.0;572.0
4578;SC;42.0;18004.0;Tijucas;30960.0;30960.0;51592.0;20632.0
4579;SC;42.0;18103.0;Timbé do Sul;5308.0;5308.0;5386.0;78.0
4580;SC;42.0;18202.0;Timbó;36774.0;36774.0;46099.0;9325.0
4581;SC;42.0;18251.0;Timbó Grande;7167.0;7167.0;7342.0;175.0
4582;SC;42.0;18301.0;Três Barras;18129.0;18129.0;19746.0;1617.0
4583;SC;42.0;18350.0;Treviso;3527.0;3527.0;3782.0;255.0
4584;SC;42.0;18400.0;Treze de Maio;6876.0;6859.0;7362.0;486.0
4585;SC;42.0;18509.0;Treze Tílias;6341.0;6341.0;8787.0;2446.0
4586;SC;42.0;18608.0;Trombudo Central;6553.0;6567.0;7274.0;721.0
4587;SC;42.0;18707.0;Tubarão;97235.0;97249.0;110088.0;12853.0
4588;SC;42.0;18756.0;Tunápolis;4633.0;4633.0;4916.0;283.0
4589;SC;42.0;18806.0;Turvo;11854.0;11855.0;13043.0;1189.0
4590;SC;42.0;18855.0;União do Oeste;2910.0;2892.0;2774.0;-136.0
4591;SC;42.0;18905.0;Urubici;10699.0;10699.0;10834.0;135.0
4592;SC;42.0;18954.0;Urupema;2482.0;2482.0;2656.0;174.0
4593;SC;42.0;19002.0;Urussanga;20223.0;20223.0;20919.0;696.0
4594;SC;42.0;19101.0;Vargeão;3532.0;3532.0;3634.0;102.0
4595;SC;42.0;19150.0;Vargem;2808.0;2843.0;2627.0;-181.0
4596;SC;42.0;19176.0;Vargem Bonita;4793.0;4793.0;4576.0;-217.0
4597;SC;42.0;19200.0;Vidal Ramos;6290.0;6310.0;6189.0;-101.0
4598;SC;42.0;19309.0;Videira;47188.0;47228.0;55466.0;8278.0
4599;SC;42.0;19358.0;Vitor Meireles;5207.0;5222.0;5370.0;163.0
4600;SC;42.0;19408.0;Witmarsum;3600.0;3596.0;4255.0;655.0
4601;SC;42.0;19507.0;Xanxerê;44128.0;44128.0;51607.0;7479.0
4602;SC;42.0;19606.0;Xavantina;4142.0;4142.0;3653.0;-489.0
4603;SC;42.0;19705.0;Xaxim;25713.0;25713.0;31918.0;6205.0
4604;SC;42.0;19853.0;Zortéa;2991.0;2991.0;3930.0;939.0
4605;SC;42.0;20000.0;Balneário Rincão;0.0;10851.0;15981.0;15981.0
4606;RS;43.0;34.0;Aceguá;4394.0;4394.0;4170.0;-224.0
4607;RS;43.0;59.0;Água Santa;3722.0;3722.0;3912.0;190.0
4608;RS;43.0;109.0;Agudo;16722.0;16722.0;16041.0;-681.0
4609;RS;43.0;208.0;Ajuricaba;7255.0;7255.0;6720.0;-535.0
4610;RS;43.0;307.0;Alecrim;7045.0;7045.0;6123.0;-922.0
4611;RS;43.0;406.0;Alegrete;77653.0;77653.0;72409.0;-5244.0
4612;RS;43.0;455.0;Alegria;4301.0;4294.0;3651.0;-650.0
4613;RS;43.0;471.0;Almirante Tamandaré do Sul;2067.0;2067.0;1969.0;-98.0
4614;RS;43.0;505.0;Alpestre;8027.0;8027.0;7117.0;-910.0
4615;RS;43.0;554.0;Alto Alegre;1848.0;1848.0;1800.0;-48.0
4616;RS;43.0;570.0;Alto Feliz;2917.0;2891.0;3072.0;155.0
4617;RS;43.0;604.0;Alvorada;195673.0;195673.0;187315.0;-8358.0
4618;RS;43.0;638.0;Amaral Ferrador;6353.0;6353.0;5310.0;-1043.0
4619;RS;43.0;646.0;Ametista do Sul;7323.0;7323.0;7650.0;327.0
4620;RS;43.0;661.0;André da Rocha;1216.0;1216.0;1135.0;-81.0
4621;RS;43.0;703.0;Anta Gorda;6073.0;6066.0;5957.0;-116.0
4622;RS;43.0;802.0;Antônio Prado;12833.0;12831.0;13045.0;212.0
4623;RS;43.0;851.0;Arambaré;3693.0;3693.0;4112.0;419.0
4624;RS;43.0;877.0;Araricá;4864.0;4864.0;8525.0;3661.0
4625;RS;43.0;901.0;Aratiba;6565.0;6565.0;6483.0;-82.0
4626;RS;43.0;1008.0;Arroio do Meio;18783.0;18783.0;21958.0;3175.0
4627;RS;43.0;1057.0;Arroio do Sal;7740.0;7740.0;11057.0;3317.0
4628;RS;43.0;1073.0;Arroio do Padre;2730.0;2730.0;2599.0;-131.0
4629;RS;43.0;1107.0;Arroio dos Ratos;13606.0;13606.0;14601.0;995.0
4630;RS;43.0;1206.0;Arroio do Tigre;12648.0;12708.0;12058.0;-590.0
4631;RS;43.0;1305.0;Arroio Grande;18470.0;18470.0;17558.0;-912.0
4632;RS;43.0;1404.0;Arvorezinha;10225.0;10194.0;10322.0;97.0
4633;RS;43.0;1503.0;Augusto Pestana;7096.0;7116.0;7149.0;53.0
4634;RS;43.0;1552.0;Áurea;3665.0;3665.0;3396.0;-269.0
4635;RS;43.0;1602.0;Bagé;116794.0;116794.0;117938.0;1144.0
4636;RS;43.0;1636.0;Balneário Pinhal;10856.0;10856.0;14955.0;4099.0
4637;RS;43.0;1651.0;Barão;5741.0;5735.0;6461.0;720.0
4638;RS;43.0;1701.0;Barão de Cotegipe;6529.0;6526.0;7144.0;615.0
4639;RS;43.0;1750.0;Barão do Triunfo;7018.0;7018.0;5889.0;-1129.0
4640;RS;43.0;1800.0;Barracão;5357.0;5357.0;4831.0;-526.0
4641;RS;43.0;1859.0;Barra do Guarita;3089.0;3089.0;3161.0;72.0
4642;RS;43.0;1875.0;Barra do Quaraí;4012.0;4012.0;4241.0;229.0
4643;RS;43.0;1909.0;Barra do Ribeiro;12572.0;12572.0;12225.0;-347.0
4644;RS;43.0;1925.0;Barra do Rio Azul;2003.0;2003.0;1696.0;-307.0
4645;RS;43.0;1958.0;Barra Funda;2367.0;2367.0;2498.0;131.0
4646;RS;43.0;2006.0;Barros Cassal;11133.0;11133.0;9296.0;-1837.0
4647;RS;43.0;2055.0;Benjamin Constant do Sul;2307.0;2307.0;2082.0;-225.0
4648;RS;43.0;2105.0;Bento Gonçalves;107278.0;104659.0;123151.0;15873.0
4649;RS;43.0;2154.0;Boa Vista das Missões;2114.0;2114.0;1933.0;-181.0
4650;RS;43.0;2204.0;Boa Vista do Buricá;6574.0;6574.0;6966.0;392.0
4651;RS;43.0;2220.0;Boa Vista do Cadeado;2441.0;2441.0;2229.0;-212.0
4652;RS;43.0;2238.0;Boa Vista do Incra;2425.0;2425.0;2271.0;-154.0
4653;RS;43.0;2253.0;Boa Vista do Sul;2776.0;2776.0;2779.0;3.0
4654;RS;43.0;2303.0;Bom Jesus;11519.0;11519.0;11202.0;-317.0
4655;RS;43.0;2352.0;Bom Princípio;11789.0;11789.0;13142.0;1353.0
4656;RS;43.0;2378.0;Bom Progresso;2328.0;2328.0;2096.0;-232.0
4657;RS;43.0;2402.0;Bom Retiro do Sul;11472.0;11472.0;12294.0;822.0
4658;RS;43.0;2451.0;Boqueirão do Leão;7673.0;7673.0;6247.0;-1426.0
4659;RS;43.0;2501.0;Bossoroca;6884.0;6884.0;5890.0;-994.0
4660;RS;43.0;2584.0;Bozano;2200.0;2200.0;2151.0;-49.0
4661;RS;43.0;2600.0;Braga;3702.0;3702.0;3268.0;-434.0
4662;RS;43.0;2659.0;Brochier;4675.0;4675.0;4966.0;291.0
4663;RS;43.0;2709.0;Butiá;20406.0;20406.0;19084.0;-1322.0
4664;RS;43.0;2808.0;Caçapava do Sul;33690.0;33690.0;32515.0;-1175.0
4665;RS;43.0;2907.0;Cacequi;13676.0;13676.0;11157.0;-2519.0
4666;RS;43.0;3004.0;Cachoeira do Sul;83827.0;83827.0;80070.0;-3757.0
4667;RS;43.0;3103.0;Cachoeirinha;118278.0;118278.0;136258.0;17980.0
4668;RS;43.0;3202.0;Cacique Doble;4868.0;4868.0;4603.0;-265.0
4669;RS;43.0;3301.0;Caibaté;4954.0;4967.0;4704.0;-250.0
4670;RS;43.0;3400.0;Caiçara;5071.0;5071.0;4836.0;-235.0
4671;RS;43.0;3509.0;Camaquã;62764.0;62764.0;62200.0;-564.0
4672;RS;43.0;3558.0;Camargo;2592.0;2592.0;2981.0;389.0
4673;RS;43.0;3608.0;Cambará do Sul;6542.0;6542.0;6361.0;-181.0
4674;RS;43.0;3673.0;Campestre da Serra;3247.0;3247.0;3242.0;-5.0
4675;RS;43.0;3707.0;Campina das Missões;6117.0;6117.0;5882.0;-235.0
4676;RS;43.0;3806.0;Campinas do Sul;5506.0;5506.0;5284.0;-222.0
4677;RS;43.0;3905.0;Campo Bom;60074.0;62091.0;62886.0;2812.0
4678;RS;43.0;4002.0;Campo Novo;5459.0;5459.0;4975.0;-484.0
4679;RS;43.0;4101.0;Campos Borges;3494.0;3494.0;3613.0;119.0
4680;RS;43.0;4200.0;Candelária;30171.0;30171.0;28906.0;-1265.0
4681;RS;43.0;4309.0;Cândido Godói;6535.0;6535.0;6294.0;-241.0
4682;RS;43.0;4358.0;Candiota;8771.0;8771.0;10710.0;1939.0
4683;RS;43.0;4408.0;Canela;39229.0;39227.0;48946.0;9717.0
4684;RS;43.0;4507.0;Canguçu;53259.0;53259.0;49680.0;-3579.0
4685;RS;43.0;4606.0;Canoas;323827.0;323827.0;347657.0;23830.0
4686;RS;43.0;4614.0;Canudos do Vale;1807.0;1809.0;1656.0;-151.0
4687;RS;43.0;4622.0;Capão Bonito do Sul;1754.0;1754.0;1733.0;-21.0
4688;RS;43.0;4630.0;Capão da Canoa;42040.0;42040.0;63594.0;21554.0
4689;RS;43.0;4655.0;Capão do Cipó;3104.0;3104.0;3119.0;15.0
4690;RS;43.0;4663.0;Capão do Leão;24298.0;24298.0;26487.0;2189.0
4691;RS;43.0;4671.0;Capivari do Sul;3890.0;3890.0;3991.0;101.0
4692;RS;43.0;4689.0;Capela de Santana;11612.0;10462.0;11159.0;-453.0
4693;RS;43.0;4697.0;Capitão;2636.0;2636.0;2921.0;285.0
4694;RS;43.0;4705.0;Carazinho;59317.0;59317.0;61804.0;2487.0
4695;RS;43.0;4713.0;Caraá;7312.0;7312.0;7394.0;82.0
4696;RS;43.0;4804.0;Carlos Barbosa;25192.0;25162.0;30420.0;5228.0
4697;RS;43.0;4853.0;Carlos Gomes;1607.0;1607.0;1368.0;-239.0
4698;RS;43.0;4903.0;Casca;8651.0;8651.0;9465.0;814.0
4699;RS;43.0;4952.0;Caseiros;3007.0;3007.0;3000.0;-7.0
4700;RS;43.0;5009.0;Catuípe;9323.0;9325.0;8674.0;-649.0
4701;RS;43.0;5108.0;Caxias do Sul;435564.0;435551.0;463501.0;27937.0
4702;RS;43.0;5116.0;Centenário;2965.0;2965.0;2721.0;-244.0
4703;RS;43.0;5124.0;Cerrito;6402.0;6402.0;5808.0;-594.0
4704;RS;43.0;5132.0;Cerro Branco;4454.0;4454.0;3802.0;-652.0
4705;RS;43.0;5157.0;Cerro Grande;2417.0;2417.0;2379.0;-38.0
4706;RS;43.0;5173.0;Cerro Grande do Sul;10268.0;10268.0;9178.0;-1090.0
4707;RS;43.0;5207.0;Cerro Largo;13289.0;13289.0;13705.0;416.0
4708;RS;43.0;5306.0;Chapada;9377.0;9377.0;9540.0;163.0
4709;RS;43.0;5355.0;Charqueadas;35320.0;35320.0;35012.0;-308.0
4710;RS;43.0;5371.0;Charrua;3471.0;3471.0;2768.0;-703.0
4711;RS;43.0;5405.0;Chiapetta;4044.0;4044.0;3913.0;-131.0
4712;RS;43.0;5439.0;Chuí;5917.0;5917.0;6262.0;345.0
4713;RS;43.0;5447.0;Chuvisca;4944.0;4944.0;4597.0;-347.0
4714;RS;43.0;5454.0;Cidreira;12668.0;12668.0;17071.0;4403.0
4715;RS;43.0;5504.0;Ciríaco;4922.0;4922.0;4149.0;-773.0
4716;RS;43.0;5587.0;Colinas;2420.0;2452.0;2423.0;3.0
4717;RS;43.0;5603.0;Colorado;3550.0;3550.0;3258.0;-292.0
4718;RS;43.0;5702.0;Condor;6552.0;6552.0;6406.0;-146.0
4719;RS;43.0;5801.0;Constantina;9752.0;9752.0;10385.0;633.0
4720;RS;43.0;5835.0;Coqueiro Baixo;1528.0;1528.0;1290.0;-238.0
4721;RS;43.0;5850.0;Coqueiros do Sul;2457.0;2457.0;2211.0;-246.0
4722;RS;43.0;5871.0;Coronel Barros;2459.0;2459.0;2822.0;363.0
4723;RS;43.0;5900.0;Coronel Bicaco;7748.0;7748.0;6144.0;-1604.0
4724;RS;43.0;5934.0;Coronel Pilar;1725.0;1725.0;1607.0;-118.0
4725;RS;43.0;5959.0;Cotiporã;3917.0;3917.0;3846.0;-71.0
4726;RS;43.0;5975.0;Coxilha;2826.0;2826.0;2667.0;-159.0
4727;RS;43.0;6007.0;Crissiumal;14084.0;14084.0;12886.0;-1198.0
4728;RS;43.0;6056.0;Cristal;7280.0;7280.0;7299.0;19.0
4729;RS;43.0;6072.0;Cristal do Sul;2826.0;2826.0;2692.0;-134.0
4730;RS;43.0;6106.0;Cruz Alta;62821.0;62821.0;58913.0;-3908.0
4731;RS;43.0;6130.0;Cruzaltense;2141.0;2141.0;1635.0;-506.0
4732;RS;43.0;6205.0;Cruzeiro do Sul;12320.0;11549.0;11600.0;-720.0
4733;RS;43.0;6304.0;David Canabarro;4683.0;4683.0;4321.0;-362.0
4734;RS;43.0;6320.0;Derrubadas;3190.0;3190.0;2751.0;-439.0
4735;RS;43.0;6353.0;Dezesseis de Novembro;2866.0;2866.0;2507.0;-359.0
4736;RS;43.0;6379.0;Dilermando de Aguiar;3064.0;3063.0;2806.0;-258.0
4737;RS;43.0;6403.0;Dois Irmãos;27572.0;27572.0;30709.0;3137.0
4738;RS;43.0;6429.0;Dois Irmãos das Missões;2157.0;2157.0;2090.0;-67.0
4739;RS;43.0;6452.0;Dois Lajeados;3278.0;3278.0;3097.0;-181.0
4740;RS;43.0;6502.0;Dom Feliciano;14380.0;14380.0;13051.0;-1329.0
4741;RS;43.0;6551.0;Dom Pedro de Alcântara;2550.0;2550.0;2562.0;12.0
4742;RS;43.0;6601.0;Dom Pedrito;38898.0;38898.0;36981.0;-1917.0
4743;RS;43.0;6700.0;Dona Francisca;3401.0;3401.0;3079.0;-322.0
4744;RS;43.0;6734.0;Doutor Maurício Cardoso;5313.0;5313.0;4470.0;-843.0
4745;RS;43.0;6759.0;Doutor Ricardo;2030.0;2022.0;1888.0;-142.0
4746;RS;43.0;6767.0;Eldorado do Sul;34343.0;34343.0;39559.0;5216.0
4747;RS;43.0;6809.0;Encantado;20510.0;20513.0;22962.0;2452.0
4748;RS;43.0;6908.0;Encruzilhada do Sul;24534.0;24534.0;23819.0;-715.0
4749;RS;43.0;6924.0;Engenho Velho;1527.0;1527.0;1296.0;-231.0
4750;RS;43.0;6932.0;Entre-Ijuís;8938.0;8938.0;9158.0;220.0
4751;RS;43.0;6957.0;Entre Rios do Sul;3080.0;3080.0;2685.0;-395.0
4752;RS;43.0;6973.0;Erebango;2970.0;2965.0;3054.0;84.0
4753;RS;43.0;7005.0;Erechim;96087.0;96085.0;105705.0;9618.0
4754;RS;43.0;7054.0;Ernestina;3088.0;3088.0;3034.0;-54.0
4755;RS;43.0;7104.0;Herval;6753.0;6753.0;6191.0;-562.0
4756;RS;43.0;7203.0;Erval Grande;5163.0;5163.0;4930.0;-233.0
4757;RS;43.0;7302.0;Erval Seco;7878.0;7863.0;6787.0;-1091.0
4758;RS;43.0;7401.0;Esmeralda;3168.0;3168.0;3195.0;27.0
4759;RS;43.0;7450.0;Esperança do Sul;3272.0;3272.0;3226.0;-46.0
4760;RS;43.0;7500.0;Espumoso;15240.0;15240.0;15173.0;-67.0
4761;RS;43.0;7559.0;Estação;6011.0;6011.0;5582.0;-429.0
4762;RS;43.0;7609.0;Estância Velha;42574.0;42574.0;47924.0;5350.0
4763;RS;43.0;7708.0;Esteio;80755.0;80755.0;76137.0;-4618.0
4764;RS;43.0;7807.0;Estrela;30619.0;30619.0;32183.0;1564.0
4765;RS;43.0;7815.0;Estrela Velha;3628.0;3628.0;3070.0;-558.0
4766;RS;43.0;7831.0;Eugênio de Castro;2798.0;2778.0;2633.0;-165.0
4767;RS;43.0;7864.0;Fagundes Varela;2579.0;2579.0;2566.0;-13.0
4768;RS;43.0;7906.0;Farroupilha;63635.0;63675.0;70286.0;6651.0
4769;RS;43.0;8003.0;Faxinal do Soturno;6672.0;6672.0;6702.0;30.0
4770;RS;43.0;8052.0;Faxinalzinho;2567.0;2567.0;2520.0;-47.0
4771;RS;43.0;8078.0;Fazenda Vilanova;3697.0;3697.0;4291.0;594.0
4772;RS;43.0;8102.0;Feliz;12359.0;12359.0;13764.0;1405.0
4773;RS;43.0;8201.0;Flores da Cunha;27126.0;27139.0;30892.0;3766.0
4774;RS;43.0;8250.0;Floriano Peixoto;2018.0;2018.0;1668.0;-350.0
4775;RS;43.0;8300.0;Fontoura Xavier;10719.0;10719.0;9550.0;-1169.0
4776;RS;43.0;8409.0;Formigueiro;7014.0;7014.0;6413.0;-601.0
4777;RS;43.0;8433.0;Forquetinha;2479.0;2479.0;2393.0;-86.0
4778;RS;43.0;8458.0;Fortaleza dos Valos;4575.0;4575.0;4477.0;-98.0
4779;RS;43.0;8508.0;Frederico Westphalen;28843.0;28843.0;32627.0;3784.0
4780;RS;43.0;8607.0;Garibaldi;30689.0;30679.0;34335.0;3646.0
4781;RS;43.0;8656.0;Garruchos;3234.0;3234.0;2688.0;-546.0
4782;RS;43.0;8706.0;Gaurama;5862.0;5862.0;5665.0;-197.0
4783;RS;43.0;8805.0;General Câmara;8447.0;8447.0;7612.0;-835.0
4784;RS;43.0;8854.0;Gentil;1677.0;1677.0;1744.0;67.0
4785;RS;43.0;8904.0;Getúlio Vargas;16154.0;16154.0;16602.0;448.0
4786;RS;43.0;9001.0;Giruá;17075.0;17075.0;16013.0;-1062.0
4787;RS;43.0;9050.0;Glorinha;6891.0;6891.0;7658.0;767.0
4788;RS;43.0;9100.0;Gramado;32273.0;32290.0;40134.0;7861.0
4789;RS;43.0;9126.0;Gramado dos Loureiros;2269.0;2269.0;2014.0;-255.0
4790;RS;43.0;9159.0;Gramado Xavier;3970.0;3970.0;3304.0;-666.0
4791;RS;43.0;9209.0;Gravataí;255660.0;255723.0;265074.0;9414.0
4792;RS;43.0;9258.0;Guabiju;1598.0;1598.0;1417.0;-181.0
4793;RS;43.0;9308.0;Guaíba;95204.0;95204.0;92924.0;-2280.0
4794;RS;43.0;9407.0;Guaporé;22814.0;22814.0;25268.0;2454.0
4795;RS;43.0;9506.0;Guarani das Missões;8115.0;8115.0;7415.0;-700.0
4796;RS;43.0;9555.0;Harmonia;4254.0;4259.0;5378.0;1124.0
4797;RS;43.0;9571.0;Herveiras;2954.0;2954.0;2565.0;-389.0
4798;RS;43.0;9605.0;Horizontina;18348.0;18348.0;18851.0;503.0
4799;RS;43.0;9654.0;Hulha Negra;6043.0;6043.0;5976.0;-67.0
4800;RS;43.0;9704.0;Humaitá;4919.0;4919.0;4681.0;-238.0
4801;RS;43.0;9753.0;Ibarama;4371.0;4380.0;3732.0;-639.0
4802;RS;43.0;9803.0;Ibiaçá;4710.0;4710.0;4527.0;-183.0
4803;RS;43.0;9902.0;Ibiraiaras;7171.0;7095.0;6776.0;-395.0
4804;RS;43.0;9951.0;Ibirapuitã;4061.0;4061.0;3723.0;-338.0
4805;RS;43.0;10009.0;Ibirubá;19310.0;19310.0;21583.0;2273.0
4806;RS;43.0;10108.0;Igrejinha;31660.0;31899.0;32808.0;1148.0
4807;RS;43.0;10207.0;Ijuí;78915.0;78915.0;84780.0;5865.0
4808;RS;43.0;10306.0;Ilópolis;4102.0;4175.0;4157.0;55.0
4809;RS;43.0;10330.0;Imbé;17670.0;17670.0;26824.0;9154.0
4810;RS;43.0;10363.0;Imigrante;3023.0;3000.0;3080.0;57.0
4811;RS;43.0;10405.0;Independência;6618.0;6618.0;6427.0;-191.0
4812;RS;43.0;10413.0;Inhacorá;2267.0;2272.0;2014.0;-253.0
4813;RS;43.0;10439.0;Ipê;6016.0;6018.0;5399.0;-617.0
4814;RS;43.0;10462.0;Ipiranga do Sul;1944.0;1944.0;1720.0;-224.0
4815;RS;43.0;10504.0;Iraí;8078.0;8078.0;7482.0;-596.0
4816;RS;43.0;10538.0;Itaara;5010.0;5010.0;5572.0;562.0
4817;RS;43.0;10553.0;Itacurubi;3441.0;3441.0;2995.0;-446.0
4818;RS;43.0;10579.0;Itapuca;2344.0;2344.0;1937.0;-407.0
4819;RS;43.0;10603.0;Itaqui;38159.0;38159.0;35768.0;-2391.0
4820;RS;43.0;10652.0;Itati;2584.0;2584.0;2638.0;54.0
4821;RS;43.0;10702.0;Itatiba do Sul;4171.0;4171.0;3208.0;-963.0
4822;RS;43.0;10751.0;Ivorá;2156.0;2156.0;1929.0;-227.0
4823;RS;43.0;10801.0;Ivoti;19874.0;19874.0;22983.0;3109.0
4824;RS;43.0;10850.0;Jaboticaba;4098.0;4098.0;3779.0;-319.0
4825;RS;43.0;10876.0;Jacuizinho;2507.0;2507.0;2040.0;-467.0
4826;RS;43.0;10900.0;Jacutinga;3633.0;3633.0;3338.0;-295.0
4827;RS;43.0;11007.0;Jaguarão;27931.0;27931.0;26603.0;-1328.0
4828;RS;43.0;11106.0;Jaguari;11473.0;11475.0;10579.0;-894.0
4829;RS;43.0;11122.0;Jaquirana;4177.0;4177.0;3690.0;-487.0
4830;RS;43.0;11130.0;Jari;3575.0;3573.0;3349.0;-226.0
4831;RS;43.0;11155.0;Jóia;8331.0;8331.0;7184.0;-1147.0
4832;RS;43.0;11205.0;Júlio de Castilhos;19579.0;19579.0;18226.0;-1353.0
4833;RS;43.0;11239.0;Lagoa Bonita do Sul;2662.0;2662.0;2251.0;-411.0
4834;RS;43.0;11254.0;Lagoão;6185.0;6233.0;5341.0;-844.0
4835;RS;43.0;11270.0;Lagoa dos Três Cantos;1598.0;1598.0;1738.0;140.0
4836;RS;43.0;11304.0;Lagoa Vermelha;27525.0;27527.0;27659.0;134.0
4837;RS;43.0;11403.0;Lajeado;71445.0;72216.0;93646.0;22201.0
4838;RS;43.0;11429.0;Lajeado do Bugre;2487.0;2487.0;2601.0;114.0
4839;RS;43.0;11502.0;Lavras do Sul;7679.0;7679.0;7157.0;-522.0
4840;RS;43.0;11601.0;Liberato Salzano;5780.0;5780.0;4781.0;-999.0
4841;RS;43.0;11627.0;Lindolfo Collor;5227.0;5227.0;6248.0;1021.0
4842;RS;43.0;11643.0;Linha Nova;1624.0;1624.0;1683.0;59.0
4843;RS;43.0;11700.0;Machadinho;5510.0;5510.0;5735.0;225.0
4844;RS;43.0;11718.0;Maçambará;4738.0;4738.0;4425.0;-313.0
4845;RS;43.0;11734.0;Mampituba;3003.0;3003.0;3131.0;128.0
4846;RS;43.0;11759.0;Manoel Viana;7072.0;7072.0;6801.0;-271.0
4847;RS;43.0;11775.0;Maquiné;6905.0;6989.0;7418.0;513.0
4848;RS;43.0;11791.0;Maratá;2527.0;2527.0;2470.0;-57.0
4849;RS;43.0;11809.0;Marau;36364.0;36364.0;45124.0;8760.0
4850;RS;43.0;11908.0;Marcelino Ramos;5134.0;5134.0;4320.0;-814.0
4851;RS;43.0;11981.0;Mariana Pimentel;3768.0;3768.0;3916.0;148.0
4852;RS;43.0;12005.0;Mariano Moro;2210.0;2210.0;1858.0;-352.0
4853;RS;43.0;12054.0;Marques de Souza;4068.0;4068.0;3969.0;-99.0
4854;RS;43.0;12104.0;Mata;5111.0;5125.0;4698.0;-413.0
4855;RS;43.0;12138.0;Mato Castelhano;2470.0;2470.0;2553.0;83.0
4856;RS;43.0;12153.0;Mato Leitão;3865.0;3858.0;4859.0;994.0
4857;RS;43.0;12179.0;Mato Queimado;1799.0;1802.0;1795.0;-4.0
4858;RS;43.0;12203.0;Maximiliano de Almeida;4911.0;4911.0;4191.0;-720.0
4859;RS;43.0;12252.0;Minas do Leão;7631.0;7631.0;7505.0;-126.0
4860;RS;43.0;12302.0;Miraguaí;4855.0;4957.0;4427.0;-428.0
4861;RS;43.0;12351.0;Montauri;1542.0;1542.0;1499.0;-43.0
4862;RS;43.0;12377.0;Monte Alegre dos Campos;3102.0;3102.0;3180.0;78.0
4863;RS;43.0;12385.0;Monte Belo do Sul;2670.0;2668.0;2557.0;-113.0
4864;RS;43.0;12401.0;Montenegro;59415.0;59415.0;64322.0;4907.0
4865;RS;43.0;12427.0;Mormaço;2749.0;2749.0;2756.0;7.0
4866;RS;43.0;12443.0;Morrinhos do Sul;3182.0;3182.0;3071.0;-111.0
4867;RS;43.0;12450.0;Morro Redondo;6227.0;6227.0;6046.0;-181.0
4868;RS;43.0;12476.0;Morro Reuter;5676.0;5722.0;6029.0;353.0
4869;RS;43.0;12500.0;Mostardas;12124.0;12124.0;12090.0;-34.0
4870;RS;43.0;12609.0;Muçum;4791.0;4791.0;4601.0;-190.0
4871;RS;43.0;12617.0;Muitos Capões;2988.0;2988.0;2879.0;-109.0
4872;RS;43.0;12625.0;Muliterno;1813.0;1813.0;1721.0;-92.0
4873;RS;43.0;12658.0;Não-Me-Toque;15936.0;15936.0;17898.0;1962.0
4874;RS;43.0;12674.0;Nicolau Vergueiro;1721.0;1721.0;1932.0;211.0
4875;RS;43.0;12708.0;Nonoai;12074.0;12074.0;13719.0;1645.0
4876;RS;43.0;12757.0;Nova Alvorada;3182.0;3182.0;3163.0;-19.0
4877;RS;43.0;12807.0;Nova Araçá;4001.0;4001.0;4954.0;953.0
4878;RS;43.0;12906.0;Nova Bassano;8840.0;8840.0;9649.0;809.0
4879;RS;43.0;12955.0;Nova Boa Vista;1960.0;1960.0;2042.0;82.0
4880;RS;43.0;13003.0;Nova Bréscia;3184.0;3184.0;3044.0;-140.0
4881;RS;43.0;13011.0;Nova Candelária;2751.0;2751.0;3061.0;310.0
4882;RS;43.0;13037.0;Nova Esperança do Sul;4671.0;4671.0;4865.0;194.0
4883;RS;43.0;13060.0;Nova Hartz;18346.0;18324.0;20088.0;1742.0
4884;RS;43.0;13086.0;Nova Pádua;2450.0;2450.0;2343.0;-107.0
4885;RS;43.0;13102.0;Nova Palma;6342.0;6342.0;5586.0;-756.0
4886;RS;43.0;13201.0;Nova Petrópolis;19045.0;19040.0;23300.0;4255.0
4887;RS;43.0;13300.0;Nova Prata;22830.0;22830.0;25692.0;2862.0
4888;RS;43.0;13334.0;Nova Ramada;2437.0;2437.0;2163.0;-274.0
4889;RS;43.0;13359.0;Nova Roma do Sul;3343.0;3343.0;3466.0;123.0
4890;RS;43.0;13375.0;Nova Santa Rita;22716.0;22716.0;29024.0;6308.0
4891;RS;43.0;13391.0;Novo Cabrais;3855.0;3855.0;3568.0;-287.0
4892;RS;43.0;13409.0;Novo Hamburgo;238940.0;238940.0;227646.0;-11294.0
4893;RS;43.0;13425.0;Novo Machado;3925.0;3925.0;3198.0;-727.0
4894;RS;43.0;13441.0;Novo Tiradentes;2277.0;2277.0;2146.0;-131.0
4895;RS;43.0;13466.0;Novo Xingu;1757.0;1757.0;1646.0;-111.0
4896;RS;43.0;13490.0;Novo Barreiro;3978.0;3978.0;4272.0;294.0
4897;RS;43.0;13508.0;Osório;40906.0;40907.0;47396.0;6490.0
4898;RS;43.0;13607.0;Paim Filho;4243.0;4243.0;3629.0;-614.0
4899;RS;43.0;13656.0;Palmares do Sul;10969.0;10969.0;12844.0;1875.0
4900;RS;43.0;13706.0;Palmeira das Missões;34328.0;34328.0;33216.0;-1112.0
4901;RS;43.0;13805.0;Palmitinho;6920.0;6920.0;7839.0;919.0
4902;RS;43.0;13904.0;Panambi;38058.0;38044.0;43515.0;5457.0
4903;RS;43.0;13953.0;Pantano Grande;9895.0;9895.0;10212.0;317.0
4904;RS;43.0;14001.0;Paraí;6812.0;6812.0;7194.0;382.0
4905;RS;43.0;14027.0;Paraíso do Sul;7336.0;7336.0;6519.0;-817.0
4906;RS;43.0;14035.0;Pareci Novo;3511.0;3530.0;4319.0;808.0
4907;RS;43.0;14050.0;Parobé;51502.0;51275.0;52058.0;556.0
4908;RS;43.0;14068.0;Passa Sete;5154.0;5143.0;3983.0;-1171.0
4909;RS;43.0;14076.0;Passo do Sobrado;6011.0;6011.0;6025.0;14.0
4910;RS;43.0;14100.0;Passo Fundo;184826.0;184826.0;206215.0;21389.0
4911;RS;43.0;14134.0;Paulo Bento;2196.0;2191.0;2144.0;-52.0
4912;RS;43.0;14159.0;Paverama;8044.0;8044.0;7978.0;-66.0
4913;RS;43.0;14175.0;Pedras Altas;2212.0;2212.0;2061.0;-151.0
4914;RS;43.0;14209.0;Pedro Osório;7811.0;7811.0;7484.0;-327.0
4915;RS;43.0;14308.0;Pejuçara;3973.0;3973.0;3745.0;-228.0
4916;RS;43.0;14407.0;Pelotas;328275.0;328275.0;325685.0;-2590.0
4917;RS;43.0;14423.0;Picada Café;5182.0;5138.0;5351.0;169.0
4918;RS;43.0;14456.0;Pinhal;2513.0;2513.0;2959.0;446.0
4919;RS;43.0;14464.0;Pinhal da Serra;2130.0;2130.0;2248.0;118.0
4920;RS;43.0;14472.0;Pinhal Grande;4471.0;4471.0;3805.0;-666.0
4921;RS;43.0;14498.0;Pinheirinho do Vale;4497.0;4497.0;4540.0;43.0
4922;RS;43.0;14506.0;Pinheiro Machado;12780.0;12780.0;11214.0;-1566.0
4923;RS;43.0;14548.0;Pinto Bandeira;0.0;2609.0;2723.0;2723.0
4924;RS;43.0;14555.0;Pirapó;2757.0;2757.0;2260.0;-497.0
4925;RS;43.0;14605.0;Piratini;19841.0;19841.0;17504.0;-2337.0
4926;RS;43.0;14704.0;Planalto;10524.0;10524.0;10406.0;-118.0
4927;RS;43.0;14753.0;Poço das Antas;2017.0;2017.0;2171.0;154.0
4928;RS;43.0;14779.0;Pontão;3857.0;3857.0;3296.0;-561.0
4929;RS;43.0;14787.0;Ponte Preta;1750.0;1750.0;1575.0;-175.0
4930;RS;43.0;14803.0;Portão;30920.0;30868.0;34071.0;3151.0
4931;RS;43.0;14902.0;Porto Alegre;1409351.0;1409351.0;1332845.0;-76506.0
4932;RS;43.0;15008.0;Porto Lucena;5413.0;5413.0;4360.0;-1053.0
4933;RS;43.0;15057.0;Porto Mauá;2542.0;2542.0;2142.0;-400.0
4934;RS;43.0;15073.0;Porto Vera Cruz;1852.0;1852.0;1560.0;-292.0
4935;RS;43.0;15107.0;Porto Xavier;10558.0;10558.0;9938.0;-620.0
4936;RS;43.0;15131.0;Pouso Novo;1875.0;1875.0;1739.0;-136.0
4937;RS;43.0;15149.0;Presidente Lucena;2484.0;2484.0;3077.0;593.0
4938;RS;43.0;15156.0;Progresso;6163.0;6163.0;5340.0;-823.0
4939;RS;43.0;15172.0;Protásio Alves;2000.0;2000.0;2025.0;25.0
4940;RS;43.0;15206.0;Putinga;4141.0;4229.0;3747.0;-394.0
4941;RS;43.0;15305.0;Quaraí;23021.0;23021.0;23500.0;479.0
4942;RS;43.0;15313.0;Quatro Irmãos;1775.0;1790.0;1552.0;-223.0
4943;RS;43.0;15321.0;Quevedos;2710.0;2710.0;2507.0;-203.0
4944;RS;43.0;15354.0;Quinze de Novembro;3653.0;3653.0;3910.0;257.0
4945;RS;43.0;15404.0;Redentora;10222.0;10135.0;9738.0;-484.0
4946;RS;43.0;15453.0;Relvado;2155.0;2037.0;1796.0;-359.0
4947;RS;43.0;15503.0;Restinga Sêca;15849.0;15911.0;14939.0;-910.0
4948;RS;43.0;15552.0;Rio dos Índios;3616.0;3616.0;2835.0;-781.0
4949;RS;43.0;15602.0;Rio Grande;197228.0;197228.0;191900.0;-5328.0
4950;RS;43.0;15701.0;Rio Pardo;37591.0;37591.0;34654.0;-2937.0
4951;RS;43.0;15750.0;Riozinho;4330.0;4330.0;4473.0;143.0
4952;RS;43.0;15800.0;Roca Sales;10284.0;10275.0;10418.0;134.0
4953;RS;43.0;15909.0;Rodeio Bonito;5743.0;5743.0;6654.0;911.0
4954;RS;43.0;15958.0;Rolador;2546.0;2546.0;2291.0;-255.0
4955;RS;43.0;16006.0;Rolante;19485.0;19448.0;21253.0;1768.0
4956;RS;43.0;16105.0;Ronda Alta;10221.0;10221.0;9777.0;-444.0
4957;RS;43.0;16204.0;Rondinha;5518.0;5518.0;4991.0;-527.0
4958;RS;43.0;16303.0;Roque Gonzales;7203.0;7203.0;6576.0;-627.0
4959;RS;43.0;16402.0;Rosário do Sul;39707.0;39700.0;36630.0;-3077.0
4960;RS;43.0;16428.0;Sagrada Família;2595.0;2595.0;2480.0;-115.0
4961;RS;43.0;16436.0;Saldanha Marinho;2869.0;2869.0;2575.0;-294.0
4962;RS;43.0;16451.0;Salto do Jacuí;11880.0;11880.0;10203.0;-1677.0
4963;RS;43.0;16477.0;Salvador das Missões;2669.0;2669.0;2877.0;208.0
4964;RS;43.0;16501.0;Salvador do Sul;6747.0;6747.0;6879.0;132.0
4965;RS;43.0;16600.0;Sananduva;15373.0;15373.0;16399.0;1026.0
4966;RS;43.0;16709.0;Santa Bárbara do Sul;8829.0;8843.0;8122.0;-707.0
4967;RS;43.0;16733.0;Santa Cecília do Sul;1655.0;1655.0;1674.0;19.0
4968;RS;43.0;16758.0;Santa Clara do Sul;5697.0;5697.0;6887.0;1190.0
4969;RS;43.0;16808.0;Santa Cruz do Sul;118374.0;118374.0;133230.0;14856.0
4970;RS;43.0;16907.0;Santa Maria;261031.0;261032.0;271735.0;10704.0
4971;RS;43.0;16956.0;Santa Maria do Herval;6053.0;6063.0;6340.0;287.0
4972;RS;43.0;16972.0;Santa Margarida do Sul;2352.0;2352.0;2596.0;244.0
4973;RS;43.0;17004.0;Santana da Boa Vista;8242.0;8242.0;7024.0;-1218.0
4974;RS;43.0;17103.0;Sant'Ana do Livramento;82464.0;82464.0;84421.0;1957.0
4975;RS;43.0;17202.0;Santa Rosa;68587.0;68587.0;76963.0;8376.0
4976;RS;43.0;17251.0;Santa Tereza;1720.0;1732.0;1505.0;-215.0
4977;RS;43.0;17301.0;Santa Vitória do Palmar;30990.0;30990.0;30983.0;-7.0
4978;RS;43.0;17400.0;Santiago;49071.0;49071.0;48938.0;-133.0
4979;RS;43.0;17509.0;Santo Ângelo;76275.0;76275.0;76917.0;642.0
4980;RS;43.0;17558.0;Santo Antônio do Palma;2139.0;2139.0;2091.0;-48.0
4981;RS;43.0;17608.0;Santo Antônio da Patrulha;39685.0;39722.0;42947.0;3262.0
4982;RS;43.0;17707.0;Santo Antônio das Missões;11210.0;11210.0;10300.0;-910.0
4983;RS;43.0;17756.0;Santo Antônio do Planalto;1987.0;1987.0;2089.0;102.0
4984;RS;43.0;17806.0;Santo Augusto;13968.0;13968.0;13902.0;-66.0
4985;RS;43.0;17905.0;Santo Cristo;14378.0;14378.0;15320.0;942.0
4986;RS;43.0;17954.0;Santo Expedito do Sul;2461.0;2461.0;2349.0;-112.0
4987;RS;43.0;18002.0;São Borja;61671.0;61671.0;59676.0;-1995.0
4988;RS;43.0;18051.0;São Domingos do Sul;2926.0;2926.0;2754.0;-172.0
4989;RS;43.0;18101.0;São Francisco de Assis;19254.0;19254.0;17618.0;-1636.0
4990;RS;43.0;18200.0;São Francisco de Paula;20537.0;20551.0;21893.0;1356.0
4991;RS;43.0;18309.0;São Gabriel;60425.0;60432.0;58487.0;-1938.0
4992;RS;43.0;18408.0;São Jerônimo;22134.0;22134.0;21028.0;-1106.0
4993;RS;43.0;18424.0;São João da Urtiga;4726.0;4726.0;4461.0;-265.0
4994;RS;43.0;18432.0;São João do Polêsine;2635.0;2588.0;2649.0;14.0
4995;RS;43.0;18440.0;São Jorge;2774.0;2848.0;2912.0;138.0
4996;RS;43.0;18457.0;São José das Missões;2720.0;2720.0;2362.0;-358.0
4997;RS;43.0;18465.0;São José do Herval;2204.0;2204.0;1902.0;-302.0
4998;RS;43.0;18481.0;São José do Hortêncio;4094.0;4094.0;4447.0;353.0
4999;RS;43.0;18499.0;São José do Inhacorá;2200.0;2200.0;2406.0;206.0
5000;RS;43.0;18507.0;São José do Norte;25503.0;25503.0;25443.0;-60.0
5001;RS;43.0;18606.0;São José do Ouro;6904.0;6904.0;6834.0;-70.0
5002;RS;43.0;18614.0;São José do Sul;2082.0;2058.0;2380.0;298.0
5003;RS;43.0;18622.0;São José dos Ausentes;3290.0;3290.0;4172.0;882.0
5004;RS;43.0;18705.0;São Leopoldo;214087.0;214087.0;217409.0;3322.0
5005;RS;43.0;18804.0;São Lourenço do Sul;43111.0;43111.0;41989.0;-1122.0
5006;RS;43.0;18903.0;São Luiz Gonzaga;34556.0;34540.0;34752.0;196.0
5007;RS;43.0;19000.0;São Marcos;20103.0;20103.0;21084.0;981.0
5008;RS;43.0;19109.0;São Martinho;5773.0;5773.0;5481.0;-292.0
5009;RS;43.0;19125.0;São Martinho da Serra;3201.0;3201.0;2860.0;-341.0
5010;RS;43.0;19158.0;São Miguel das Missões;7421.0;7421.0;7056.0;-365.0
5011;RS;43.0;19208.0;São Nicolau;5727.0;5727.0;5118.0;-609.0
5012;RS;43.0;19307.0;São Paulo das Missões;6364.0;6364.0;5846.0;-518.0
5013;RS;43.0;19356.0;São Pedro da Serra;3315.0;3316.0;3548.0;233.0
5014;RS;43.0;19364.0;São Pedro das Missões;1886.0;1886.0;1757.0;-129.0
5015;RS;43.0;19372.0;São Pedro do Butiá;2873.0;2873.0;3070.0;197.0
5016;RS;43.0;19406.0;São Pedro do Sul;16368.0;16368.0;15577.0;-791.0
5017;RS;43.0;19505.0;São Sebastião do Caí;21932.0;23134.0;24428.0;2496.0
5018;RS;43.0;19604.0;São Sepé;23798.0;23798.0;21219.0;-2579.0
5019;RS;43.0;19703.0;São Valentim;3632.0;3632.0;3264.0;-368.0
5020;RS;43.0;19711.0;São Valentim do Sul;2168.0;2168.0;2207.0;39.0
5021;RS;43.0;19737.0;São Valério do Sul;2647.0;2647.0;2543.0;-104.0
5022;RS;43.0;19752.0;São Vendelino;1944.0;1975.0;2251.0;307.0
5023;RS;43.0;19802.0;São Vicente do Sul;8440.0;8440.0;8097.0;-343.0
5024;RS;43.0;19901.0;Sapiranga;74985.0;72968.0;75648.0;663.0
5025;RS;43.0;20008.0;Sapucaia do Sul;130957.0;130957.0;132107.0;1150.0
5026;RS;43.0;20107.0;Sarandi;21285.0;21285.0;22851.0;1566.0
5027;RS;43.0;20206.0;Seberi;10897.0;10897.0;11950.0;1053.0
5028;RS;43.0;20230.0;Sede Nova;3011.0;3011.0;2704.0;-307.0
5029;RS;43.0;20263.0;Segredo;7158.0;7050.0;6009.0;-1149.0
5030;RS;43.0;20305.0;Selbach;4929.0;4929.0;5107.0;178.0
5031;RS;43.0;20321.0;Senador Salgado Filho;2814.0;2814.0;2673.0;-141.0
5032;RS;43.0;20354.0;Sentinela do Sul;5198.0;5198.0;5306.0;108.0
5033;RS;43.0;20404.0;Serafina Corrêa;14253.0;14253.0;16961.0;2708.0
5034;RS;43.0;20453.0;Sério;2281.0;2279.0;1941.0;-340.0
5035;RS;43.0;20503.0;Sertão;6294.0;6294.0;5541.0;-753.0
5036;RS;43.0;20552.0;Sertão Santana;5850.0;5850.0;5863.0;13.0
5037;RS;43.0;20578.0;Sete de Setembro;2124.0;2124.0;1830.0;-294.0
5038;RS;43.0;20602.0;Severiano de Almeida;3842.0;3842.0;3406.0;-436.0
5039;RS;43.0;20651.0;Silveira Martins;2449.0;2434.0;2028.0;-421.0
5040;RS;43.0;20677.0;Sinimbu;10068.0;10068.0;8578.0;-1490.0
5041;RS;43.0;20701.0;Sobradinho;14283.0;14285.0;14226.0;-57.0
5042;RS;43.0;20800.0;Soledade;30044.0;30044.0;29991.0;-53.0
5043;RS;43.0;20859.0;Tabaí;4131.0;4131.0;4461.0;330.0
5044;RS;43.0;20909.0;Tapejara;19250.0;19250.0;24557.0;5307.0
5045;RS;43.0;21006.0;Tapera;10448.0;10448.0;10592.0;144.0
5046;RS;43.0;21105.0;Tapes;16629.0;16629.0;14695.0;-1934.0
5047;RS;43.0;21204.0;Taquara;54643.0;54590.0;53242.0;-1401.0
5048;RS;43.0;21303.0;Taquari;26092.0;26092.0;25198.0;-894.0
5049;RS;43.0;21329.0;Taquaruçu do Sul;2966.0;2966.0;3119.0;153.0
5050;RS;43.0;21352.0;Tavares;5351.0;5351.0;5212.0;-139.0
5051;RS;43.0;21402.0;Tenente Portela;13719.0;13719.0;14497.0;778.0
5052;RS;43.0;21436.0;Terra de Areia;9878.0;9793.0;10334.0;456.0
5053;RS;43.0;21451.0;Teutônia;27272.0;27272.0;32797.0;5525.0
5054;RS;43.0;21469.0;Tio Hugo;2724.0;2724.0;3267.0;543.0
5055;RS;43.0;21477.0;Tiradentes do Sul;6461.0;6461.0;5129.0;-1332.0
5056;RS;43.0;21493.0;Toropi;2952.0;2938.0;2554.0;-398.0
5057;RS;43.0;21501.0;Torres;34656.0;34656.0;41751.0;7095.0
5058;RS;43.0;21600.0;Tramandaí;41585.0;41585.0;54387.0;12802.0
5059;RS;43.0;21626.0;Travesseiro;2314.0;2314.0;2152.0;-162.0
5060;RS;43.0;21634.0;Três Arroios;2855.0;2855.0;2591.0;-264.0
5061;RS;43.0;21667.0;Três Cachoeiras;10217.0;10217.0;10962.0;745.0
5062;RS;43.0;21709.0;Três Coroas;23848.0;23812.0;24425.0;577.0
5063;RS;43.0;21808.0;Três de Maio;23726.0;23726.0;24916.0;1190.0
5064;RS;43.0;21832.0;Três Forquilhas;2914.0;2914.0;2760.0;-154.0
5065;RS;43.0;21857.0;Três Palmeiras;4381.0;4381.0;4716.0;335.0
5066;RS;43.0;21907.0;Três Passos;23965.0;23965.0;25436.0;1471.0
5067;RS;43.0;21956.0;Trindade do Sul;5787.0;5787.0;7556.0;1769.0
5068;RS;43.0;22004.0;Triunfo;25793.0;25793.0;27498.0;1705.0
5069;RS;43.0;22103.0;Tucunduva;5898.0;5898.0;5542.0;-356.0
5070;RS;43.0;22152.0;Tunas;4395.0;4395.0;3681.0;-714.0
5071;RS;43.0;22186.0;Tupanci do Sul;1573.0;1573.0;1374.0;-199.0
5072;RS;43.0;22202.0;Tupanciretã;22281.0;22281.0;20005.0;-2276.0
5073;RS;43.0;22251.0;Tupandi;3924.0;3924.0;5029.0;1105.0
5074;RS;43.0;22301.0;Tuparendi;8557.0;8557.0;8363.0;-194.0
5075;RS;43.0;22327.0;Turuçu;3522.0;3522.0;3419.0;-103.0
5076;RS;43.0;22343.0;Ubiretama;2296.0;2296.0;1994.0;-302.0
5077;RS;43.0;22350.0;União da Serra;1487.0;1487.0;1170.0;-317.0
5078;RS;43.0;22376.0;Unistalda;2450.0;2450.0;1995.0;-455.0
5079;RS;43.0;22400.0;Uruguaiana;125435.0;125435.0;117210.0;-8225.0
5080;RS;43.0;22509.0;Vacaria;61342.0;61342.0;64197.0;2855.0
5081;RS;43.0;22525.0;Vale Verde;3253.0;3253.0;3150.0;-103.0
5082;RS;43.0;22533.0;Vale do Sol;11077.0;11077.0;9897.0;-1180.0
5083;RS;43.0;22541.0;Vale Real;5118.0;5118.0;6058.0;940.0
5084;RS;43.0;22558.0;Vanini;1984.0;1984.0;2004.0;20.0
5085;RS;43.0;22608.0;Venâncio Aires;65946.0;65953.0;68763.0;2817.0
5086;RS;43.0;22707.0;Vera Cruz;23983.0;23983.0;26710.0;2727.0
5087;RS;43.0;22806.0;Veranópolis;22810.0;22810.0;24021.0;1211.0
5088;RS;43.0;22855.0;Vespasiano Corrêa;1974.0;1974.0;1818.0;-156.0
5089;RS;43.0;22905.0;Viadutos;5311.0;5311.0;4769.0;-542.0
5090;RS;43.0;23002.0;Viamão;239384.0;239384.0;224112.0;-15272.0
5091;RS;43.0;23101.0;Vicente Dutra;5285.0;5285.0;4665.0;-620.0
5092;RS;43.0;23200.0;Victor Graeff;3036.0;3036.0;2780.0;-256.0
5093;RS;43.0;23309.0;Vila Flores;3207.0;3207.0;3646.0;439.0
5094;RS;43.0;23358.0;Vila Lângaro;2152.0;2152.0;2079.0;-73.0
5095;RS;43.0;23408.0;Vila Maria;4221.0;4221.0;4413.0;192.0
5096;RS;43.0;23457.0;Vila Nova do Sul;4221.0;4221.0;3863.0;-358.0
5097;RS;43.0;23507.0;Vista Alegre;2832.0;2832.0;2660.0;-172.0
5098;RS;43.0;23606.0;Vista Alegre do Prata;1569.0;1569.0;1590.0;21.0
5099;RS;43.0;23705.0;Vista Gaúcha;2759.0;2759.0;2783.0;24.0
5100;RS;43.0;23754.0;Vitória das Missões;3485.0;3485.0;3260.0;-225.0
5101;RS;43.0;23770.0;Westfália;2793.0;2793.0;3098.0;305.0
5102;RS;43.0;23804.0;Xangri-lá;12434.0;12434.0;16463.0;4029.0
5103;MS;50.0;203.0;Água Clara;14424.0;12902.0;16741.0;2317.0
5104;MS;50.0;252.0;Alcinópolis;4569.0;4569.0;4537.0;-32.0
5105;MS;50.0;609.0;Amambai;34730.0;34730.0;39325.0;4595.0
5106;MS;50.0;708.0;Anastácio;23835.0;23744.0;24114.0;279.0
5107;MS;50.0;807.0;Anaurilândia;8493.0;8493.0;7653.0;-840.0
5108;MS;50.0;856.0;Angélica;9185.0;9191.0;10729.0;1544.0
5109;MS;50.0;906.0;Antônio João;8208.0;8208.0;9303.0;1095.0
5110;MS;50.0;1003.0;Aparecida do Taboado;22320.0;22307.0;27674.0;5354.0
5111;MS;50.0;1102.0;Aquidauana;45614.0;45543.0;46803.0;1189.0
5112;MS;50.0;1243.0;Aral Moreira;10251.0;10251.0;10748.0;497.0
5113;MS;50.0;1508.0;Bandeirantes;6609.0;6977.0;7940.0;1331.0
5114;MS;50.0;1904.0;Bataguassu;19839.0;19839.0;23031.0;3192.0
5115;MS;50.0;2001.0;Batayporã;10936.0;10939.0;10712.0;-224.0
5116;MS;50.0;2100.0;Bela Vista;23181.0;23192.0;21613.0;-1568.0
5117;MS;50.0;2159.0;Bodoquena;7985.0;8072.0;8567.0;582.0
5118;MS;50.0;2209.0;Bonito;19587.0;19605.0;23659.0;4072.0
5119;MS;50.0;2308.0;Brasilândia;11826.0;11826.0;11579.0;-247.0
5120;MS;50.0;2407.0;Caarapó;25767.0;25770.0;30612.0;4845.0
5121;MS;50.0;2605.0;Camapuã;13625.0;13628.0;13583.0;-42.0
5122;MS;50.0;2704.0;Campo Grande;786797.0;786774.0;898100.0;111303.0
5123;MS;50.0;2803.0;Caracol;5398.0;5398.0;5036.0;-362.0
5124;MS;50.0;2902.0;Cassilândia;20966.0;20966.0;20988.0;22.0
5125;MS;50.0;2951.0;Chapadão do Sul;19648.0;18815.0;30993.0;11345.0
5126;MS;50.0;3108.0;Corguinho;4862.0;4862.0;4783.0;-79.0
5127;MS;50.0;3157.0;Coronel Sapucaia;14064.0;14064.0;14289.0;225.0
5128;MS;50.0;3207.0;Corumbá;103703.0;103675.0;96268.0;-7435.0
5129;MS;50.0;3256.0;Costa Rica;19695.0;17507.0;26037.0;6342.0
5130;MS;50.0;3306.0;Coxim;32159.0;31930.0;32151.0;-8.0
5131;MS;50.0;3454.0;Deodápolis;12139.0;12133.0;13663.0;1524.0
5132;MS;50.0;3488.0;Dois Irmãos do Buriti;10363.0;10423.0;11100.0;737.0
5133;MS;50.0;3504.0;Douradina;5364.0;5349.0;5578.0;214.0
5134;MS;50.0;3702.0;Dourados;196035.0;195495.0;243367.0;47332.0
5135;MS;50.0;3751.0;Eldorado;11694.0;11694.0;11386.0;-308.0
5136;MS;50.0;3801.0;Fátima do Sul;19035.0;19009.0;20609.0;1574.0
5137;MS;50.0;3900.0;Figueirão;2928.0;2928.0;3539.0;611.0
5138;MS;50.0;4007.0;Glória de Dourados;9927.0;9927.0;10444.0;517.0
5139;MS;50.0;4106.0;Guia Lopes da Laguna;10366.0;10366.0;9940.0;-426.0
5140;MS;50.0;4304.0;Iguatemi;14875.0;14875.0;13808.0;-1067.0
5141;MS;50.0;4403.0;Inocência;7669.0;7677.0;8404.0;735.0
5142;MS;50.0;4502.0;Itaporã;20865.0;21418.0;24137.0;3272.0
5143;MS;50.0;4601.0;Itaquiraí;18614.0;18614.0;19423.0;809.0
5144;MS;50.0;4700.0;Ivinhema;22341.0;22341.0;27821.0;5480.0
5145;MS;50.0;4809.0;Japorã;7731.0;7731.0;8148.0;417.0
5146;MS;50.0;4908.0;Jaraguari;6341.0;6341.0;7139.0;798.0
5147;MS;50.0;5004.0;Jardim;24346.0;24335.0;23981.0;-365.0
5148;MS;50.0;5103.0;Jateí;4011.0;4011.0;3586.0;-425.0
5149;MS;50.0;5152.0;Juti;5900.0;5897.0;6729.0;829.0
5150;MS;50.0;5202.0;Ladário;19617.0;19615.0;21522.0;1905.0
5151;MS;50.0;5251.0;Laguna Carapã;6491.0;6486.0;6799.0;308.0
5152;MS;50.0;5400.0;Maracaju;37405.0;37594.0;45047.0;7642.0
5153;MS;50.0;5608.0;Miranda;25595.0;25602.0;25536.0;-59.0
5154;MS;50.0;5681.0;Mundo Novo;17043.0;17043.0;19193.0;2150.0
5155;MS;50.0;5707.0;Naviraí;46424.0;46424.0;50457.0;4033.0
5156;MS;50.0;5806.0;Nioaque;14391.0;14304.0;13220.0;-1171.0
5157;MS;50.0;6002.0;Nova Alvorada do Sul;16432.0;16450.0;21822.0;5390.0
5158;MS;50.0;6200.0;Nova Andradina;45585.0;45578.0;48563.0;2978.0
5159;MS;50.0;6259.0;Novo Horizonte do Sul;4940.0;4940.0;4721.0;-219.0
5160;MS;50.0;6275.0;Paraíso das Águas;0.0;4548.0;5510.0;5510.0
5161;MS;50.0;6309.0;Paranaíba;40192.0;40197.0;40957.0;765.0
5162;MS;50.0;6358.0;Paranhos;12350.0;12350.0;12921.0;571.0
5163;MS;50.0;6408.0;Pedro Gomes;7967.0;8026.0;6941.0;-1026.0
5164;MS;50.0;6606.0;Ponta Porã;77872.0;77877.0;92017.0;14145.0
5165;MS;50.0;6903.0;Porto Murtinho;15372.0;15290.0;12859.0;-2513.0
5166;MS;50.0;7109.0;Ribas do Rio Pardo;20946.0;20946.0;23150.0;2204.0
5167;MS;50.0;7208.0;Rio Brilhante;30663.0;30663.0;37601.0;6938.0
5168;MS;50.0;7307.0;Rio Negro;5036.0;5077.0;4841.0;-195.0
5169;MS;50.0;7406.0;Rio Verde de Mato Grosso;18890.0;19066.0;19818.0;928.0
5170;MS;50.0;7505.0;Rochedo;4928.0;4557.0;5199.0;271.0
5171;MS;50.0;7554.0;Santa Rita do Pardo;7259.0;7259.0;7027.0;-232.0
5172;MS;50.0;7695.0;São Gabriel do Oeste;22203.0;22162.0;29579.0;7376.0
5173;MS;50.0;7703.0;Sete Quedas;10780.0;10780.0;10994.0;214.0
5174;MS;50.0;7802.0;Selvíria;6287.0;6287.0;8142.0;1855.0
5175;MS;50.0;7901.0;Sidrolândia;42132.0;42114.0;47118.0;4986.0
5176;MS;50.0;7935.0;Sonora;14833.0;14827.0;14516.0;-317.0
5177;MS;50.0;7950.0;Tacuru;10215.0;10215.0;10808.0;593.0
5178;MS;50.0;7976.0;Taquarussu;3518.0;3522.0;3625.0;107.0
5179;MS;50.0;8008.0;Terenos;17146.0;17169.0;17652.0;506.0
5180;MS;50.0;8305.0;Três Lagoas;101791.0;101786.0;132152.0;30361.0
5181;MS;50.0;8404.0;Vicentina;5901.0;5929.0;6336.0;435.0
5182;MT;51.0;102.0;Acorizal;5516.0;5454.0;5014.0;-502.0
5183;MT;51.0;201.0;Água Boa;20856.0;20856.0;29219.0;8363.0
5184;MT;51.0;250.0;Alta Floresta;49164.0;49142.0;58613.0;9449.0
5185;MT;51.0;300.0;Alto Araguaia;15644.0;15649.0;17193.0;1549.0
5186;MT;51.0;359.0;Alto Boa Vista;5247.0;5212.0;5715.0;468.0
5187;MT;51.0;409.0;Alto Garças;10350.0;10345.0;13052.0;2702.0
5188;MT;51.0;508.0;Alto Paraguai;10066.0;10066.0;8009.0;-2057.0
5189;MT;51.0;607.0;Alto Taquari;8072.0;8072.0;10904.0;2832.0
5190;MT;51.0;805.0;Apiacás;8567.0;8571.0;8590.0;23.0
5191;MT;51.0;1001.0;Araguaiana;3197.0;3197.0;3795.0;598.0
5192;MT;51.0;1209.0;Araguainha;1096.0;1096.0;1010.0;-86.0
5193;MT;51.0;1258.0;Araputanga;15342.0;15290.0;14786.0;-556.0
5194;MT;51.0;1308.0;Arenápolis;10316.0;10316.0;10576.0;260.0
5195;MT;51.0;1407.0;Aripuanã;18656.0;18656.0;24626.0;5970.0
5196;MT;51.0;1605.0;Barão de Melgaço;7591.0;7961.0;7253.0;-338.0
5197;MT;51.0;1704.0;Barra do Bugres;31793.0;31146.0;29403.0;-2390.0
5198;MT;51.0;1803.0;Barra do Garças;56560.0;56315.0;69210.0;12650.0
5199;MT;51.0;1852.0;Bom Jesus do Araguaia;5314.0;5314.0;7280.0;1966.0
5200;MT;51.0;1902.0;Brasnorte;15357.0;15361.0;17004.0;1647.0
5201;MT;51.0;2504.0;Cáceres;87942.0;87907.0;89681.0;1739.0
5202;MT;51.0;2603.0;Campinápolis;14305.0;14291.0;15347.0;1042.0
5203;MT;51.0;2637.0;Campo Novo do Parecis;27577.0;27573.0;45899.0;18322.0
5204;MT;51.0;2678.0;Campo Verde;31589.0;31348.0;44585.0;12996.0
5205;MT;51.0;2686.0;Campos de Júlio;5154.0;5154.0;8822.0;3668.0
5206;MT;51.0;2694.0;Canabrava do Norte;4786.0;4788.0;4485.0;-301.0
5207;MT;51.0;2702.0;Canarana;18754.0;18754.0;25858.0;7104.0
5208;MT;51.0;2793.0;Carlinda;10990.0;11011.0;10332.0;-658.0
5209;MT;51.0;2850.0;Castanheira;8231.0;8219.0;7506.0;-725.0
5210;MT;51.0;3007.0;Chapada dos Guimarães;17821.0;18047.0;18990.0;1169.0
5211;MT;51.0;3056.0;Cláudia;11028.0;11028.0;9593.0;-1435.0
5212;MT;51.0;3106.0;Cocalinho;5490.0;5490.0;6220.0;730.0
5213;MT;51.0;3205.0;Colíder;30766.0;30807.0;31370.0;604.0
5214;MT;51.0;3254.0;Colniza;26381.0;26381.0;25766.0;-615.0
5215;MT;51.0;3304.0;Comodoro;18178.0;18114.0;18238.0;60.0
5216;MT;51.0;3353.0;Confresa;25124.0;25124.0;35075.0;9951.0
5217;MT;51.0;3361.0;Conquista D'Oeste;3385.0;3385.0;3760.0;375.0
5218;MT;51.0;3379.0;Cotriguaçu;14983.0;14983.0;11011.0;-3972.0
5219;MT;51.0;3403.0;Cuiabá;551098.0;553202.0;650877.0;99779.0
5220;MT;51.0;3437.0;Curvelândia;4866.0;4862.0;4903.0;37.0
5221;MT;51.0;3452.0;Denise;8523.0;8513.0;7014.0;-1509.0
5222;MT;51.0;3502.0;Diamantino;20341.0;20343.0;21941.0;1600.0
5223;MT;51.0;3601.0;Dom Aquino;8171.0;8129.0;7872.0;-299.0
5224;MT;51.0;3700.0;Feliz Natal;10933.0;10942.0;10521.0;-412.0
5225;MT;51.0;3809.0;Figueirópolis D'Oeste;3796.0;3787.0;3187.0;-609.0
5226;MT;51.0;3858.0;Gaúcha do Norte;6293.0;6292.0;8642.0;2349.0
5227;MT;51.0;3908.0;General Carneiro;5027.0;5272.0;6037.0;1010.0
5228;MT;51.0;3957.0;Glória D'Oeste;3135.0;3121.0;2905.0;-230.0
5229;MT;51.0;4104.0;Guarantã do Norte;32216.0;32216.0;31024.0;-1192.0
5230;MT;51.0;4203.0;Guiratinga;13934.0;13970.0;10966.0;-2968.0
5231;MT;51.0;4500.0;Indiavaí;2397.0;2449.0;2213.0;-184.0
5232;MT;51.0;4526.0;Ipiranga do Norte;5123.0;5113.0;7815.0;2692.0
5233;MT;51.0;4542.0;Itanhangá;5276.0;5276.0;7539.0;2263.0
5234;MT;51.0;4559.0;Itaúba;4575.0;4575.0;5020.0;445.0
5235;MT;51.0;4609.0;Itiquira;11478.0;11478.0;12236.0;758.0
5236;MT;51.0;4807.0;Jaciara;25647.0;25882.0;28569.0;2922.0
5237;MT;51.0;4906.0;Jangada;7696.0;7771.0;7426.0;-270.0
5238;MT;51.0;5002.0;Jauru;10455.0;10448.0;8367.0;-2088.0
5239;MT;51.0;5101.0;Juara;32791.0;32781.0;34906.0;2115.0
5240;MT;51.0;5150.0;Juína;39255.0;39267.0;45869.0;6614.0
5241;MT;51.0;5176.0;Juruena;11201.0;11190.0;10213.0;-988.0
5242;MT;51.0;5200.0;Juscimeira;11430.0;11439.0;11480.0;50.0
5243;MT;51.0;5234.0;Lambari D'Oeste;5431.0;5441.0;4790.0;-641.0
5244;MT;51.0;5259.0;Lucas do Rio Verde;45556.0;45571.0;83798.0;38242.0
5245;MT;51.0;5309.0;Luciara;2224.0;2227.0;2509.0;285.0
5246;MT;51.0;5507.0;Vila Bela da Santíssima Trindade;14493.0;14493.0;16774.0;2281.0
5247;MT;51.0;5580.0;Marcelândia;12006.0;12006.0;11396.0;-610.0
5248;MT;51.0;5606.0;Matupá;14174.0;14174.0;20091.0;5917.0
5249;MT;51.0;5622.0;Mirassol d'Oeste;25299.0;25352.0;26785.0;1486.0
5250;MT;51.0;5903.0;Nobres;15002.0;15002.0;15492.0;490.0
5251;MT;51.0;6000.0;Nortelândia;6436.0;6436.0;5956.0;-480.0
5252;MT;51.0;6109.0;Nossa Senhora do Livramento;11609.0;12897.0;12940.0;1331.0
5253;MT;51.0;6158.0;Nova Bandeirantes;11643.0;11662.0;13635.0;1992.0
5254;MT;51.0;6174.0;Nova Nazaré;3029.0;3029.0;4200.0;1171.0
5255;MT;51.0;6182.0;Nova Lacerda;5436.0;5500.0;6670.0;1234.0
5256;MT;51.0;6190.0;Nova Santa Helena;3468.0;3468.0;4239.0;771.0
5257;MT;51.0;6208.0;Nova Brasilândia;4587.0;4597.0;3932.0;-655.0
5258;MT;51.0;6216.0;Nova Canaã do Norte;12127.0;12084.0;11707.0;-420.0
5259;MT;51.0;6224.0;Nova Mutum;31649.0;31649.0;55839.0;24190.0
5260;MT;51.0;6232.0;Nova Olímpia;17515.0;17515.0;16352.0;-1163.0
5261;MT;51.0;6240.0;Nova Ubiratã;9218.0;9175.0;11530.0;2312.0
5262;MT;51.0;6257.0;Nova Xavantina;19643.0;19657.0;24345.0;4702.0
5263;MT;51.0;6265.0;Novo Mundo;7332.0;7332.0;6520.0;-812.0
5264;MT;51.0;6273.0;Novo Horizonte do Norte;3749.0;3780.0;3349.0;-400.0
5265;MT;51.0;6281.0;Novo São Joaquim;6042.0;6054.0;6919.0;877.0
5266;MT;51.0;6299.0;Paranaíta;10684.0;10686.0;11671.0;987.0
5267;MT;51.0;6307.0;Paranatinga;19290.0;19339.0;26423.0;7133.0
5268;MT;51.0;6315.0;Novo Santo Antônio;2005.0;2005.0;2015.0;10.0
5269;MT;51.0;6372.0;Pedra Preta;15755.0;15610.0;18066.0;2311.0
5270;MT;51.0;6422.0;Peixoto de Azevedo;30812.0;30963.0;32714.0;1902.0
5271;MT;51.0;6455.0;Planalto da Serra;2726.0;2716.0;3166.0;440.0
5272;MT;51.0;6505.0;Poconé;31779.0;31848.0;31217.0;-562.0
5273;MT;51.0;6653.0;Pontal do Araguaia;5395.0;5395.0;6932.0;1537.0
5274;MT;51.0;6703.0;Ponte Branca;1768.0;1768.0;2008.0;240.0
5275;MT;51.0;6752.0;Pontes e Lacerda;41408.0;41408.0;52018.0;10610.0
5276;MT;51.0;6778.0;Porto Alegre do Norte;10748.0;10748.0;12127.0;1379.0
5277;MT;51.0;6802.0;Porto dos Gaúchos;5449.0;5420.0;5593.0;144.0
5278;MT;51.0;6828.0;Porto Esperidião;11031.0;11031.0;10204.0;-827.0
5279;MT;51.0;6851.0;Porto Estrela;3649.0;3649.0;3224.0;-425.0
5280;MT;51.0;7008.0;Poxoréu;17599.0;17659.0;23283.0;5684.0
5281;MT;51.0;7040.0;Primavera do Leste;52066.0;52051.0;85146.0;33080.0
5282;MT;51.0;7065.0;Querência;13033.0;13033.0;26769.0;13736.0
5283;MT;51.0;7107.0;São José dos Quatro Marcos;18998.0;18998.0;17849.0;-1149.0
5284;MT;51.0;7156.0;Reserva do Cabaçal;2572.0;2572.0;2122.0;-450.0
5285;MT;51.0;7180.0;Ribeirão Cascalheira;8881.0;8881.0;10089.0;1208.0
5286;MT;51.0;7198.0;Ribeirãozinho;2199.0;2199.0;2593.0;394.0
5287;MT;51.0;7206.0;Rio Branco;5070.0;5060.0;4535.0;-535.0
5288;MT;51.0;7248.0;Santa Carmem;4085.0;4085.0;5374.0;1289.0
5289;MT;51.0;7263.0;Santo Afonso;2991.0;2991.0;2519.0;-472.0
5290;MT;51.0;7297.0;São José do Povo;3592.0;3561.0;2875.0;-717.0
5291;MT;51.0;7305.0;São José do Rio Claro;17124.0;17124.0;14911.0;-2213.0
5292;MT;51.0;7354.0;São José do Xingu;5240.0;5240.0;5964.0;724.0
5293;MT;51.0;7404.0;São Pedro da Cipa;4158.0;4151.0;4191.0;33.0
5294;MT;51.0;7578.0;Rondolândia;3604.0;3604.0;3505.0;-99.0
5295;MT;51.0;7602.0;Rondonópolis;195476.0;195586.0;244911.0;49435.0
5296;MT;51.0;7701.0;Rosário Oeste;17679.0;17527.0;15453.0;-2226.0
5297;MT;51.0;7743.0;Santa Cruz do Xingu;1900.0;1900.0;2661.0;761.0
5298;MT;51.0;7750.0;Salto do Céu;3908.0;3908.0;3679.0;-229.0
5299;MT;51.0;7768.0;Santa Rita do Trivelato;2491.0;2477.0;3276.0;785.0
5300;MT;51.0;7776.0;Santa Terezinha;7397.0;7397.0;7596.0;199.0
5301;MT;51.0;7792.0;Santo Antônio do Leste;3754.0;3748.0;4099.0;345.0
5302;MT;51.0;7800.0;Santo Antônio do Leverger;18463.0;14751.0;15246.0;-3217.0
5303;MT;51.0;7859.0;São Félix do Araguaia;10625.0;10655.0;13621.0;2996.0
5304;MT;51.0;7875.0;Sapezal;18094.0;18089.0;28944.0;10850.0
5305;MT;51.0;7883.0;Serra Nova Dourada;1365.0;1365.0;1800.0;435.0
5306;MT;51.0;7909.0;Sinop;113099.0;113099.0;196312.0;83213.0
5307;MT;51.0;7925.0;Sorriso;66521.0;66354.0;110635.0;44114.0
5308;MT;51.0;7941.0;Tabaporã;9932.0;9942.0;9818.0;-114.0
5309;MT;51.0;7958.0;Tangará da Serra;83431.0;84093.0;106434.0;23003.0
5310;MT;51.0;8006.0;Tapurah;10392.0;10377.0;14370.0;3978.0
5311;MT;51.0;8055.0;Terra Nova do Norte;11291.0;11136.0;10616.0;-675.0
5312;MT;51.0;8105.0;Tesouro;3418.0;3472.0;3025.0;-393.0
5313;MT;51.0;8204.0;Torixoréu;4071.0;4071.0;4164.0;93.0
5314;MT;51.0;8303.0;União do Sul;3760.0;3760.0;3838.0;78.0
5315;MT;51.0;8352.0;Vale de São Domingos;3052.0;3068.0;2904.0;-148.0
5316;MT;51.0;8402.0;Várzea Grande;252596.0;252361.0;300078.0;47482.0
5317;MT;51.0;8501.0;Vera;10235.0;10402.0;12800.0;2565.0
5318;MT;51.0;8600.0;Vila Rica;21382.0;21382.0;19888.0;-1494.0
5319;MT;51.0;8808.0;Nova Guarita;4932.0;4937.0;4590.0;-342.0
5320;MT;51.0;8857.0;Nova Marilândia;2951.0;2949.0;3529.0;578.0
5321;MT;51.0;8907.0;Nova Maringá;6590.0;6590.0;5846.0;-744.0
5322;MT;51.0;8956.0;Nova Monte Verde;8093.0;8089.0;8313.0;220.0
5323;GO;52.0;50.0;Abadia de Goiás;6876.0;6891.0;19128.0;12252.0
5324;GO;52.0;100.0;Abadiânia;15757.0;15759.0;17232.0;1475.0
5325;GO;52.0;134.0;Acreúna;20279.0;20268.0;21568.0;1289.0
5326;GO;52.0;159.0;Adelândia;2477.0;2477.0;2297.0;-180.0
5327;GO;52.0;175.0;Água Fria de Goiás;5090.0;5085.0;4954.0;-136.0
5328;GO;52.0;209.0;Água Limpa;2013.0;2013.0;1858.0;-155.0
5329;GO;52.0;258.0;Águas Lindas de Goiás;159378.0;159386.0;225693.0;66315.0
5330;GO;52.0;308.0;Alexânia;23814.0;23814.0;27008.0;3194.0
5331;GO;52.0;506.0;Aloândia;2051.0;2051.0;1973.0;-78.0
5332;GO;52.0;555.0;Alto Horizonte;4505.0;4510.0;6072.0;1567.0
5333;GO;52.0;605.0;Alto Paraíso de Goiás;6885.0;6885.0;10306.0;3421.0
5334;GO;52.0;803.0;Alvorada do Norte;8084.0;8084.0;8446.0;362.0
5335;GO;52.0;829.0;Amaralina;3434.0;3432.0;3268.0;-166.0
5336;GO;52.0;852.0;Americano do Brasil;5508.0;5513.0;5259.0;-249.0
5337;GO;52.0;902.0;Amorinópolis;3609.0;3608.0;3007.0;-602.0
5338;GO;52.0;1108.0;Anápolis;334613.0;334623.0;398869.0;64256.0
5339;GO;52.0;1207.0;Anhanguera;1020.0;1020.0;924.0;-96.0
5340;GO;52.0;1306.0;Anicuns;20239.0;20242.0;18503.0;-1736.0
5341;GO;52.0;1405.0;Aparecida de Goiânia;455657.0;455735.0;527796.0;72139.0
5342;GO;52.0;1454.0;Aparecida do Rio Doce;2427.0;2427.0;2907.0;480.0
5343;GO;52.0;1504.0;Aporé;3803.0;3803.0;4325.0;522.0
5344;GO;52.0;1603.0;Araçu;3802.0;3802.0;3799.0;-3.0
5345;GO;52.0;1702.0;Aragarças;18305.0;18292.0;18390.0;85.0
5346;GO;52.0;1801.0;Aragoiânia;8365.0;8365.0;11890.0;3525.0
5347;GO;52.0;2155.0;Araguapaz;7510.0;7510.0;7153.0;-357.0
5348;GO;52.0;2353.0;Arenópolis;3277.0;3277.0;2946.0;-331.0
5349;GO;52.0;2502.0;Aruanã;7496.0;7496.0;8300.0;804.0
5350;GO;52.0;2601.0;Aurilândia;3650.0;3654.0;3284.0;-366.0
5351;GO;52.0;2809.0;Avelinópolis;2450.0;2450.0;2868.0;418.0
5352;GO;52.0;3104.0;Baliza;3714.0;3715.0;3351.0;-363.0
5353;GO;52.0;3203.0;Barro Alto;8716.0;8716.0;10371.0;1655.0
5354;GO;52.0;3302.0;Bela Vista de Goiás;24554.0;24613.0;34445.0;9891.0
5355;GO;52.0;3401.0;Bom Jardim de Goiás;8423.0;8435.0;7826.0;-597.0
5356;GO;52.0;3500.0;Bom Jesus de Goiás;20727.0;20727.0;23958.0;3231.0
5357;GO;52.0;3559.0;Bonfinópolis;7536.0;7531.0;10296.0;2760.0
5358;GO;52.0;3575.0;Bonópolis;3503.0;3503.0;3299.0;-204.0
5359;GO;52.0;3609.0;Brazabrantes;3232.0;3251.0;3992.0;760.0
5360;GO;52.0;3807.0;Britânia;5509.0;5509.0;5695.0;186.0
5361;GO;52.0;3906.0;Buriti Alegre;9054.0;9059.0;10495.0;1441.0
5362;GO;52.0;3939.0;Buriti de Goiás;2560.0;2560.0;2732.0;172.0
5363;GO;52.0;3962.0;Buritinópolis;3321.0;3319.0;3145.0;-176.0
5364;GO;52.0;4003.0;Cabeceiras;7354.0;7354.0;7560.0;206.0
5365;GO;52.0;4102.0;Cachoeira Alta;10553.0;10552.0;11513.0;960.0
5366;GO;52.0;4201.0;Cachoeira de Goiás;1417.0;1422.0;1405.0;-12.0
5367;GO;52.0;4250.0;Cachoeira Dourada;8254.0;8254.0;7782.0;-472.0
5368;GO;52.0;4300.0;Caçu;13283.0;13283.0;13774.0;491.0
5369;GO;52.0;4409.0;Caiapônia;16757.0;16762.0;16513.0;-244.0
5370;GO;52.0;4508.0;Caldas Novas;70473.0;70487.0;98622.0;28149.0
5371;GO;52.0;4557.0;Caldazinha;3325.0;3331.0;4507.0;1182.0
5372;GO;52.0;4607.0;Campestre de Goiás;3387.0;3382.0;3755.0;368.0
5373;GO;52.0;4656.0;Campinaçu;3656.0;3660.0;3708.0;52.0
5374;GO;52.0;4706.0;Campinorte;11111.0;11003.0;12510.0;1399.0
5375;GO;52.0;4805.0;Campo Alegre de Goiás;6060.0;6060.0;7422.0;1362.0
5376;GO;52.0;4854.0;Campo Limpo de Goiás;6241.0;6241.0;8081.0;1840.0
5377;GO;52.0;4904.0;Campos Belos;18410.0;18410.0;18108.0;-302.0
5378;GO;52.0;4953.0;Campos Verdes;5020.0;5020.0;4005.0;-1015.0
5379;GO;52.0;5000.0;Carmo do Rio Verde;8928.0;8938.0;9710.0;782.0
5380;GO;52.0;5059.0;Castelândia;3638.0;3638.0;2985.0;-653.0
5381;GO;52.0;5109.0;Catalão;86647.0;86644.0;114427.0;27780.0
5382;GO;52.0;5208.0;Caturaí;4686.0;4686.0;5184.0;498.0
5383;GO;52.0;5307.0;Cavalcante;9392.0;9392.0;9583.0;191.0
5384;GO;52.0;5406.0;Ceres;20722.0;20712.0;22046.0;1324.0
5385;GO;52.0;5455.0;Cezarina;7545.0;7542.0;8090.0;545.0
5386;GO;52.0;5471.0;Chapadão do Céu;7001.0;7001.0;12870.0;5869.0
5387;GO;52.0;5497.0;Cidade Ocidental;55915.0;55915.0;91767.0;35852.0
5388;GO;52.0;5513.0;Cocalzinho de Goiás;17407.0;17414.0;25016.0;7609.0
5389;GO;52.0;5521.0;Colinas do Sul;3523.0;3523.0;4030.0;507.0
5390;GO;52.0;5703.0;Córrego do Ouro;2632.0;2632.0;2454.0;-178.0
5391;GO;52.0;5802.0;Corumbá de Goiás;10361.0;10357.0;10562.0;201.0
5392;GO;52.0;5901.0;Corumbaíba;8181.0;8181.0;9164.0;983.0
5393;GO;52.0;6206.0;Cristalina;46580.0;46572.0;62337.0;15757.0
5394;GO;52.0;6305.0;Cristianópolis;2932.0;2932.0;3504.0;572.0
5395;GO;52.0;6404.0;Crixás;15760.0;15760.0;17065.0;1305.0
5396;GO;52.0;6503.0;Cromínia;3555.0;3555.0;3883.0;328.0
5397;GO;52.0;6602.0;Cumari;2964.0;2964.0;2927.0;-37.0
5398;GO;52.0;6701.0;Damianópolis;3292.0;3292.0;3770.0;478.0
5399;GO;52.0;6800.0;Damolândia;2747.0;2725.0;2724.0;-23.0
5400;GO;52.0;6909.0;Davinópolis;2056.0;2056.0;1902.0;-154.0
5401;GO;52.0;7105.0;Diorama;2479.0;2481.0;2062.0;-417.0
5402;GO;52.0;7253.0;Doverlândia;7892.0;7892.0;6956.0;-936.0
5403;GO;52.0;7352.0;Edealina;3733.0;3733.0;4001.0;268.0
5404;GO;52.0;7402.0;Edéia;11266.0;11266.0;11747.0;481.0
5405;GO;52.0;7501.0;Estrela do Norte;3320.0;3320.0;3205.0;-115.0
5406;GO;52.0;7535.0;Faina;6983.0;6983.0;7070.0;87.0
5407;GO;52.0;7600.0;Fazenda Nova;6322.0;6322.0;5877.0;-445.0
5408;GO;52.0;7808.0;Firminópolis;11580.0;11582.0;10419.0;-1161.0
5409;GO;52.0;7907.0;Flores de Goiás;12066.0;12048.0;13744.0;1678.0
5410;GO;52.0;8004.0;Formosa;100085.0;100085.0;115901.0;15816.0
5411;GO;52.0;8103.0;Formoso;4883.0;4883.0;4660.0;-223.0
5412;GO;52.0;8152.0;Gameleira de Goiás;3275.0;3143.0;3456.0;181.0
5413;GO;52.0;8301.0;Divinópolis de Goiás;4962.0;4909.0;4457.0;-505.0
5414;GO;52.0;8400.0;Goianápolis;10695.0;11104.0;13967.0;3272.0
5415;GO;52.0;8509.0;Goiandira;5265.0;5265.0;4973.0;-292.0
5416;GO;52.0;8608.0;Goianésia;59549.0;59549.0;73707.0;14158.0
5417;GO;52.0;8707.0;Goiânia;1302001.0;1301912.0;1437366.0;135365.0
5418;GO;52.0;8806.0;Goianira;34060.0;34058.0;71916.0;37856.0
5419;GO;52.0;8905.0;Goiás;24727.0;24727.0;24071.0;-656.0
5420;GO;52.0;9101.0;Goiatuba;32492.0;32493.0;35664.0;3172.0
5421;GO;52.0;9150.0;Gouvelândia;4949.0;4949.0;4390.0;-559.0
5422;GO;52.0;9200.0;Guapó;13976.0;13976.0;19545.0;5569.0
5423;GO;52.0;9291.0;Guaraíta;2376.0;2372.0;2188.0;-188.0
5424;GO;52.0;9408.0;Guarani de Goiás;4258.0;4258.0;4085.0;-173.0
5425;GO;52.0;9457.0;Guarinos;2299.0;2299.0;2161.0;-138.0
5426;GO;52.0;9606.0;Heitoraí;3571.0;3571.0;3354.0;-217.0
5427;GO;52.0;9705.0;Hidrolândia;17398.0;17398.0;27742.0;10344.0
5428;GO;52.0;9804.0;Hidrolina;4029.0;4025.0;3545.0;-484.0
5429;GO;52.0;9903.0;Iaciara;12427.0;12427.0;10584.0;-1843.0
5430;GO;52.0;9937.0;Inaciolândia;5699.0;5699.0;5954.0;255.0
5431;GO;52.0;9952.0;Indiara;13687.0;13690.0;17061.0;3374.0
5432;GO;52.0;10000.0;Inhumas;48246.0;48257.0;52204.0;3958.0
5433;GO;52.0;10109.0;Ipameri;24735.0;24740.0;25548.0;813.0
5434;GO;52.0;10158.0;Ipiranga de Goiás;2844.0;2843.0;2919.0;75.0
5435;GO;52.0;10208.0;Iporá;31274.0;31278.0;35684.0;4410.0
5436;GO;52.0;10307.0;Israelândia;2887.0;2887.0;2560.0;-327.0
5437;GO;52.0;10406.0;Itaberaí;35371.0;35374.0;44734.0;9363.0
5438;GO;52.0;10562.0;Itaguari;4513.0;4503.0;4963.0;450.0
5439;GO;52.0;10604.0;Itaguaru;5437.0;5446.0;4904.0;-533.0
5440;GO;52.0;10802.0;Itajá;5062.0;5062.0;4380.0;-682.0
5441;GO;52.0;10901.0;Itapaci;18458.0;18458.0;21087.0;2629.0
5442;GO;52.0;11008.0;Itapirapuã;7835.0;7835.0;8007.0;172.0
5443;GO;52.0;11206.0;Itapuranga;26125.0;26127.0;26113.0;-12.0
5444;GO;52.0;11305.0;Itarumã;6300.0;6300.0;6101.0;-199.0
5445;GO;52.0;11404.0;Itauçu;8575.0;8563.0;7736.0;-839.0
5446;GO;52.0;11503.0;Itumbiara;92883.0;92876.0;107970.0;15087.0
5447;GO;52.0;11602.0;Ivolândia;2663.0;2658.0;2693.0;30.0
5448;GO;52.0;11701.0;Jandaia;6164.0;6164.0;6272.0;108.0
5449;GO;52.0;11800.0;Jaraguá;41870.0;41883.0;45223.0;3353.0
5450;GO;52.0;11909.0;Jataí;88006.0;88006.0;105729.0;17723.0
5451;GO;52.0;12006.0;Jaupaci;3000.0;3000.0;2924.0;-76.0
5452;GO;52.0;12055.0;Jesúpolis;2300.0;2278.0;2123.0;-177.0
5453;GO;52.0;12105.0;Joviânia;7118.0;7118.0;7159.0;41.0
5454;GO;52.0;12204.0;Jussara;19153.0;19153.0;19620.0;467.0
5455;GO;52.0;12253.0;Lagoa Santa;1254.0;1254.0;1390.0;136.0
5456;GO;52.0;12303.0;Leopoldo de Bulhões;7882.0;7479.0;8745.0;863.0
5457;GO;52.0;12501.0;Luziânia;174531.0;174530.0;209129.0;34598.0
5458;GO;52.0;12600.0;Mairipotaba;2374.0;2374.0;2561.0;187.0
5459;GO;52.0;12709.0;Mambaí;6871.0;6867.0;8124.0;1253.0
5460;GO;52.0;12808.0;Mara Rosa;10649.0;10746.0;10700.0;51.0
5461;GO;52.0;12907.0;Marzagão;2072.0;2072.0;2758.0;686.0
5462;GO;52.0;12956.0;Matrinchã;4414.0;4414.0;4042.0;-372.0
5463;GO;52.0;13004.0;Maurilândia;11521.0;11521.0;10304.0;-1217.0
5464;GO;52.0;13053.0;Mimoso de Goiás;2685.0;2690.0;2614.0;-71.0
5465;GO;52.0;13087.0;Minaçu;31154.0;31150.0;27075.0;-4079.0
5466;GO;52.0;13103.0;Mineiros;52935.0;52935.0;70081.0;17146.0
5467;GO;52.0;13400.0;Moiporá;1763.0;1760.0;1685.0;-78.0
5468;GO;52.0;13509.0;Monte Alegre de Goiás;7730.0;7730.0;6692.0;-1038.0
5469;GO;52.0;13707.0;Montes Claros de Goiás;7987.0;7985.0;8756.0;769.0
5470;GO;52.0;13756.0;Montividiu;10572.0;10567.0;12521.0;1949.0
5471;GO;52.0;13772.0;Montividiu do Norte;4122.0;4122.0;3779.0;-343.0
5472;GO;52.0;13806.0;Morrinhos;41460.0;41465.0;51351.0;9891.0
5473;GO;52.0;13855.0;Morro Agudo de Goiás;2356.0;2356.0;2456.0;100.0
5474;GO;52.0;13905.0;Mossâmedes;5007.0;5003.0;4654.0;-353.0
5475;GO;52.0;14002.0;Mozarlândia;13404.0;13404.0;14750.0;1346.0
5476;GO;52.0;14051.0;Mundo Novo;6438.0;6435.0;6189.0;-249.0
5477;GO;52.0;14101.0;Mutunópolis;3849.0;3849.0;3564.0;-285.0
5478;GO;52.0;14408.0;Nazário;7874.0;7874.0;8189.0;315.0
5479;GO;52.0;14507.0;Nerópolis;24210.0;24213.0;31932.0;7722.0
5480;GO;52.0;14606.0;Niquelândia;42361.0;42361.0;34964.0;-7397.0
5481;GO;52.0;14705.0;Nova América;2259.0;2259.0;2337.0;78.0
5482;GO;52.0;14804.0;Nova Aurora;2062.0;2064.0;2101.0;39.0
5483;GO;52.0;14838.0;Nova Crixás;11927.0;11927.0;12815.0;888.0
5484;GO;52.0;14861.0;Nova Glória;8508.0;8509.0;8310.0;-198.0
5485;GO;52.0;14879.0;Nova Iguaçu de Goiás;2826.0;2826.0;3010.0;184.0
5486;GO;52.0;14903.0;Nova Roma;3471.0;3471.0;3076.0;-395.0
5487;GO;52.0;15009.0;Nova Veneza;8129.0;8145.0;9481.0;1352.0
5488;GO;52.0;15207.0;Novo Brasil;3519.0;3519.0;3527.0;8.0
5489;GO;52.0;15231.0;Novo Gama;95018.0;94996.0;103804.0;8786.0
5490;GO;52.0;15256.0;Novo Planalto;3956.0;3956.0;3716.0;-240.0
5491;GO;52.0;15306.0;Orizona;14300.0;14300.0;16399.0;2099.0
5492;GO;52.0;15405.0;Ouro Verde de Goiás;4034.0;4025.0;4057.0;23.0
5493;GO;52.0;15504.0;Ouvidor;5467.0;5467.0;7200.0;1733.0
5494;GO;52.0;15603.0;Padre Bernardo;27671.0;27661.0;34967.0;7296.0
5495;GO;52.0;15652.0;Palestina de Goiás;3371.0;3371.0;3132.0;-239.0
5496;GO;52.0;15702.0;Palmeiras de Goiás;23338.0;23339.0;31858.0;8520.0
5497;GO;52.0;15801.0;Palmelo;2335.0;2335.0;2259.0;-76.0
5498;GO;52.0;15900.0;Palminópolis;3557.0;3556.0;3851.0;294.0
5499;GO;52.0;16007.0;Panamá;2682.0;2681.0;2455.0;-227.0
5500;GO;52.0;16304.0;Paranaiguara;9100.0;9100.0;7607.0;-1493.0
5501;GO;52.0;16403.0;Paraúna;10863.0;10876.0;10659.0;-204.0
5502;GO;52.0;16452.0;Perolândia;2950.0;2950.0;2964.0;14.0
5503;GO;52.0;16809.0;Petrolina de Goiás;10283.0;10281.0;9573.0;-710.0
5504;GO;52.0;16908.0;Pilar de Goiás;2773.0;2773.0;2328.0;-445.0
5505;GO;52.0;17104.0;Piracanjuba;24026.0;23834.0;24883.0;857.0
5506;GO;52.0;17203.0;Piranhas;11266.0;11266.0;11712.0;446.0
5507;GO;52.0;17302.0;Pirenópolis;23006.0;23008.0;26690.0;3684.0
5508;GO;52.0;17401.0;Pires do Rio;28762.0;28761.0;32373.0;3611.0
5509;GO;52.0;17609.0;Planaltina;81649.0;81559.0;105031.0;23382.0
5510;GO;52.0;17708.0;Pontalina;17121.0;17121.0;18309.0;1188.0
5511;GO;52.0;18003.0;Porangatu;42355.0;42355.0;44317.0;1962.0
5512;GO;52.0;18052.0;Porteirão;3347.0;3347.0;4070.0;723.0
5513;GO;52.0;18102.0;Portelândia;3839.0;3839.0;3280.0;-559.0
5514;GO;52.0;18300.0;Posse;31419.0;31432.0;34914.0;3495.0
5515;GO;52.0;18391.0;Professor Jamil;3239.0;3375.0;3649.0;410.0
5516;GO;52.0;18508.0;Quirinópolis;43220.0;43221.0;48447.0;5227.0
5517;GO;52.0;18607.0;Rialma;10523.0;10523.0;12165.0;1642.0
5518;GO;52.0;18706.0;Rianápolis;4566.0;4566.0;3980.0;-586.0
5519;GO;52.0;18789.0;Rio Quente;3312.0;3298.0;3864.0;552.0
5520;GO;52.0;18805.0;Rio Verde;176424.0;176424.0;225696.0;49272.0
5521;GO;52.0;18904.0;Rubiataba;18915.0;18915.0;19788.0;873.0
5522;GO;52.0;19001.0;Sanclerlândia;7550.0;7554.0;7918.0;368.0
5523;GO;52.0;19100.0;Santa Bárbara de Goiás;5751.0;5746.0;6149.0;398.0
5524;GO;52.0;19209.0;Santa Cruz de Goiás;3142.0;3140.0;3002.0;-140.0
5525;GO;52.0;19258.0;Santa Fé de Goiás;4762.0;4762.0;4951.0;189.0
5526;GO;52.0;19308.0;Santa Helena de Goiás;36469.0;36467.0;38492.0;2023.0
5527;GO;52.0;19357.0;Santa Isabel;3686.0;3686.0;3538.0;-148.0
5528;GO;52.0;19407.0;Santa Rita do Araguaia;6924.0;6924.0;5924.0;-1000.0
5529;GO;52.0;19456.0;Santa Rita do Novo Destino;3173.0;3173.0;2689.0;-484.0
5530;GO;52.0;19506.0;Santa Rosa de Goiás;2909.0;2922.0;2820.0;-89.0
5531;GO;52.0;19605.0;Santa Tereza de Goiás;3995.0;3995.0;3293.0;-702.0
5532;GO;52.0;19704.0;Santa Terezinha de Goiás;10302.0;10306.0;10645.0;343.0
5533;GO;52.0;19712.0;Santo Antônio da Barra;4423.0;4423.0;4267.0;-156.0
5534;GO;52.0;19738.0;Santo Antônio de Goiás;4703.0;4703.0;7386.0;2683.0
5535;GO;52.0;19753.0;Santo Antônio do Descoberto;63248.0;63233.0;72127.0;8879.0
5536;GO;52.0;19803.0;São Domingos;11272.0;11325.0;9711.0;-1561.0
5537;GO;52.0;19902.0;São Francisco de Goiás;6120.0;6114.0;6378.0;258.0
5538;GO;52.0;20009.0;São João d'Aliança;10257.0;10257.0;14041.0;3784.0
5539;GO;52.0;20058.0;São João da Paraúna;1689.0;1688.0;1774.0;85.0
5540;GO;52.0;20108.0;São Luís de Montes Belos;30034.0;30033.0;33852.0;3818.0
5541;GO;52.0;20157.0;São Luiz do Norte;4617.0;4617.0;4837.0;220.0
5542;GO;52.0;20207.0;São Miguel do Araguaia;22283.0;22283.0;21900.0;-383.0
5543;GO;52.0;20264.0;São Miguel do Passa Quatro;3757.0;3757.0;4464.0;707.0
5544;GO;52.0;20280.0;São Patrício;1991.0;1993.0;2143.0;152.0
5545;GO;52.0;20405.0;São Simão;17088.0;17088.0;17020.0;-68.0
5546;GO;52.0;20454.0;Senador Canedo;84443.0;84433.0;155635.0;71192.0
5547;GO;52.0;20504.0;Serranópolis;7481.0;7481.0;8027.0;546.0
5548;GO;52.0;20603.0;Silvânia;19089.0;19210.0;22245.0;3156.0
5549;GO;52.0;20686.0;Simolândia;6514.0;6507.0;5742.0;-772.0
5550;GO;52.0;20702.0;Sítio d'Abadia;2825.0;2843.0;2927.0;102.0
5551;GO;52.0;21007.0;Taquaral de Goiás;3541.0;3534.0;4026.0;485.0
5552;GO;52.0;21080.0;Teresina de Goiás;3016.0;3016.0;2701.0;-315.0
5553;GO;52.0;21197.0;Terezópolis de Goiás;6561.0;6561.0;7944.0;1383.0
5554;GO;52.0;21304.0;Três Ranchos;2819.0;2822.0;2921.0;102.0
5555;GO;52.0;21403.0;Trindade;104488.0;104496.0;142431.0;37943.0
5556;GO;52.0;21452.0;Trombas;3452.0;3452.0;3120.0;-332.0
5557;GO;52.0;21502.0;Turvânia;4839.0;4835.0;4480.0;-359.0
5558;GO;52.0;21551.0;Turvelândia;4399.0;4399.0;4985.0;586.0
5559;GO;52.0;21577.0;Uirapuru;2933.0;2936.0;2798.0;-135.0
5560;GO;52.0;21601.0;Uruaçu;36929.0;36937.0;42546.0;5617.0
5561;GO;52.0;21700.0;Uruana;13826.0;13826.0;13729.0;-97.0
5562;GO;52.0;21809.0;Urutaí;3074.0;3070.0;3553.0;479.0
5563;GO;52.0;21858.0;Valparaíso de Goiás;132982.0;131105.0;198861.0;65879.0
5564;GO;52.0;21908.0;Varjão;3659.0;3659.0;3716.0;57.0
5565;GO;52.0;22005.0;Vianópolis;12548.0;12548.0;14956.0;2408.0
5566;GO;52.0;22054.0;Vicentinópolis;7371.0;7373.0;8768.0;1397.0
5567;GO;52.0;22203.0;Vila Boa;4735.0;4735.0;4215.0;-520.0
5568;GO;52.0;22302.0;Vila Propício;5145.0;5145.0;5815.0;670.0
5569;DF;53.0;108.0;Brasília;2570160.0;2572159.0;2817381.0;247221.0
